{"skeleton":{"hash":"DQNHM1lzuf7JpGMUNpGy8fNfhWI","spine":"3.8.95","x":-76,"y":-76,"width":152,"height":152,"images":"./images/","audio":"E:/svn/ArtPuzzle/6_动特/UI/图包入口动画/图包入口动画2"},"bones":[{"name":"root"},{"name":"all","parent":"root"},{"name":"all2","parent":"all","x":1.85,"y":32.39},{"name":"girl","parent":"all2","x":-20.33,"y":-43.72},{"name":"boy","parent":"all2","x":20.09,"y":-34.16},{"name":"petal1","parent":"all","x":21.22,"y":63.8},{"name":"petal2","parent":"all","x":34.43,"y":31.11},{"name":"petal3","parent":"all","x":6.09,"y":2.15},{"name":"petal4","parent":"all","x":-14.37,"y":18.6},{"name":"girl2","parent":"girl","length":31.9,"rotation":84.44,"x":-0.12,"y":4.95},{"name":"boy2","parent":"boy","length":28.68,"rotation":92.69,"x":-2.46,"y":2.93},{"name":"boy3","parent":"boy2","length":31.89,"rotation":17.74,"x":28.45,"y":0.26},{"name":"girl3","parent":"girl2","length":25.92,"rotation":-4.86,"x":29.12,"y":-0.86},{"name":"xin","parent":"all","x":-0.66,"y":43.78}],"slots":[{"name":"circle_bg","bone":"all","attachment":"circle_bg"},{"name":"boy","bone":"boy","attachment":"boy"},{"name":"girl","bone":"girl","attachment":"girl"},{"name":"countdown_bg","bone":"all","attachment":"countdown_bg"},{"name":"petal2","bone":"petal2","attachment":"petal2"},{"name":"petal1","bone":"petal1","attachment":"petal1"},{"name":"petal3","bone":"petal3","attachment":"petal3"},{"name":"petal4","bone":"petal4","attachment":"petal4"},{"name":"xin","bone":"xin","attachment":"xin"}],"skins":[{"name":"default","attachments":{"boy":{"boy":{"type":"mesh","uvs":[1,1,0.5,1,0,1,0,0.75,0,0.5,0,0.25,0,0,0.5,0,1,0,1,0.25,1,0.5,1,0.75,0.5,0.75,0.5,0.5,0.5,0.25],"triangles":[13,4,14,4,5,14,9,14,8,14,5,7,5,6,7,14,7,8,13,14,9,10,13,9,12,3,13,2,3,12,1,2,12,11,12,10,1,12,11,0,1,11,3,4,13,12,13,10],"vertices":[1,4,41.03,-47.57,1,1,4,5.03,-47.57,1,1,4,-30.97,-47.57,1,1,4,-30.97,-18.07,1,3,4,-30.97,11.43,0.464,10,9.83,28.08,0.232,11,-9.26,32.17,0.304,3,4,-30.97,40.93,0.1843,10,39.3,26.69,0.09215,11,18.39,21.87,0.72356,1,11,46.03,11.57,1,1,11,33.46,-22.16,1,3,4,41.03,70.43,0.07407,10,65.38,-46.62,0.03704,11,20.9,-55.9,0.88889,3,4,41.03,40.93,0.2963,10,35.91,-45.23,0.14815,11,-6.75,-45.6,0.55556,3,4,41.03,11.43,0.464,10,6.45,-43.84,0.232,11,-34.39,-35.3,0.304,1,4,41.03,-18.07,1,1,4,5.03,-18.07,1,3,4,5.03,11.43,0.38483,10,8.14,-7.88,0.31118,11,-21.82,-1.57,0.304,3,4,5.03,40.93,0.089,10,37.61,-9.27,0.10844,11,5.82,-11.86,0.80256],"hull":12,"edges":[0,2,2,4,4,6,6,8,8,10,10,12,12,14,14,16,16,18,18,20,20,22,22,0],"width":72,"height":118}},"circle_bg":{"circle_bg":{"width":152,"height":152}},"countdown_bg":{"countdown_bg":{"x":-1.1,"y":-38.22,"width":126,"height":50}},"girl":{"girl":{"type":"mesh","uvs":[0.54622,0.2097,0.53806,0.3562,0.52664,0.52126,0.49237,0.66962,0.46021,0.85968,0.30526,0.85968,0.17576,0.86435,0.08273,0.62697,0.04846,0.46006,0.11864,0.29315,0.24267,0.13922,0.27041,0,0.47768,0],"triangles":[10,11,12,0,10,12,1,10,0,9,10,1,2,9,1,8,9,2,7,8,2,3,7,2,5,7,3,4,5,3,6,7,5],"vertices":[3,3,26.02,45.03,0.02464,9,42.42,-22.14,0.24636,12,15.05,-20.07,0.729,3,3,25,28.91,0.01918,9,26.28,-22.68,0.21876,12,-0.98,-21.99,0.76206,3,3,23.57,10.76,0.2912,9,8.07,-23.02,0.4368,12,-19.1,-23.87,0.272,1,3,19.29,-5.56,1,1,3,15.27,-26.47,1,1,3,-4.1,-26.47,1,1,3,-20.29,-26.98,1,1,3,-31.91,-0.87,1,3,3,-36.2,17.49,0.3552,9,8.98,37.12,0.5328,12,-23.29,36.14,0.112,3,3,-27.43,35.85,0.072,9,28.11,30.17,0.72,12,-3.64,30.83,0.208,3,3,-11.92,52.78,0.00355,9,46.46,16.38,0.03545,12,15.81,18.65,0.961,3,3,-8.45,68.09,0.00467,9,62.04,14.41,0.04667,12,31.5,18,0.94867,3,3,17.45,68.09,0.00758,9,64.55,-11.38,0.07576,12,36.19,-7.48,0.91667],"hull":13,"edges":[8,6,6,4,4,2,2,0,0,24,22,24,22,20,20,18,18,16,16,14,14,12,8,10,12,10,14,6,16,4,18,2,20,0],"width":125,"height":110}},"petal1":{"petal1":{"x":-1.24,"y":1.08,"width":12,"height":14}},"petal2":{"petal2":{"x":-0.94,"y":0.24,"width":16,"height":12}},"petal3":{"petal3":{"x":0.4,"y":1.08,"width":11,"height":9}},"petal4":{"petal4":{"x":-0.42,"y":-0.89,"width":12,"height":10}},"xin":{"xin":{"x":-1.74,"y":1.14,"width":16,"height":16}}}}],"animations":{"animation4":{"slots":{"petal1":{"color":[{"color":"ffffff00","curve":"stepped"},{"time":0.1667,"color":"ffffff00"},{"time":0.3333,"color":"ffffffff","curve":"stepped"},{"time":0.8,"color":"ffffffff"},{"time":1,"color":"ffffff00"}]},"petal2":{"color":[{"color":"ffffff00"},{"time":0.1667,"color":"ffffffff","curve":"stepped"},{"time":0.5,"color":"ffffffff"},{"time":0.7,"color":"ffffff00"}]},"petal3":{"color":[{"time":0.2,"color":"ffffffff"},{"time":0.4,"color":"ffffff00","curve":"stepped"},{"time":0.4333,"color":"ffffff00"},{"time":0.6667,"color":"ffffffff","curve":"stepped"},{"time":1.0667,"color":"ffffffff"},{"time":1.2667,"color":"ffffff00"}]},"petal4":{"color":[{"color":"ffffff00","curve":"stepped"},{"time":0.3667,"color":"ffffff00"},{"time":0.5667,"color":"ffffffff","curve":"stepped"},{"time":0.8,"color":"ffffffff"},{"time":1,"color":"ffffff00"}]},"xin":{"color":[{"time":0.8667,"color":"ffffffff","curve":0.25,"c3":0.75},{"time":1.2333,"color":"ffffff00"}],"attachment":[{"name":null},{"time":0.3667,"name":"xin"}]}},"bones":{"all2":{"scale":[{"time":0.1667,"curve":0,"c3":0.75},{"time":0.4667,"x":1.2,"y":1.2,"curve":"stepped"},{"time":0.8667,"x":1.2,"y":1.2,"curve":0.348,"c3":0.75},{"time":1.2667}]},"petal2":{"rotate":[{},{"time":0.7,"angle":-113.03}],"translate":[{"x":5.87,"y":24.45},{"time":0.7,"x":-77.26,"y":-46.94}],"scale":[{"x":1.202,"y":1.202},{"time":0.7,"x":0.637,"y":0.637}]},"petal1":{"rotate":[{"angle":-37.86,"curve":"stepped"},{"time":0.1667,"angle":-37.86},{"time":1,"angle":15.86}],"translate":[{"x":-5.87,"y":15.97},{"time":0.1667,"x":16.1,"y":7.61},{"time":1,"x":-70.97,"y":-71.26}],"scale":[{"x":1.202,"y":1.202,"curve":"stepped"},{"time":0.1667,"x":1.202,"y":1.202},{"time":1,"x":0.637,"y":0.637}]},"petal3":{"rotate":[{},{"time":0.4,"angle":-82.55},{"time":0.4333,"angle":62.33},{"time":0.8667},{"time":1.2667,"angle":-82.55}],"translate":[{},{"time":0.4,"x":-58.35,"y":-31.51},{"time":0.4333,"x":56.02,"y":33.06},{"time":0.8667},{"time":1.2667,"x":-58.35,"y":-31.51}]},"petal4":{"rotate":[{"time":0.3667},{"time":1,"angle":-47.89}],"translate":[{"x":78.74,"y":-3.8,"curve":"stepped"},{"time":0.3667,"x":78.74,"y":-3.8},{"time":1,"x":-17.02,"y":-45.43}]},"girl2":{"rotate":[{"time":0.1667},{"time":0.4,"angle":-3.28,"curve":"stepped"},{"time":0.9333,"angle":-3.28},{"time":1.2667}]},"boy2":{"rotate":[{"time":0.1667},{"time":0.4,"angle":2.82,"curve":"stepped"},{"time":0.9333,"angle":2.82},{"time":1.2667}]},"boy":{"rotate":[{"time":0.1667},{"time":0.4,"angle":1.5,"curve":"stepped"},{"time":0.9333,"angle":1.5},{"time":1.2667}],"translate":[{"time":0.1667},{"time":0.4,"x":-0.81,"y":1.21,"curve":"stepped"},{"time":0.9333,"x":-0.81,"y":1.21},{"time":1.2667}]},"girl":{"rotate":[{"time":0.1667},{"time":0.4,"angle":4.82,"curve":"stepped"},{"time":0.9333,"angle":4.82},{"time":1.2667}],"translate":[{"time":0.1667},{"time":0.4,"x":2.42,"y":-1.21,"curve":"stepped"},{"time":0.9333,"x":2.42,"y":-1.21},{"time":1.2667}]},"girl3":{"rotate":[{"time":0.1667},{"time":0.4,"angle":13.01,"curve":"stepped"},{"time":0.9333,"angle":13.01},{"time":1.2667}],"translate":[{"time":0.1667},{"time":0.4,"x":0.77,"y":-0.84,"curve":"stepped"},{"time":0.9333,"x":0.77,"y":-0.84},{"time":1.2667}]},"boy3":{"rotate":[{"time":0.1667},{"time":0.4,"angle":11.96,"curve":"stepped"},{"time":0.9333,"angle":11.96},{"time":1.2667}],"translate":[{"time":0.1667},{"time":0.4,"x":-2.62,"y":-0.7,"curve":"stepped"},{"time":0.9333,"x":-2.62,"y":-0.7},{"time":1.2667}]},"xin":{"rotate":[{"angle":10.75}],"translate":[{"x":-24.22,"y":28.86}],"scale":[{"x":0.505,"y":0.505},{"time":0.3667,"x":0.251,"y":0.251,"curve":0.25,"c3":0.75},{"time":0.5,"x":1.141,"y":1.141},{"time":0.6667,"x":0.874,"y":0.874}]},"all":{"rotate":[{"time":2.3333}]}}},"animation5":{"slots":{"petal1":{"color":[{"color":"ffffff00"}]},"petal2":{"color":[{"color":"ffffff00"}]},"petal4":{"color":[{"color":"ffffff00"}]},"xin":{"attachment":[{"name":null}]}},"bones":{"petal2":{"translate":[{"x":5.87,"y":24.45}],"scale":[{"x":1.202,"y":1.202}]},"petal1":{"rotate":[{"angle":-37.86}],"translate":[{"x":-5.87,"y":15.97}],"scale":[{"x":1.202,"y":1.202}]},"petal4":{"translate":[{"x":78.74,"y":-3.8}]},"xin":{"translate":[{"x":-18.26,"y":30.01}],"scale":[{"x":0.505,"y":0.505}]}}}}}