{"skeleton":{"hash":"QIQVLuK86PRQmuj5Ll3qA/8hPIs","spine":"3.8.95","x":-340,"y":-458,"width":680,"height":916,"images":"./new1_108_14/","audio":"G:/Art Puzzle/388_安妮108/new1_108_14"},"bones":[{"name":"root"},{"name":"all","parent":"root"},{"name":"bone20","parent":"all","length":32.83,"rotation":76.5,"x":-280.89,"y":321.97},{"name":"bone21","parent":"bone20","length":3.54,"rotation":25.48,"x":32.64,"y":10.21},{"name":"bone22","parent":"bone21","length":6.86,"rotation":-0.49,"x":3.54},{"name":"bone23","parent":"bone22","length":5.6,"rotation":-5.02,"x":6.86},{"name":"bone24","parent":"bone20","length":4.18,"rotation":-25.38,"x":32.67,"y":-9.22},{"name":"bone25","parent":"bone24","length":7.52,"rotation":-10.08,"x":4.18},{"name":"bone26","parent":"bone25","length":7.6,"rotation":16.37,"x":7.52},{"name":"deng","parent":"all","x":-177.78,"y":57.37},{"name":"gg","parent":"all","x":-47.81,"y":57.76},{"name":"gg1","parent":"all","x":-304,"y":53.85},{"name":"bone27","parent":"all","length":51.26,"rotation":180,"x":-103.59,"y":29.98},{"name":"bone28","parent":"all","length":71.56,"rotation":0.29,"x":-254.18,"y":22.86},{"name":"bone","parent":"all","length":225.52,"rotation":92.96,"x":190.81,"y":-458.63},{"name":"bone2","parent":"bone","length":176.8,"rotation":3.6,"x":225.52},{"name":"bone3","parent":"bone2","length":53.14,"rotation":1.38,"x":176.8},{"name":"bone4","parent":"bone2","length":80.28,"rotation":-173.68,"x":177.37,"y":-54.87},{"name":"bone5","parent":"bone4","length":92.71,"rotation":-23.55,"x":74.44,"y":-3.65},{"name":"bone6","parent":"bone5","length":50.74,"rotation":-70.13,"x":92.71},{"name":"bone7","parent":"bone6","length":53.26,"rotation":-15.37,"x":50.74},{"name":"bone8","parent":"bone7","length":29.69,"rotation":-17.51,"x":53.26},{"name":"bone9","parent":"bone8","length":20.25,"rotation":-19.41,"x":29.69},{"name":"bone10","parent":"bone9","length":15.27,"rotation":-32.44,"x":20.25},{"name":"bone11","parent":"bone6","length":129.34,"rotation":-60.42,"x":43.65,"y":-54.22},{"name":"bone15","parent":"bone2","length":46.45,"rotation":33.75,"x":88.91,"y":106.71},{"name":"bone12","parent":"bone15","length":27.26,"rotation":-124.91,"x":60.97,"y":-3.08},{"name":"bone13","parent":"bone12","length":29.28,"rotation":-10.69,"x":27.26},{"name":"bone14","parent":"bone13","length":27.2,"rotation":-16.56,"x":29.28},{"name":"bone16","parent":"bone3","length":122.45,"rotation":11.67,"x":27.6,"y":2.33},{"name":"bone17","parent":"bone16","length":26.84,"rotation":-104.94,"x":133.67,"y":-8.35},{"name":"bone18","parent":"bone17","length":22.55,"rotation":-31.03,"x":26.84},{"name":"bone45","parent":"bone16","length":19.53,"rotation":150.93,"x":-0.41,"y":-39.06},{"name":"bone46","parent":"bone45","length":28.75,"rotation":0.57,"x":19.53},{"name":"bone47","parent":"bone46","length":28.16,"rotation":9.9,"x":28.75},{"name":"bone48","parent":"bone47","length":21.92,"rotation":-5.21,"x":28.16},{"name":"bone49","parent":"bone48","length":28.17,"rotation":2.7,"x":22.05,"y":-0.11},{"name":"bone54","parent":"bone","length":27.36,"rotation":179.28,"x":224.81,"y":5.88},{"name":"bone55","parent":"all","length":40.02,"rotation":8.34,"x":48.65,"y":-128.12},{"name":"bone19","parent":"bone16","rotation":-109.61,"x":55.02,"y":22.99,"color":"005cffff"},{"name":"bone29","parent":"bone19","rotation":13.09,"x":-19.75,"y":-5.8,"color":"005cffff"},{"name":"bone30","parent":"bone19","rotation":13.09,"x":21.72,"y":6.27,"color":"005cffff"}],"slots":[{"name":"ditu","bone":"all","attachment":"ditu"},{"name":"shu1","bone":"all","attachment":"shu1"},{"name":"shu2","bone":"all","attachment":"shu2"},{"name":"shu3","bone":"all","attachment":"shu3"},{"name":"lu","bone":"all","attachment":"lu"},{"name":"lou","bone":"all","attachment":"lou"},{"name":"taijie","bone":"all","attachment":"taijie"},{"name":"menkuang","bone":"all"},{"name":"fangdi","bone":"all","attachment":"fangdi"},{"name":"men1","bone":"bone27","attachment":"men1"},{"name":"men2","bone":"bone28","attachment":"men2"},{"name":"menkuang1","bone":"all","attachment":"menkuang1"},{"name":"menxue","bone":"all","attachment":"menxue"},{"name":"deng","bone":"all","attachment":"deng"},{"name":"tuceng1","bone":"all","attachment":"tuceng1"},{"name":"chuanghu1","bone":"all","attachment":"chuanghu1"},{"name":"chuanghu2","bone":"all","attachment":"chuanghu2"},{"name":"chuangkuang3","bone":"all","attachment":"chuangkuang3"},{"name":"maomao","bone":"bone20","attachment":"maomao"},{"name":"chuangkuang","bone":"all","attachment":"chuangkuang"},{"name":"langan","bone":"all","attachment":"langan"},{"name":"tuceng2","bone":"all","attachment":"tuceng2"},{"name":"renwu","bone":"all"},{"name":"shentis","bone":"bone3","attachment":"shentis"},{"name":"xiuyin","bone":"bone4","attachment":"xiuyin"},{"name":"yingyingzi","bone":"bone54","attachment":"yingyingzi"},{"name":"youguanjie","bone":"bone15","attachment":"youguanjie"},{"name":"bianzi","bone":"bone45","attachment":"bianzi"},{"name":"yinger","bone":"bone11","attachment":"yinger"},{"name":"shouxiayinying","bone":"bone55","attachment":"shouxiayinying"},{"name":"youshous","bone":"bone14","attachment":"youshous"},{"name":"zuobiz","bone":"bone5","attachment":"zuobiz"},{"name":"zuoxiuzi","bone":"bone4","attachment":"zuoxiuzi"},{"name":"tout","bone":"bone16","attachment":"tout"},{"name":"dengg","bone":"deng"},{"name":"dengg1","bone":"deng"},{"name":"gglow","bone":"gg","blend":"additive"},{"name":"gglow2","bone":"gg1","blend":"additive"},{"name":"yanjing","bone":"bone29","attachment":"yanjing"},{"name":"yanjing2","bone":"bone30","attachment":"yanjing"}],"skins":[{"name":"default","attachments":{"bianzi":{"bianzi":{"type":"mesh","uvs":[1,0,0.88432,0,0.78561,0.03185,0.72553,0.06572,0.70264,0.10513,0.64685,0.06572,0.51524,0.04429,0.44514,0.07402,0.39078,0.12241,0.36503,0.18324,0.36646,0.23232,0.41788,0.26156,0.455,0.27352,0.41675,0.3056,0.3965,0.34582,0.41085,0.38259,0.43669,0.42245,0.47252,0.45185,0.51419,0.46393,0.45925,0.51209,0.42523,0.55397,0.3978,0.59268,0.37696,0.63509,0.34771,0.68247,0.31883,0.72743,0.31348,0.78014,0.31208,0.8393,0.34164,0.88061,0.39547,0.92091,0.4778,0.94335,0.55275,0.95253,0.55803,0.98059,0.60553,1,0.70264,1,0.71741,0.97141,0.7628,0.93519,0.82825,0.91326,0.89475,0.88827,0.94205,0.85617,0.98024,0.82184,0.9917,0.78124,0.98788,0.74433,0.96946,0.70291,0.93871,0.66014,0.90421,0.63478,0.87721,0.59962,0.84346,0.55714,0.82285,0.52335,0.81769,0.48814,0.8086,0.46001,0.79261,0.43832,0.76994,0.42801,0.78638,0.40481,0.81606,0.38417,0.84103,0.36274,0.85739,0.34339,0.88193,0.32092,0.89571,0.29741,0.90976,0.27169,0.91768,0.2427,0.91934,0.21431,0.93017,0.18694,0.96072,0.16748,0.96697,0.1403,1,0.12486,1,0.09895,1,0.06051,1,0.02347,0.70254,0.17986,0.69945,0.2335,0.69637,0.27969,0.6902,0.32885,0.67479,0.39143,0.67479,0.45252,0.67479,0.49424,0.68404,0.55532,0.69329,0.61492,0.70254,0.67154,0.70254,0.73263,0.69637,0.79371,0.65937,0.86821,0.63828,0.92725,0.62456,0.96041],"triangles":[34,33,82,33,32,82,32,31,82,31,30,82,82,81,34,34,81,35,82,30,81,30,29,81,81,29,80,36,35,80,35,81,80,80,29,28,28,27,80,36,80,37,38,37,79,27,26,80,26,25,80,80,25,78,78,25,24,78,24,23,78,23,22,37,80,79,79,80,78,38,79,39,39,79,40,40,78,41,40,79,78,78,42,41,78,43,42,43,78,77,78,22,21,76,20,75,21,20,78,20,77,78,43,77,44,20,76,77,20,19,75,44,76,45,44,77,76,76,46,45,76,75,46,75,47,46,19,74,75,19,18,74,47,75,74,47,74,48,49,74,73,49,73,50,50,73,51,49,48,74,74,18,73,73,18,72,73,72,51,16,72,18,18,17,16,51,72,52,16,15,72,52,72,53,72,15,71,72,71,53,71,15,14,13,71,14,71,13,12,53,71,54,54,71,55,55,71,56,71,70,56,71,12,70,56,70,57,57,70,58,70,69,58,70,12,69,12,11,68,69,12,68,68,8,7,58,69,59,68,11,9,8,68,9,59,69,60,69,68,60,11,10,9,60,68,61,4,61,68,5,7,6,7,4,68,62,61,63,4,63,61,4,7,5,64,63,65,3,65,63,3,63,4,3,2,65,65,2,66,2,1,66,1,67,66,1,0,67],"vertices":[1,32,-5.91,16.9,1,1,32,-4.54,8.69,1,1,32,1.31,2.46,1,1,32,7,-0.98,1,1,32,13.06,-1.64,1,2,32,7.93,-6.57,0.95954,33,-11.67,-6.45,0.04046,2,32,6.34,-16.44,0.84446,33,-13.36,-16.31,0.15554,2,32,11.54,-20.69,0.71481,33,-8.2,-20.61,0.28519,2,32,19.29,-23.36,0.46267,33,-0.47,-23.36,0.53733,2,32,28.54,-23.7,0.20615,33,8.77,-23.79,0.79385,3,32,35.73,-22.4,0.09636,33,15.98,-22.56,0.89806,34,-16.46,-20.03,0.00557,3,32,39.42,-18.03,0.04793,33,19.71,-18.23,0.91311,34,-12.04,-16.4,0.03897,3,32,40.74,-15.1,0.01865,33,21.06,-15.31,0.86375,34,-10.21,-13.76,0.11759,3,32,45.91,-17.03,0.00114,33,26.21,-17.29,0.62836,34,-5.48,-16.6,0.3705,2,33,32.35,-17.81,0.38621,34,0.49,-18.16,0.61379,2,33,37.6,-15.94,0.19745,34,5.98,-17.22,0.80255,2,33,43.19,-13.18,0.05449,34,11.95,-15.47,0.94551,3,33,47.11,-9.96,0.00957,34,16.38,-12.96,0.97777,35,-10.56,-13.98,0.01267,3,33,48.43,-6.71,6.8E-4,34,18.23,-10,0.93313,35,-8.98,-10.86,0.06619,3,34,25.34,-14.08,0.4904,35,-1.54,-14.28,0.50949,36,-24.23,-13.04,1.1E-4,3,34,31.53,-16.64,0.1828,35,4.87,-16.26,0.79986,36,-17.92,-15.32,0.01734,3,34,37.26,-18.71,0.04878,35,10.76,-17.81,0.85342,36,-12.11,-17.14,0.0978,3,34,43.56,-20.32,0.00475,35,17.18,-18.84,0.69075,36,-5.75,-18.48,0.30451,2,35,24.37,-20.42,0.37562,36,1.36,-20.4,0.62438,2,35,31.2,-22.01,0.16262,36,8.11,-22.3,0.83738,2,35,39.06,-21.81,0.04387,36,15.97,-22.48,0.95613,2,35,47.86,-21.27,0.00277,36,24.79,-22.35,0.99722,1,36,30.89,-20.06,1,1,36,36.79,-16.03,1,1,36,39.97,-10.01,1,1,36,41.2,-4.58,1,1,36,45.37,-4.09,1,1,36,48.17,-0.6,1,1,36,47.98,6.39,1,1,36,43.7,7.34,1,1,36,38.22,10.47,1,2,35,56.13,16.6,1.3E-4,36,34.83,15.09,0.99987,2,35,52.06,21.11,0.00481,36,30.98,19.78,0.99519,2,35,47.04,24.15,0.02114,36,26.11,23.06,0.97886,2,35,41.74,26.52,0.05327,36,20.92,25.67,0.94673,2,35,35.65,26.9,0.11131,36,14.85,26.34,0.88869,2,35,30.18,26.22,0.19718,36,9.36,25.92,0.80282,2,35,24.13,24.44,0.34445,36,3.23,24.43,0.65555,2,35,17.93,21.77,0.55167,36,-3.08,22.05,0.44833,3,34,44.17,17.63,0.00136,35,14.34,19.02,0.71043,36,-6.8,19.47,0.28821,3,34,38.9,15.78,0.02795,35,9.26,16.69,0.86199,36,-11.98,17.39,0.11006,3,34,32.53,13.46,0.19718,35,3.13,13.8,0.78811,36,-18.25,14.79,0.01471,3,34,27.47,12.07,0.53301,35,-1.78,11.96,0.46673,36,-23.24,13.18,2.5E-4,2,34,22.22,11.79,0.86607,35,-6.99,11.2,0.13393,2,34,18.02,11.21,0.97373,35,-11.12,10.24,0.02627,3,33,41.56,12.5,0.00473,34,14.77,10.11,0.99292,35,-14.26,8.85,0.00234,2,33,40.29,10.65,0.01912,34,13.2,8.51,0.98088,2,33,36.7,11.29,0.12305,34,9.77,9.75,0.87695,2,33,33.33,12.92,0.31181,34,6.73,11.94,0.68819,2,33,29.89,14.2,0.51796,34,3.57,13.8,0.48204,2,33,26.86,14.92,0.68853,34,0.71,15.02,0.31147,2,33,23.28,16.15,0.83729,34,-2.61,16.85,0.16271,3,32,39.03,16.78,0.00246,33,19.67,16.59,0.92059,34,-6.1,17.9,0.07695,3,32,35.09,17.15,0.01682,33,15.73,17,0.95785,34,-9.91,18.98,0.02533,3,32,30.73,17,0.06392,33,11.37,16.89,0.93216,34,-14.22,19.63,0.00392,2,32,26.54,16.43,0.17815,33,7.17,16.36,0.82185,2,32,22.39,16.52,0.38864,33,3.02,16.49,0.61136,2,32,19.17,18.22,0.56507,33,-0.18,18.22,0.43493,2,32,15.1,18,0.7393,33,-4.25,18.04,0.2607,2,32,12.44,19.96,0.83515,33,-6.89,20.03,0.16485,2,32,8.63,19.33,0.90129,33,-10.71,19.43,0.09871,2,32,2.98,18.39,0.97398,33,-16.37,18.55,0.02602,2,32,-2.46,17.48,0.9977,33,-21.82,17.7,0.0023,1,33,4.51,0.14,1,1,33,12.44,1.16,1,2,33,19.28,2,0.99816,34,-8.99,3.6,0.00184,2,33,26.58,2.69,0.81772,34,-1.67,3.03,0.18228,2,33,35.97,3.04,0.01048,34,7.63,1.75,0.98952,1,34,16.73,1.59,1,1,34,22.95,1.49,1,2,34,32.06,1.99,0.02606,35,3.7,2.34,0.97394,2,35,12.51,3.65,0.99264,36,-9.35,4.21,0.00736,2,35,20.87,4.94,0.63507,36,-0.94,5.1,0.36493,2,35,29.95,5.6,0.05298,36,8.16,5.34,0.94702,2,35,39.06,5.83,0.00416,36,17.27,5.13,0.99584,1,36,28.44,2.76,1,1,36,37.27,1.48,1,1,36,42.24,0.62,1],"hull":68,"edges":[0,2,2,4,4,6,6,8,8,10,10,12,12,14,14,16,16,18,18,20,20,22,22,24,24,26,26,28,28,30,30,32,32,34,34,36,36,38,38,40,40,42,42,44,44,46,46,48,48,50,50,52,52,54,54,56,56,58,58,60,60,62,62,64,64,66,66,68,68,70,70,72,72,74,74,76,76,78,78,80,80,82,82,84,84,86,86,88,88,90,90,92,92,94,94,96,96,98,98,100,100,102,102,104,104,106,106,108,108,110,110,112,112,114,114,116,116,118,118,120,120,122,122,124,124,126,126,128,128,130,130,132,132,134,0,134],"width":72,"height":149}},"chuanghu1":{"chuanghu1":{"x":-83,"y":380.5,"width":112,"height":155}},"chuanghu2":{"chuanghu2":{"x":-258,"y":379,"width":112,"height":158}},"chuangkuang":{"chuangkuang":{"x":-258.57,"y":378.94,"width":112,"height":158}},"chuangkuang3":{"chuangkuang3":{"x":-258.39,"y":385.52,"width":77,"height":125}},"deng":{"deng":{"x":-43.5,"y":59,"width":59,"height":106}},"dengg":{"dengg":{"x":134.46,"y":-11,"width":33,"height":37}},"dengg1":{"dengg1":{"x":-123.01,"y":-12.03,"width":33,"height":37}},"ditu":{"ditu":{"width":680,"height":916}},"fangdi":{"fangdi":{"x":-181.57,"y":79.62,"width":196,"height":334}},"gglow":{"gglow":{"width":162,"height":163}},"gglow2":{"gglow":{"width":162,"height":163}},"langan":{"langan":{"x":-176,"y":-332,"width":328,"height":252}},"lou":{"lou":{"x":-145,"y":178,"width":390,"height":560}},"lu":{"lu":{"x":0.5,"y":-330,"width":679,"height":256}},"maomao":{"maomao":{"type":"mesh","uvs":[0.84258,0.96379,0.54234,0.97002,0.2799,0.96586,0.10602,0.96586,0.03474,0.87552,0,0.7644,0,0.61487,0,0.4583,0.04361,0.33701,0.15382,0.2613,0.1559,0.1743,0.16734,0.0923,0.19438,0.0183,0.2391,0,0.33062,0,0.37638,0.0523,0.41694,0.1143,0.45438,0.1743,0.49286,0.2183,0.61037,0.2303,0.69032,0.19661,0.77396,0.14757,0.84841,0.09265,0.92695,0.06224,1,0.08578,1,0.18092,0.99835,0.27017,0.98101,0.35353,0.94429,0.44376,1,0.57126,0.99951,0.72545,0.94851,0.85622,0.89151,0.92929,0.22438,0.27906,0.3379,0.27906,0.44368,0.26169,0.61396,0.28402,0.69394,0.3386,0.77908,0.39317,0.87196,0.43287,0.2737,0.14143,0.27114,0.0762,0.93033,0.14513,0.88553,0.21159,0.82793,0.30143,0.29162,0.20912],"triangles":[26,44,43,44,21,43,26,43,25,25,43,42,21,22,43,43,22,42,42,24,25,22,23,42,42,23,24,39,44,27,27,44,26,37,20,44,20,21,44,28,39,27,29,39,28,37,35,36,1,37,38,38,39,31,38,37,44,36,20,37,36,19,20,36,18,19,37,1,35,38,44,39,11,41,40,40,41,15,11,12,41,12,13,41,41,14,15,41,13,14,45,33,10,17,34,45,10,40,45,45,16,17,45,40,16,10,11,40,40,15,16,35,17,18,33,9,10,1,34,35,34,6,33,8,9,33,35,34,17,33,45,34,36,35,18,30,31,39,32,0,31,38,31,1,33,6,7,34,2,6,0,1,31,1,2,34,6,2,3,5,6,3,3,4,5,33,7,8,29,30,39],"vertices":[1,2,5.7,-23.14,1,4,2,1.88,-8.62,0.86838,3,-35.88,-3.77,5.0E-5,6,-28.07,-12.66,0.12104,7,-29.54,-18.11,0.01053,1,2,-0.98,4.19,1,1,2,-3.01,12.64,1,1,2,0.73,17.2,1,1,2,5.94,20.24,1,1,2,13.5,22.06,1,1,2,21.42,23.96,1,1,2,28.06,23.31,1,1,3,4.21,7.59,1,4,4,5.01,6.59,0.76548,5,-2.42,6.4,0.23452,6,-7.99,28.36,0,7,-16.95,25.79,0,3,4,9.08,5.18,0.29138,5,1.76,5.36,0.70862,6,-4.31,30.59,0,2,2,45.94,19.85,0,5,5.43,3.58,1,2,2,47.38,17.9,0,5,6.12,1.25,1,1,5,5.61,-3.3,1,2,4,9.03,-5.48,0.28389,5,2.65,-5.26,0.71611,2,4,5.47,-6.82,0.75549,5,-0.78,-6.92,0.24451,1,4,2.04,-8.04,1,2,2,39.31,2.91,0.536,3,2.88,-9.46,0.464,2,2,40.07,-2.95,0.552,6,4.01,8.84,0.448,2,7,2.44,7.37,0.89449,8,-2.79,8.5,0.10551,2,7,7.27,6.55,0.39037,8,1.61,6.35,0.60963,2,7,11.96,6.26,0.048,8,6.02,4.75,0.952,1,8,9.47,2.3,1,1,8,10.41,-1.44,1,2,3,-0.48,-34.67,0,8,6.24,-4.11,1,3,3,-5.01,-33.62,0,7,11.55,-5.63,0.2881,8,2.28,-6.54,0.7119,3,3,-9.07,-31.88,0,7,8.05,-8.33,0.70383,8,-1.83,-8.14,0.29617,1,6,5.85,-11.12,1,1,2,27.38,-26.03,1,1,2,19.58,-27.88,1,1,2,12.37,-26.99,1,1,2,8.01,-25.1,1,1,3,2.57,4.33,1,1,3,1.39,-1.23,1,1,3,1.18,-6.59,1,1,6,1.94,6.95,1,1,6,2.24,2.05,1,1,6,2.71,-3.04,1,1,6,4.02,-7.95,1,2,4,5.51,0.48,1,6,-2.96,24.84,0,2,4,8.86,-0.07,0.00138,5,2,0.1,0.99862,1,8,5.93,-0.17,1,3,3,-0.86,-28.74,0,6,13.4,-1.26,2.0E-4,8,1.81,-0.14,0.9998,3,3,-4.83,-24.95,0,6,7.95,-1.95,0.03769,7,4.06,-1.26,0.96231,5,3,5.43,0.28,0.00804,4,1.89,0.3,0.99148,5,-4.98,-0.14,4.8E-4,6,-5.14,21.94,0,7,-13.02,19.97,0],"hull":33,"edges":[0,2,2,4,4,6,6,8,8,10,10,12,12,14,14,16,16,18,18,20,20,22,22,24,24,26,26,28,28,30,30,32,32,34,34,36,36,38,38,40,40,42,42,44,44,46,46,48,48,50,50,52,52,54,54,56,56,58,58,60,60,62,62,64,0,64],"width":50,"height":52}},"men1":{"men1":{"x":43.38,"y":-1.78,"rotation":180,"width":105,"height":242}},"men2":{"men2":{"x":37.01,"y":9.02,"rotation":-0.29,"width":80,"height":245}},"menkuang":{"menkuang":{"x":-179.5,"y":82.5,"width":229,"height":353}},"menkuang1":{"menkuang1":{"x":-180.38,"y":83.47,"width":230,"height":350}},"menxue":{"menxue":{"x":-177.73,"y":-80.78,"width":211,"height":27}},"renwu":{"renwu":{"x":169.5,"y":-169,"width":321,"height":578}},"shentis":{"shentis":{"type":"mesh","uvs":[0.09401,1,0.10313,0.95082,0.11731,0.89459,0.14163,0.83204,0.16999,0.77122,0.20342,0.71154,0.23887,0.65575,0.27031,0.60887,0.29797,0.57763,0.3088,0.56276,0.2984,0.54186,0.28614,0.51688,0.2647,0.48568,0.24697,0.45938,0.22353,0.42585,0.20078,0.3956,0.16761,0.36137,0.15741,0.34339,0.15741,0.32477,0.17085,0.30108,0.1987,0.28614,0.23434,0.2792,0.28559,0.27163,0.34352,0.26532,0.37924,0.25079,0.36665,0.23229,0.35748,0.20791,0.3609,0.18492,0.39291,0.15681,0.44622,0.15024,0.48836,0.1646,0.49739,0.19407,0.50169,0.22208,0.50728,0.24887,0.51378,0.25812,0.53207,0.26175,0.55906,0.25857,0.58432,0.25588,0.60728,0.25562,0.6393,0.2501,0.66736,0.25267,0.68521,0.26487,0.69881,0.28349,0.7076,0.30644,0.71639,0.33004,0.7276,0.36764,0.72871,0.41275,0.72655,0.46205,0.72101,0.50808,0.71296,0.56743,0.74937,0.59544,0.77904,0.6288,0.80655,0.66474,0.83532,0.70993,0.87016,0.76198,0.90079,0.811,0.91997,0.85529,0.94041,0.90156,0.96914,0.94116,1,0.98586,1,1,0.85219,1,0.67917,1,0.46134,1,0.25092,1],"triangles":[24,33,34,24,32,33,32,25,31,31,25,30,27,28,30,24,25,32,28,29,30,30,25,26,27,30,26,8,9,49,49,9,48,9,10,48,48,10,47,44,11,43,35,42,43,10,11,47,38,41,42,12,35,43,42,35,36,37,38,42,42,36,37,41,39,40,41,38,39,12,43,11,11,46,47,12,13,35,45,11,44,11,45,46,35,13,23,23,14,22,23,34,35,23,13,14,16,21,22,23,24,34,22,14,15,22,15,16,18,20,21,20,18,19,17,18,21,21,16,17,61,59,60,61,58,59,58,61,57,61,62,57,57,62,56,53,63,6,53,6,7,56,62,55,55,62,54,62,63,54,63,53,54,51,52,7,50,51,7,49,50,7,52,53,7,7,8,49,0,1,64,1,2,64,2,3,64,64,3,63,63,3,4,63,4,5,6,63,5],"vertices":[1,14,8.18,138.22,1,1,14,34.66,134.05,1,1,14,64.87,128.13,1,1,14,98.34,118.93,1,2,14,130.81,108.53,0.99968,15,-87.7,114.27,3.2E-4,2,14,162.58,96.61,0.98212,15,-56.74,100.38,0.01788,2,14,192.22,84.18,0.89438,15,-27.94,86.11,0.10562,2,14,217.1,73.23,0.69666,15,-3.79,73.62,0.30334,2,14,233.57,63.88,0.45546,15,12.05,63.25,0.54454,2,14,241.45,60.15,0.30312,15,19.68,59.03,0.69688,2,14,252.93,62.75,0.14359,15,31.3,60.9,0.85641,2,14,266.64,65.81,0.05268,15,45.18,63.1,0.94732,2,14,283.87,71.51,0.00816,15,62.73,67.7,0.99184,2,14,298.39,76.21,4.7E-4,15,77.52,71.48,0.99953,1,15,96.39,76.56,1,1,15,113.47,81.62,1,1,15,133.07,89.62,1,1,15,143.11,91.62,1,1,15,153.13,90.46,1,1,15,165.42,84.9,1,2,15,172.49,75.48,0.99885,16,-2.49,75.56,0.00115,2,15,174.97,64.18,0.99247,16,-0.28,64.2,0.00753,2,15,177.25,48.08,0.95822,16,1.61,48.06,0.04178,2,15,178.62,30.02,0.78798,16,2.54,29.97,0.21202,2,15,185.19,18.23,0.32225,16,8.83,18.02,0.67775,2,15,195.59,20.92,0.03819,16,19.29,20.46,0.96181,1,16,32.77,21.42,1,1,16,44.96,18.66,1,1,16,58.7,6.82,1,1,16,59.96,-9.88,1,1,16,50.46,-21.61,1,1,16,34.26,-22.15,1,2,15,196.36,-20.9,0.03968,16,19.05,-21.36,0.96032,2,15,181.74,-20.94,0.39839,16,4.43,-21.06,0.60161,2,15,176.53,-22.35,0.66961,16,-0.81,-22.34,0.33039,2,15,173.93,-27.71,0.85956,16,-3.54,-27.63,0.14044,2,15,174.7,-36.13,0.95393,16,-2.97,-36.07,0.04607,2,15,175.26,-44,0.98314,16,-2.6,-43.95,0.01686,2,15,174.6,-51.02,0.99493,16,-3.44,-50.96,0.00507,2,15,176.44,-61.13,0.9998,16,-1.83,-61.11,2.0E-4,1,15,174.08,-69.53,1,1,15,166.88,-74.22,1,1,15,156.38,-77.22,1,1,15,143.71,-78.47,1,1,15,130.7,-79.69,1,1,15,110.06,-80.78,1,2,14,316,-72.79,6.0E-5,15,85.73,-78.33,0.99994,2,14,289.35,-70.75,0.01499,15,59.26,-74.62,0.98501,2,14,264.52,-67.76,0.10061,15,34.67,-70.08,0.89939,2,14,232.52,-63.64,0.48634,15,2.99,-63.95,0.51366,2,14,216.78,-74.02,0.74988,15,-13.37,-73.32,0.25012,2,14,198.26,-82.18,0.89424,15,-32.37,-80.3,0.10576,2,14,178.37,-89.61,0.96751,15,-52.69,-86.47,0.03249,2,14,153.45,-97.17,0.99694,15,-78.03,-92.45,0.00306,1,14,124.73,-106.4,1,1,14,97.71,-114.42,1,1,14,73.43,-119.06,1,1,14,48.06,-124.03,1,1,14,26.18,-131.73,1,1,14,1.49,-139.95,1,1,14,-6.16,-139.55,1,1,14,-3.82,-94.23,1,1,14,-1.08,-41.19,1,1,14,2.36,25.6,1,1,14,5.7,90.11,1],"hull":65,"edges":[0,2,2,4,4,6,6,8,8,10,10,12,12,14,14,16,16,18,18,20,20,22,22,24,24,26,26,28,28,30,30,32,32,34,34,36,36,38,38,40,40,42,42,44,44,46,46,48,48,50,50,52,52,54,54,56,56,58,58,60,60,62,62,64,64,66,66,68,68,70,70,72,72,74,74,76,76,78,78,80,80,82,82,84,84,86,86,88,88,90,90,92,92,94,94,96,96,98,98,100,100,102,102,104,104,106,106,108,108,110,110,112,112,114,114,116,116,118,118,120,120,122,122,124,124,126,126,128,0,128],"width":307,"height":542}},"shouxiayinying":{"shouxiayinying":{"x":22.83,"y":-3.91,"rotation":-8.34,"width":66,"height":16}},"shu1":{"shu1":{"x":239.5,"y":221,"width":201,"height":474}},"shu2":{"shu2":{"x":239.5,"y":206,"width":129,"height":504}},"shu3":{"shu3":{"x":78.5,"y":203.5,"width":201,"height":509}},"taijie":{"taijie":{"x":-89.5,"y":-134.5,"width":501,"height":137}},"tout":{"tout":{"x":56.45,"y":-24.32,"rotation":-109.61,"width":200,"height":179}},"tuceng1":{"tuceng1":{"x":-301,"y":58,"width":58,"height":106}},"tuceng2":{"tuceng2":{"x":297.5,"y":-338.5,"width":85,"height":239}},"xiuyin":{"xiuyin":{"x":89.44,"y":9.3,"rotation":77.13,"width":46,"height":26}},"yanjing":{"yanjing":{"type":"mesh","uvs":[0.35191,1,0.3205,0.49078,0.16094,0.22524,0,0.39594,0,1],"triangles":[4,3,2,4,2,1,4,1,0],"vertices":[13.05,-12.46,14.24,3.47,3.98,14.31,-9.45,12,-13.69,-6.24],"hull":5,"edges":[0,2,2,4,4,6,6,8,0,8],"width":78,"height":31}},"yanjing2":{"yanjing":{"type":"mesh","uvs":[0.56977,0,0.46423,0.31171,0.51072,0.729,0.73687,0.71636,1,0.50771,1,0],"triangles":[3,0,5,4,3,5,1,0,3,2,1,3],"vertices":[-6.51,11.52,-16.72,3.97,-16.12,-9.45,1.15,-13.06,22.61,-11.41,26.17,3.92],"hull":6,"edges":[0,2,2,4,4,6,6,8,8,10,0,10],"width":78,"height":31}},"yinger":{"yinger":{"x":63.79,"y":9.9,"rotation":-128.77,"width":203,"height":265}},"yingyingzi":{"yingyingzi":{"x":9.34,"y":-4.31,"rotation":87.77,"width":108,"height":51}},"youguanjie":{"youguanjie":{"x":27.94,"y":-2.53,"rotation":-130.31,"width":43,"height":55}},"youshous":{"youshous":{"type":"mesh","uvs":[0,0.68757,0,0.46689,0.0922,0.42621,0.17565,0.37028,0.25565,0.29401,0.33289,0.21977,0.40261,0.11019,0.44397,0,0.52128,0,0.5518,0.10319,0.55384,0.20519,0.5457,0.29919,0.63521,0.32919,0.71463,0.37356,0.78735,0.43153,0.87121,0.49336,0.93673,0.56002,0.99176,0.63538,0.9839,0.72812,1,0.76773,1,0.85178,0.95098,0.86169,0.93811,0.90085,0.88299,0.90856,0.82305,0.89254,0.77437,0.88068,0.71655,0.86386,0.65207,0.84336,0.58948,0.82378,0.63689,0.85641,0.68684,0.88251,0.76017,0.89649,0.8,0.92446,0.7823,1,0.70391,1,0.60023,1,0.50477,1,0.42814,1,0.34138,0.96879,0.26791,0.93997,0.1429,0.92276,0.09483,0.8467,0.04946,0.77283,0.07042,0.61322,0.19622,0.59969,0.30628,0.59196,0.42422,0.60549,0.52642,0.62095,0.60635,0.63061,0.71904,0.66152,0.81339,0.68664,0.88415,0.72142,0.93756,0.74574,0.48136,0.13252,0.4348,0.27896,0.34946,0.4071,0.2098,0.46888,0.11205,0.51693],"triangles":[22,23,21,23,51,52,23,24,51,21,23,52,51,24,50,24,25,50,25,26,50,26,49,50,26,27,49,20,21,19,19,21,52,52,18,19,49,27,48,18,52,17,16,17,52,52,51,16,51,50,16,50,15,16,15,50,14,48,13,49,50,49,14,49,13,14,34,31,33,33,31,32,34,35,30,35,29,30,34,30,31,36,28,35,35,28,29,36,37,28,38,46,37,28,46,47,28,37,46,38,45,46,27,28,48,28,47,48,48,12,13,48,47,12,47,11,12,47,46,11,45,55,46,46,54,11,46,55,54,4,5,55,55,5,54,11,54,10,5,6,54,54,53,10,54,6,53,53,9,10,6,7,53,53,8,9,53,7,8,39,45,38,40,44,39,39,44,45,40,41,44,41,42,44,44,42,43,42,0,43,0,1,43,43,57,44,57,1,2,57,43,1,44,56,45,44,57,56,45,56,55,57,3,56,57,2,3,56,4,55,56,3,4],"vertices":[1,26,-2.32,-5.55,1,1,26,-1.09,7.41,1,1,26,7.12,9.04,1,2,26,14.66,11.64,0.96326,27,-14.54,9.11,0.03674,2,26,22.01,15.47,0.68077,27,-8.02,14.23,0.31923,2,26,29.11,19.2,0.28259,27,-1.74,19.21,0.71741,2,26,35.76,25.06,0.056,27,3.71,26.21,0.944,2,26,39.96,31.2,0.00753,27,6.69,33.01,0.99247,2,26,46.65,30.56,1.9E-4,27,13.39,33.63,0.99981,2,26,48.72,24.25,3.6E-4,27,16.6,27.81,0.99964,2,26,48.33,18.25,0.00421,27,17.33,21.84,0.99579,3,26,47.11,12.79,0.00395,27,17.13,16.25,0.98954,28,-16.28,12.11,0.00651,2,27,25.05,15.21,0.86025,28,-8.39,13.37,0.13975,2,27,32.17,13.24,0.50035,28,-1.01,13.51,0.49965,2,27,38.79,10.41,0.11852,28,6.14,12.69,0.88148,2,27,46.39,7.45,0.001,28,14.27,12.02,0.999,1,28,21.02,10.49,1,1,28,27.12,8.15,1,1,28,28.52,2.81,1,1,28,30.69,1.17,1,1,28,32.54,-3.44,1,1,28,28.8,-5.57,1,1,28,28.62,-8.13,1,1,28,24.34,-10.33,1,2,27,44.39,-16.38,0.00456,28,19.15,-11.4,0.99544,2,27,40.11,-16.08,0.03401,28,14.96,-12.32,0.96599,2,27,35,-15.55,0.14665,28,9.92,-13.28,0.85335,3,26,53.3,-20.04,6.0E-4,27,29.31,-14.87,0.42775,28,4.26,-14.24,0.57165,3,26,47.98,-18.38,0.0134,27,23.78,-14.22,0.84052,28,-1.22,-15.2,0.14608,3,26,51.91,-20.69,0.00841,27,28.06,-15.75,0.96202,28,3.32,-15.45,0.02957,3,26,56.09,-22.63,0.0017,27,32.53,-16.89,0.99194,28,7.93,-15.26,0.00637,2,27,38.96,-17.12,0.99995,28,14.16,-13.65,5.0E-5,1,27,42.56,-18.44,1,1,27,41.44,-23.02,1,3,26,56.92,-29.67,4.9E-4,27,34.65,-23.65,0.99837,28,11.89,-21.14,0.00114,3,26,47.94,-28.82,0.01889,27,25.67,-24.48,0.97094,28,3.51,-24.5,0.01018,3,26,39.67,-28.04,0.0878,27,17.4,-25.25,0.90854,28,-4.19,-27.59,0.00367,2,26,33.03,-27.41,0.19504,27,10.76,-25.86,0.80496,2,26,25.69,-24.87,0.39985,27,3.08,-24.73,0.60015,2,26,19.49,-22.57,0.64387,27,-3.45,-23.62,0.35613,2,26,8.76,-20.54,0.9068,27,-14.37,-23.61,0.0932,2,26,5.01,-15.68,0.96257,27,-18.95,-19.53,0.03743,2,26,1.49,-10.97,0.99419,27,-23.28,-15.56,0.00581,1,26,4.2,-1.76,1,2,26,15.17,-2,0.99745,27,-11.51,-4.21,0.00255,2,26,24.74,-2.45,0.86225,27,-2.02,-2.87,0.13775,2,26,34.88,-4.21,0.01436,27,8.27,-2.72,0.98564,3,26,43.65,-5.95,0.00119,27,17.21,-2.81,0.99629,28,-10.77,-6.13,0.00252,2,27,24.19,-2.73,0.94489,28,-4.1,-4.07,0.05511,2,27,34.12,-3.65,0.03965,28,5.67,-2.12,0.96035,2,27,42.43,-4.36,1.4E-4,28,13.84,-0.44,0.99986,1,28,20.32,-0.05,1,1,28,25.17,0.35,1,2,26,42.46,23.11,0.01662,27,10.65,25.53,0.98338,2,26,37.61,14.89,0.08442,27,7.42,16.55,0.91558,2,26,29.51,8.06,0.35213,27,0.72,8.34,0.64787,2,26,17.07,5.57,0.98662,27,-11.04,3.59,0.01338,1,26,8.34,3.55,1],"hull":43,"edges":[0,2,2,4,4,6,6,8,8,10,10,12,12,14,14,16,16,18,18,20,20,22,22,24,24,26,26,28,28,30,30,32,32,34,34,36,36,38,38,40,40,42,42,44,44,46,46,48,48,50,50,52,52,54,54,56,56,58,58,60,60,62,62,64,64,66,66,68,68,70,70,72,72,74,74,76,76,78,78,80,80,82,82,84,0,84],"width":87,"height":59}},"zuobiz":{"zuobiz":{"type":"mesh","uvs":[1,0.50499,0.99169,0.58558,0.97219,0.6621,0.94552,0.73374,0.91473,0.80781,0.87985,0.87212,0.83573,0.93236,0.79666,0.9827,0.76373,1,0.70173,0.99449,0.61448,0.97716,0.53674,0.96302,0.43217,0.9393,0.33599,0.91494,0.25045,0.89758,0.17676,0.89316,0.12046,0.88228,0.07836,0.8617,0.05192,0.84305,0.0505,0.81528,0.02817,0.79823,0.01684,0.78018,0.02534,0.75889,0.00871,0.73561,0,0.71617,0,0.69343,0,0.66077,0.04109,0.64131,0.08332,0.66091,0.13034,0.68388,0.16997,0.70913,0.20127,0.73683,0.24044,0.76251,0.27848,0.78368,0.3449,0.78413,0.41416,0.77917,0.48058,0.77557,0.56822,0.77587,0.64164,0.77412,0.6825,0.77062,0.69299,0.7439,0.70624,0.70272,0.72335,0.65016,0.73455,0.58638,0.74682,0.51925,0.76928,0.47157,0.83608,0.43157,0.92998,0.42557,0.98733,0.45507,1,0.47457,0.87691,0.52726,0.85822,0.58657,0.84097,0.65386,0.82372,0.71316,0.8036,0.77475,0.7691,0.82265,0.7116,0.84318,0.62822,0.85458,0.52329,0.85344,0.4126,0.85002,0.34504,0.85002,0.26885,0.85116,0.20704,0.83177,0.1366,0.81238,0.10497,0.76562,0.08197,0.72229,0.05322,0.68579],"triangles":[65,23,66,23,24,66,29,66,28,29,65,66,24,25,66,25,26,66,26,27,66,66,27,28,17,18,19,19,64,63,19,20,64,21,22,20,20,22,64,22,65,64,30,65,29,30,64,65,22,23,65,14,15,62,15,16,62,16,63,62,16,17,63,63,17,19,62,32,33,62,63,32,63,31,32,63,64,31,64,30,31,12,58,11,12,13,59,13,60,59,12,59,58,36,59,35,59,36,58,14,61,13,13,61,60,61,14,62,60,33,34,60,61,33,61,62,33,60,34,59,59,34,35,8,9,7,10,57,9,9,56,7,9,57,56,7,56,6,6,56,55,10,11,57,11,58,57,6,55,5,57,38,56,38,39,56,58,37,57,57,37,38,58,36,37,56,39,55,55,54,5,5,54,4,55,39,54,54,53,4,4,53,3,39,40,54,40,41,54,54,41,53,53,52,3,3,52,2,41,42,53,53,42,52,52,51,2,2,51,1,42,43,52,52,43,51,43,44,51,51,50,1,51,44,50,1,50,0,44,45,50,45,46,50,50,46,47,50,48,0,50,47,48,48,49,0],"vertices":[2,17,90.27,17.8,0.90519,18,5.93,25.99,0.09481,2,17,108.92,11.9,0.3665,18,25.4,28.03,0.6335,2,17,126.14,4.13,0.0747,18,44.29,27.79,0.9253,2,17,141.9,-4.73,0.00577,18,62.27,25.96,0.99423,2,18,80.98,23.48,0.99391,19,-26.06,-3.05,0.00609,2,18,97.52,19.78,0.65978,19,-16.97,11.24,0.34022,2,18,113.41,14.15,0.10866,19,-6.27,24.28,0.89134,2,18,126.77,9.04,0.00266,19,3.08,35.1,0.99734,1,19,9.99,38.23,1,1,19,21.53,35.01,1,2,19,37.39,28.19,0.96283,20,-20.34,23.65,0.03717,2,19,51.58,22.43,0.65298,20,-5.13,21.85,0.34702,2,19,70.48,13.55,0.02392,20,15.45,18.3,0.97608,1,20,34.44,14.42,1,2,20,51.22,12.01,0.70626,21,-5.55,10.84,0.29374,2,20,65.4,12.47,0.0387,21,7.83,15.55,0.9613,2,21,18.79,17.48,0.94911,22,-16.09,12.86,0.05089,2,21,28.19,16.16,0.70057,22,-6.78,14.75,0.29943,2,21,34.65,14.07,0.43529,22,0.01,14.92,0.56471,2,21,37.6,8.02,0.14402,22,4.8,10.2,0.85598,2,21,43.19,5.97,0.00377,22,10.75,10.11,0.99623,1,22,15.32,8.41,1,2,22,17.65,3.53,0.96572,23,-4.09,1.59,0.03428,2,22,23.83,1.6,0.02589,23,2.16,3.27,0.97411,1,23,7.14,3.71,1,1,23,12.47,2.34,1,1,23,20.12,0.36,1,3,21,56.17,-29.81,0.00486,22,34.88,-19.31,0.03234,23,22.71,-8.45,0.9628,3,21,46.84,-28.72,0.04398,22,25.72,-21.39,0.17371,23,16.09,-15.12,0.78231,3,21,36.34,-27.25,0.20048,22,15.33,-23.5,0.38793,23,8.45,-22.47,0.4116,4,20,71.49,-31.67,4.6E-4,21,26.92,-24.71,0.46374,22,5.6,-24.23,0.37113,23,0.63,-28.31,0.16467,4,20,64.79,-25.65,0.02276,21,18.72,-20.99,0.74177,22,-3.37,-23.44,0.18766,23,-7.36,-32.45,0.0478,4,20,56.65,-20.28,0.17366,21,9.34,-18.32,0.78756,22,-13.11,-24.04,0.03381,23,-15.26,-38.18,0.00496,4,20,48.83,-15.97,0.59357,21,0.59,-16.56,0.40533,22,-21.94,-25.29,0.0011,23,-22.04,-43.98,0,2,20,36.14,-17.23,0.97495,21,-11.13,-21.58,0.02505,2,19,67.7,-25.25,0.02994,20,23.05,-19.86,0.97006,2,19,54.97,-24.08,0.25202,20,10.47,-22.09,0.74798,3,18,85.71,-43.34,0.00623,19,38.38,-21.32,0.82649,20,-6.27,-23.83,0.16728,3,18,82.68,-29.56,0.12052,19,24.39,-19.48,0.87465,20,-20.24,-25.77,0.00483,2,18,80.4,-22.01,0.41358,19,16.51,-19.06,0.58642,2,18,73.67,-21.23,0.73677,19,13.49,-25.12,0.26323,2,18,63.41,-20.57,0.93968,19,9.39,-34.55,0.06032,2,18,50.3,-19.7,0.99781,19,4.11,-46.59,0.00219,1,18,34.73,-20.45,1,1,18,18.33,-21.14,1,1,18,6.19,-19.04,1,2,17,65.93,-8.92,0.1951,18,-5.7,-8.23,0.8049,1,17,68.54,8.98,1,1,17,77.95,18.12,1,2,17,83.09,19.44,0.98958,18,-1.3,24.63,0.01042,2,17,90.26,-6.44,0.13326,18,15.61,3.76,0.86674,2,17,103.45,-13.13,0.01645,18,30.38,2.9,0.98355,2,17,118.58,-19.99,0.00199,18,46.99,2.66,0.99801,2,17,131.84,-26.41,1.0E-5,18,61.71,2.06,0.99999,1,18,77.07,1.02,1,2,18,89.69,-3.34,0.62282,19,2.11,-3.98,0.37718,2,18,96.62,-13.27,0.01095,19,13.8,-0.84,0.98905,2,18,102.29,-28.49,6.2E-4,19,30.05,-0.67,0.99938,2,19,49.89,-4.16,0.55563,20,0.29,-4.24,0.44437,2,19,70.74,-8.38,2.4E-4,20,21.51,-2.78,0.99976,1,20,34.4,-1.38,1,1,20,48.92,0.46,1,3,20,61.22,-2.93,0.00289,21,8.48,-0.39,0.99709,22,-19.88,-7.42,2.0E-5,1,21,22.75,0.74,1,3,21,32.85,-7.18,0.21944,22,5.37,-5.72,0.74575,23,-9.49,-12.81,0.03481,3,21,41.11,-15.01,0.08242,22,15.76,-10.37,0.55054,23,1.77,-11.16,0.36703,3,21,49.71,-20.88,0.02099,22,25.82,-13.04,0.12555,23,11.7,-8.02,0.85346],"hull":50,"edges":[0,2,2,4,4,6,6,8,8,10,10,12,12,14,14,16,16,18,18,20,20,22,22,24,24,26,26,28,28,30,30,32,32,34,34,36,36,38,38,40,40,42,42,44,44,46,46,48,48,50,50,52,52,54,54,56,56,58,58,60,60,62,62,64,64,66,66,68,68,70,70,72,72,74,74,76,76,78,78,80,80,82,82,84,84,86,86,88,88,90,90,92,92,94,94,96,96,98,0,98],"width":192,"height":246}},"zuoxiuzi":{"zuoxiuzi":{"x":44.95,"y":6.5,"rotation":77.13,"width":76,"height":112}}}}],"animations":{"animation":{"slots":{"dengg":{"color":[{"color":"ffffffe4","curve":0.382,"c2":0.58,"c3":0.732},{"time":0.2333,"color":"ffffffff","curve":0.25,"c3":0.75},{"time":0.9667,"color":"ffffff6d","curve":0.25,"c3":0.75},{"time":1.7333,"color":"ffffffff","curve":0.25,"c3":0.75},{"time":2.4667,"color":"ffffff95","curve":0.243,"c3":0.654,"c4":0.62},{"time":3,"color":"ffffffe4"}],"attachment":[{"name":"dengg"}]},"dengg1":{"color":[{"color":"ffffffff","curve":0.25,"c3":0.75},{"time":0.7333,"color":"ffffff6d","curve":0.25,"c3":0.75},{"time":1.5,"color":"ffffffff","curve":0.25,"c3":0.75},{"time":2.2333,"color":"ffffff95","curve":0.25,"c3":0.75},{"time":3,"color":"ffffffff"}],"attachment":[{"name":"dengg1"}]},"gglow":{"color":[{"color":"ffffff69","curve":0.357,"c2":0.65,"c3":0.692},{"time":0.1333,"color":"ffffff64","curve":0.25,"c3":0.75},{"time":1.6333,"color":"ffffffff","curve":0.246,"c3":0.715,"c4":0.85},{"time":3,"color":"ffffff69"}],"attachment":[{"name":"gglow"}]},"gglow2":{"color":[{"color":"ffffff87","curve":0.381,"c2":0.59,"c3":0.73},{"time":0.4333,"color":"ffffff64","curve":0.25,"c3":0.75},{"time":1.9333,"color":"ffffffff","curve":0.243,"c3":0.658,"c4":0.63},{"time":3,"color":"ffffff87"}],"attachment":[{"name":"gglow"}]}},"bones":{"bone20":{"rotate":[{"angle":0.06,"curve":0.344,"c2":0.66,"c3":0.677},{"time":0.05,"curve":0.25,"c3":0.75},{"time":1.5507,"angle":5.13,"curve":0.248,"c3":0.736,"c4":0.94},{"time":3,"angle":0.06}]},"bone21":{"rotate":[{"angle":0.76,"curve":0.371,"c2":0.62,"c3":0.71},{"time":0.2501,"curve":0.25,"c3":0.75},{"time":1.7508,"angle":7.87,"curve":0.243,"c3":0.689,"c4":0.75},{"time":3,"angle":0.76}]},"bone22":{"rotate":[{"angle":4.47,"curve":0.382,"c2":0.57,"c3":0.735},{"time":0.5,"curve":0.25,"c3":0.75},{"time":2.0009,"angle":15.77,"curve":0.243,"c3":0.649,"c4":0.6},{"time":3,"angle":4.47}]},"bone23":{"rotate":[{"angle":7.88,"curve":0.375,"c2":0.5,"c3":0.75},{"time":0.7503,"curve":0.25,"c3":0.75},{"time":2.251,"angle":15.77,"curve":0.25,"c3":0.625,"c4":0.5},{"time":3,"angle":7.88}]},"bone24":{"rotate":[{"angle":1.05,"curve":0.377,"c2":0.61,"c3":0.719},{"time":0.3251,"curve":0.25,"c3":0.75},{"time":1.8258,"angle":7.11,"curve":0.243,"c3":0.675,"c4":0.7},{"time":3,"angle":1.05}]},"bone25":{"rotate":[{"angle":7.7,"curve":0.38,"c2":0.53,"c3":0.745},{"time":0.6503,"curve":0.25,"c3":0.75},{"time":2.1509,"angle":18.7,"curve":0.246,"c3":0.633,"c4":0.54},{"time":3,"angle":7.7}]},"bone26":{"rotate":[{"angle":13.01,"curve":0.354,"c2":0.41,"c3":0.756},{"time":0.9754,"curve":0.25,"c3":0.75},{"time":2.4761,"angle":18.7,"curve":0.263,"c3":0.618,"c4":0.43},{"time":3,"angle":13.01}]},"bone":{"scale":[{"x":1.01,"y":0.99,"curve":0.25,"c3":0.75},{"time":1.5007,"x":0.99,"y":1.01,"curve":0.25,"c3":0.75},{"time":3,"x":1.01,"y":0.99}]},"bone18":{"rotate":[{"curve":0.25,"c3":0.75},{"time":0.7492,"angle":-0.37,"curve":0.25,"c3":0.75},{"time":1.5007,"curve":0.25,"c3":0.75},{"time":2.2499,"angle":-0.37,"curve":0.25,"c3":0.75},{"time":3}]},"bone5":{"rotate":[{"angle":0.52,"curve":0.25,"c3":0.75},{"time":1.5007,"angle":-4.67,"curve":0.25,"c3":0.75},{"time":3,"angle":0.52}]},"bone6":{"rotate":[{"angle":1.62,"curve":0.25,"c3":0.75},{"time":1.5007,"angle":-0.42,"curve":0.25,"c3":0.75},{"time":3,"angle":1.62}]},"bone7":{"rotate":[{"curve":0.25,"c3":0.75},{"time":1.5007,"angle":-1.94,"curve":0.25,"c3":0.75},{"time":3}]},"bone8":{"rotate":[{"angle":12.54,"curve":0.25,"c3":0.75},{"time":1.5007,"angle":-4.18,"curve":0.25,"c3":0.75},{"time":3,"angle":12.54}]},"bone9":{"rotate":[{"angle":2.83,"curve":0.25,"c3":0.75},{"time":1.5007,"curve":0.25,"c3":0.75},{"time":3,"angle":2.83}]},"bone10":{"rotate":[{"angle":6.69,"curve":0.25,"c3":0.75},{"time":1.5007,"angle":-0.71,"curve":0.25,"c3":0.75},{"time":3,"angle":6.69}]},"bone4":{"rotate":[{"curve":0.25,"c3":0.75},{"time":1.5007,"angle":-1.54,"curve":0.25,"c3":0.75},{"time":3}]},"bone15":{"rotate":[{"angle":6.12,"curve":0.25,"c3":0.75},{"time":1.5007,"angle":-1.22,"curve":0.25,"c3":0.75},{"time":3,"angle":6.12}],"translate":[{"x":0.42,"y":3.7,"curve":0.25,"c3":0.75},{"time":1.5007,"x":-0.34,"y":-2.93,"curve":0.25,"c3":0.75},{"time":3,"x":0.42,"y":3.7}]},"bone12":{"rotate":[{"angle":5.51,"curve":0.25,"c3":0.75},{"time":1.5007,"curve":0.25,"c3":0.75},{"time":3,"angle":5.51}],"scale":[{"x":0.922,"curve":0.25,"c3":0.75},{"time":1.5007,"curve":0.25,"c3":0.75},{"time":3,"x":0.922}]},"bone13":{"rotate":[{"angle":10.04,"curve":0.25,"c3":0.75},{"time":1.5007,"curve":0.25,"c3":0.75},{"time":3,"angle":10.04}]},"bone14":{"rotate":[{"angle":14.95,"curve":0.25,"c3":0.75},{"time":1.5007,"curve":0.25,"c3":0.75},{"time":3,"angle":14.95}]},"bone11":{"rotate":[{"angle":-5.27,"curve":0.25,"c3":0.75},{"time":1.5007,"angle":1.47,"curve":0.25,"c3":0.75},{"time":3,"angle":-5.27}],"translate":[{"x":6.04,"y":4.45,"curve":0.25,"c3":0.75},{"time":1.5007,"curve":0.25,"c3":0.75},{"time":3,"x":6.04,"y":4.45}]},"bone54":{"translate":[{"x":-5.14,"y":5.37,"curve":0.25,"c3":0.75},{"time":1.5007,"x":4.98,"y":7.49,"curve":0.25,"c3":0.75},{"time":3,"x":-5.14,"y":5.37}],"scale":[{"curve":0.25,"c3":0.75},{"time":1.5007,"y":0.834,"curve":0.25,"c3":0.75},{"time":3}]},"bone55":{"rotate":[{"angle":18.95,"curve":0.25,"c3":0.75},{"time":1.5007,"angle":-6.78,"curve":0.25,"c3":0.75},{"time":3,"angle":18.95}],"translate":[{"x":1.29,"y":4.11,"curve":0.25,"c3":0.75},{"time":1.5007,"curve":0.25,"c3":0.75},{"time":3,"x":1.29,"y":4.11}],"scale":[{"x":0.825},{"time":1.5007},{"time":3,"x":0.825}]},"bone16":{"rotate":[{"angle":-2.5,"curve":0.25,"c3":0.75},{"time":1.5007,"angle":0.87,"curve":0.25,"c3":0.75},{"time":3,"angle":-2.5}]},"bone3":{"rotate":[{"angle":-3.49,"curve":0.25,"c3":0.75},{"time":1.5007,"curve":0.25,"c3":0.75},{"time":3,"angle":-3.49}]},"bone27":{"scale":[{"x":0.832,"curve":0.365,"c2":0.45,"c3":0.754},{"time":0.8754,"curve":0.25,"c3":0.75},{"time":2.376,"x":0.724,"curve":0.256,"c3":0.619,"c4":0.46},{"time":3,"x":0.832}]},"bone28":{"scale":[{"x":0.998,"curve":0.356,"c2":0.65,"c3":0.691},{"time":0.1251,"curve":0.25,"c3":0.75},{"time":1.6257,"x":0.925,"curve":0.246,"c3":0.717,"c4":0.86},{"time":3,"x":0.998}]},"bone30":{"scale":[{"time":1.0004,"curve":0.25,"c3":0.75},{"time":1.0505,"y":0.034,"curve":0.25,"c3":0.75},{"time":1.1505}]},"bone29":{"scale":[{"time":1.0004,"curve":0.25,"c3":0.75},{"time":1.0505,"y":0.034,"curve":0.25,"c3":0.75},{"time":1.1505}]},"gg":{"scale":[{"x":1.006,"y":1.006,"curve":0.357,"c2":0.65,"c3":0.692},{"time":0.1333,"curve":0.25,"c3":0.75},{"time":1.6333,"x":1.173,"y":1.173,"curve":0.246,"c3":0.715,"c4":0.85},{"time":3,"x":1.006,"y":1.006}]},"gg1":{"scale":[{"x":1.045,"y":1.045,"curve":0.381,"c2":0.59,"c3":0.73},{"time":0.4333,"curve":0.25,"c3":0.75},{"time":1.9333,"x":1.196,"y":1.196,"curve":0.243,"c3":0.658,"c4":0.63},{"time":3,"x":1.045,"y":1.045}]}}}}}