{"ditu": {"x": "340", "y": 458.0, "width": "682", "height": "918" },"shu1": {"x": "579.5", "y": 679.0, "width": "203", "height": "476" },"shu2": {"x": "579.5", "y": 664.0, "width": "131", "height": "506" },"shu3": {"x": "418.5", "y": 661.5, "width": "203", "height": "511" },"lu": {"x": "340.5", "y": 128.0, "width": "681", "height": "258" },"lou": {"x": "195", "y": 636.0, "width": "392", "height": "562" },"taijie": {"x": "250.5", "y": 323.5, "width": "503", "height": "139" },"menkuang": {"x": "160.5", "y": 540.5, "width": "231", "height": "355" },"deng": {"x": "296.5", "y": 517.0, "width": "61", "height": "108" },"tuceng1": {"x": "39", "y": 516.0, "width": "60", "height": "108" },"chuanghu1": {"x": "257", "y": 838.5, "width": "114", "height": "157" },"chuanghu2": {"x": "82", "y": 837.0, "width": "114", "height": "160" },"langan": {"x": "164", "y": 126.0, "width": "330", "height": "254" },"tuceng2": {"x": "637.5", "y": 119.5, "width": "87", "height": "241" },"renwu": {"x": "509.5", "y": 289.0, "width": "323", "height": "580" },"xg1": {"x": "333.5", "y": 458.5, "width": "669", "height": "917" },"xg2": {"x": "166.5", "y": 646.0, "width": "319", "height": "540" },"xg3": {"x": "340", "y": 289.0, "width": "682", "height": "580" }}