{"skeleton":{"hash":"HZGoGYFFe0hDHUriaE7qA2udUQo","spine":"3.8.95","x":-341,"y":-459,"width":682,"height":918,"images":"./1_74_39/","audio":"E:/Art/141-160/160_安妮74/1_74_39"},"bones":[{"name":"root"},{"name":"bone","parent":"root"},{"name":"5miao","parent":"bone","x":204.01,"y":-238.9},{"name":"5miao2","parent":"5miao","length":34.29,"rotation":48.96,"x":20.12,"y":6.71},{"name":"5miao3","parent":"5miao2","length":39.38,"rotation":22.6,"x":34.29},{"name":"5miao4","parent":"5miao3","length":43.18,"rotation":35.86,"x":39.38},{"name":"5miao5","parent":"5miao4","length":29.05,"rotation":-4.08,"x":43.18},{"name":"5miao6","parent":"5miao5","length":22.36,"rotation":-60.08,"x":31.15,"y":-1.49},{"name":"5yezi3","parent":"bone","x":110.96,"y":142.3},{"name":"5chuan","parent":"bone","x":-98.31,"y":-111.18},{"name":"1g","parent":"bone","x":-176.77,"y":-101.29},{"name":"2g","parent":"bone","x":-18.37,"y":-104.97},{"name":"g","parent":"bone","x":34.38,"y":-122.81},{"name":"5yezi4","parent":"bone","rotation":88.02,"x":-123.17,"y":86.47}],"slots":[{"name":"1","bone":"root","attachment":"1"},{"name":"ditu","bone":"bone","attachment":"ditu"},{"name":"1lu","bone":"bone","attachment":"1lu"},{"name":"1anbian","bone":"bone","attachment":"1anbian"},{"name":"1hai","bone":"bone","attachment":"1hai"},{"name":"1yueliang","bone":"bone","attachment":"1yueliang"},{"name":"1yun5","bone":"bone","attachment":"1yun5"},{"name":"1yun4","bone":"bone","attachment":"1yun4"},{"name":"1yun3","bone":"bone","attachment":"1yun3"},{"name":"1yun2","bone":"bone","attachment":"1yun2"},{"name":"2chengshi11","bone":"bone","attachment":"2chengshi11"},{"name":"2chengshi2","bone":"bone","attachment":"2chengshi2"},{"name":"2chengshi4","bone":"bone","attachment":"2chengshi4"},{"name":"2chengshi9","bone":"bone","attachment":"2chengshi9"},{"name":"2chengshi10","bone":"bone","attachment":"2chengshi10"},{"name":"2chengshi5","bone":"bone","attachment":"3chengshi5"},{"name":"2chengshi6","bone":"bone","attachment":"2chengshi6"},{"name":"3chengshi1","bone":"bone","attachment":"3chengshi1"},{"name":"3chengshi3","bone":"bone","attachment":"3chengshi3"},{"name":"3chengshi7","bone":"bone","attachment":"3chengshi7"},{"name":"g","bone":"g","attachment":"g"},{"name":"3shu4","bone":"bone","attachment":"5shu4"},{"name":"3shu3","bone":"bone","attachment":"5shu3"},{"name":"3shu2","bone":"bone","attachment":"5shu2"},{"name":"3shu1","bone":"bone","attachment":"5shu1"},{"name":"3chengshi12","bone":"bone","attachment":"3chengshi12"},{"name":"3chengshi13","bone":"bone","attachment":"3chengshi13"},{"name":"3ta","bone":"bone","attachment":"3ta"},{"name":"4caocong1","bone":"bone","attachment":"4caocong1"},{"name":"4caocong2","bone":"bone","attachment":"4caocong2"},{"name":"4shucong1","bone":"bone","attachment":"5shucong1"},{"name":"4shucong2","bone":"bone","attachment":"5shucong2"},{"name":"4fangding","bone":"bone","attachment":"6fangding"},{"name":"5yezi","bone":"bone","attachment":"6yezi"},{"name":"5yezi2","bone":"bone","attachment":"6yezi2"},{"name":"5yezi3","bone":"5yezi3","attachment":"6yezi3"},{"name":"5yezi4","bone":"5yezi4","attachment":"6yezi3"},{"name":"5shu","bone":"bone","attachment":"6shu"},{"name":"5shuteng","bone":"bone","attachment":"6shuteng"},{"name":"5chuan","bone":"5chuan","attachment":"4chuan"},{"name":"cg","bone":"5chuan","attachment":"cg"},{"name":"2g","bone":"2g","attachment":"2g"},{"name":"1g","bone":"1g","attachment":"1g"},{"name":"m","bone":"bone","attachment":"m"},{"name":"wb","bone":"bone","attachment":"wb"},{"name":"ty6","bone":"root","attachment":"ty6"},{"name":"ty61","bone":"root","attachment":"ty61"}],"skins":[{"name":"default","attachments":{"1":{"1":{"type":"clipping","end":"1","vertexCount":4,"vertices":[-341,459,341,459,341,-459,-341,-459],"color":"ce3a3aff"}},"1anbian":{"1anbian":{"y":-116.78,"width":682,"height":72}},"1g":{"1g":{"x":-0.27,"y":-32.85,"width":35,"height":68}},"1hai":{"1hai":{"y":-212,"width":682,"height":230}},"1lu":{"1lu":{"y":-391.5,"width":682,"height":135}},"1yueliang":{"1yueliang":{"x":-144.5,"y":190,"width":75,"height":88}},"1yun2":{"1yun2":{"x":180.5,"y":405,"width":321,"height":108}},"1yun3":{"1yun3":{"x":216.5,"y":264.5,"width":249,"height":107}},"1yun4":{"1yun4":{"x":-180,"y":197,"width":322,"height":168}},"1yun5":{"1yun5":{"x":239.5,"y":129,"width":203,"height":80}},"2chengshi2":{"2chengshi2":{"x":54,"y":-25,"width":70,"height":118}},"2chengshi4":{"2chengshi4":{"x":-295,"y":-46.5,"width":84,"height":75}},"2chengshi5":{"3chengshi5":{"x":278.5,"y":-17.5,"width":125,"height":133}},"2chengshi6":{"2chengshi6":{"x":-170.5,"y":-12,"width":43,"height":144}},"2chengshi9":{"2chengshi9":{"x":-230.5,"y":-32.5,"width":51,"height":103}},"2chengshi10":{"2chengshi10":{"x":210,"y":-7,"width":54,"height":152}},"2chengshi11":{"2chengshi11":{"x":72.5,"y":1.5,"width":39,"height":171}},"2g":{"2g":{"x":-0.02,"y":-38.01,"width":42,"height":80}},"3chengshi1":{"3chengshi1":{"x":-105.5,"y":8,"width":87,"height":184}},"3chengshi3":{"3chengshi3":{"x":150.7,"y":-34.5,"width":105,"height":99}},"3chengshi7":{"3chengshi7":{"x":-15.5,"y":-34,"width":77,"height":100}},"3chengshi12":{"3chengshi12":{"x":117,"y":-7.5,"width":50,"height":153}},"3chengshi13":{"3chengshi13":{"x":-192.5,"y":-32.5,"width":51,"height":103}},"3shu1":{"5shu1":{"x":-277.5,"y":-143,"width":127,"height":406}},"3shu2":{"5shu2":{"x":265,"y":-213.5,"width":152,"height":227}},"3shu3":{"5shu3":{"x":-115,"y":-236.5,"width":268,"height":177}},"3shu4":{"5shu4":{"x":98,"y":-234.5,"width":178,"height":185}},"3ta":{"3ta":{"x":14.5,"y":53.5,"width":119,"height":275}},"4caocong1":{"4caocong1":{"x":254,"y":-69.5,"width":160,"height":29}},"4caocong2":{"4caocong2":{"x":60,"y":-71,"width":230,"height":32}},"4fangding":{"6fangding":{"y":-324.5,"width":682,"height":269}},"4shucong1":{"5shucong1":{"x":-201.5,"y":-299,"width":279,"height":320}},"4shucong2":{"5shucong2":{"x":288,"y":46,"width":106,"height":306}},"5chuan":{"4chuan":{"x":11.81,"y":25.18,"width":131,"height":70}},"5shu":{"6shu":{"x":-134.5,"width":413,"height":918}},"5shuteng":{"6shuteng":{"x":-250.5,"y":-16,"width":93,"height":244}},"5yezi":{"6yezi":{"x":99,"y":-319.5,"width":78,"height":81}},"5yezi2":{"6yezi2":{"x":190.5,"y":-368.5,"width":63,"height":61}},"5yezi3":{"6yezi3":{"x":1.54,"y":-3.3,"width":85,"height":70}},"5yezi4":{"6yezi3":{"x":1.54,"y":-3.3,"width":85,"height":70}},"cg":{"cg":{"x":-0.91,"y":-21.8,"width":91,"height":32}},"ditu":{"ditu":{"type":"mesh","uvs":[1,1,0,1,0,0,1,0],"triangles":[1,2,3,1,3,0],"vertices":[341,-459,-341,-459,-341,459,341,459],"hull":4,"edges":[0,2,2,4,4,6,0,6],"width":682,"height":918}},"g":{"g":{"x":83.79,"y":-34.19,"width":209,"height":89}},"m":{"m":{"x":167.79,"y":-144.42,"width":119,"height":205}},"ty6":{"ty6":{"x":60.96,"y":-357.52,"width":560,"height":203}},"ty61":{"ty61":{"x":202.28,"y":-261.44,"width":101,"height":57}},"wb":{"wb":{"type":"mesh","uvs":[1,0.07707,0.85755,0.11559,0.8078,0.15228,0.80397,0.20547,0.8652,0.28251,1,0.39074,1,0.56316,0.93792,0.68239,0.84607,0.79612,0.70829,0.87867,0.52841,0.95754,0.29878,1,0.08446,1,0.08063,0.90801,0.40594,0.85849,0.53989,0.79429,0.63557,0.72825,0.70446,0.64754,0.76187,0.54482,0.70829,0.4476,0.60878,0.3247,0.52841,0.22381,0.57051,0.11926,0.67002,0.03855,0.77718,0,1,0],"triangles":[1,2,23,23,24,1,1,24,0,24,25,0,20,3,4,20,21,3,21,22,3,3,22,2,2,22,23,18,19,5,19,4,5,19,20,4,8,16,7,7,16,17,17,18,7,7,18,6,18,5,6,10,11,14,10,14,9,14,15,9,9,15,8,8,15,16,14,11,13,11,12,13],"vertices":[1,7,21.53,-12.76,1,2,6,27.16,-13.78,0.14325,7,8.66,-9.6,0.85675,2,6,22.06,-8.43,0.70696,7,1.48,-11.35,0.29304,2,6,13.38,-6.05,0.99518,7,-4.91,-17.68,0.00482,2,5,42.18,-7.82,0.62216,6,-0.43,-7.87,0.37784,1,5,21.46,-12.76,1,2,4,36.61,-6.98,0.93167,5,-6.34,-4.03,0.06833,1,4,15.9,-8.58,1,2,3,32.88,-8.82,0.8167,4,-4.69,-7.6,0.1833,1,3,15.04,-9.56,1,2,2,22.63,-1.56,0.06504,3,-4.58,-7.32,0.93496,2,2,4.03,-8.73,0.92044,3,-22.21,2,0.07956,1,2,-13.33,-8.73,1,1,2,-13.64,6.81,1,2,2,12.71,15.18,0.17856,3,1.53,11.16,0.82144,2,3,16.84,10.09,0.99727,4,-12.23,16.03,0.00273,2,3,30.34,11.58,0.59793,4,0.8,12.2,0.40207,2,3,44.3,16.32,0.00822,4,15.51,11.22,0.99178,2,4,33.45,12.3,0.59593,5,2.4,13.45,0.40407,2,4,47.66,21.61,0.00655,5,19.37,12.67,0.99345,2,5,41.6,14.13,0.59623,6,-2.57,13.99,0.40377,2,5,59.82,15.24,0.00973,6,15.52,16.38,0.99027,2,6,31.92,8.99,0.8257,7,-8.69,5.89,0.1743,1,7,6.52,10.3,1,1,7,17.31,9.09,1,1,7,30.45,-3.28,1],"hull":26,"edges":[26,28,28,30,30,32,32,34,34,36,36,38,38,40,40,42,42,44,44,46,48,50,46,48,0,50,0,2,2,4,4,6,6,8,8,10,10,12,12,14,14,16,16,18,18,20,20,22,22,24,24,26],"width":81,"height":169}}}}],"animations":{"animation":{"slots":{"5yezi3":{"color":[{"time":0.9333,"color":"ffffffff"},{"time":1.8333,"color":"ffffff00","curve":"stepped"},{"time":2.3333,"color":"ffffff00"},{"time":3.0333,"color":"ffffffff"}]},"5yezi4":{"color":[{"color":"ffffff00"},{"time":1.2333,"color":"ffffffff","curve":"stepped"},{"time":2.1,"color":"ffffffff"},{"time":3.3333,"color":"ffffff00"}]}},"bones":{"5miao2":{"rotate":[{"angle":0.18,"curve":0.36,"c2":0.64,"c3":0.695},{"time":0.1667,"curve":0.25,"c3":0.75},{"time":1.8333,"angle":4.33,"curve":0.245,"c3":0.711,"c4":0.83},{"time":3.3333,"angle":0.18}]},"5miao3":{"rotate":[{"angle":0.42,"curve":0.375,"c2":0.62,"c3":0.716},{"time":0.3333,"curve":0.25,"c3":0.75},{"time":2,"angle":3.23,"curve":0.243,"c3":0.68,"c4":0.71},{"time":3.3333,"angle":0.42}]},"5miao4":{"rotate":[{"angle":0.78,"curve":0.382,"c2":0.58,"c3":0.731},{"time":0.5,"curve":0.25,"c3":0.75},{"time":2.1667,"angle":3.23,"curve":0.243,"c3":0.655,"c4":0.63},{"time":3.3333,"angle":0.78}]},"5miao5":{"rotate":[{"angle":1.19,"curve":0.381,"c2":0.55,"c3":0.742},{"time":0.6667,"curve":0.25,"c3":0.75},{"time":2.3333,"angle":3.23,"curve":0.245,"c3":0.637,"c4":0.56},{"time":3.3333,"angle":1.19}]},"5miao6":{"rotate":[{"angle":1.61,"curve":0.375,"c2":0.5,"c3":0.75},{"time":0.8333,"curve":0.25,"c3":0.75},{"time":2.5,"angle":3.23,"curve":0.25,"c3":0.625,"c4":0.5},{"time":3.3333,"angle":1.61}]},"g":{"scale":[{"curve":0.25,"c3":0.75},{"time":1.6667,"y":1.282,"curve":0.25,"c3":0.75},{"time":3.3333}]},"2g":{"scale":[{"y":1.138,"curve":0.381,"c2":0.55,"c3":0.742},{"time":0.6667,"curve":0.25,"c3":0.75},{"time":2.3333,"y":1.376,"curve":0.245,"c3":0.637,"c4":0.56},{"time":3.3333,"y":1.138}]},"1g":{"scale":[{"curve":0.25,"c3":0.75},{"time":1.6667,"y":1.239,"curve":0.25,"c3":0.75},{"time":3.3333}]},"5yezi3":{"rotate":[{},{"time":1.8333,"angle":38.49},{"time":2.3333,"angle":-24.43},{"time":3.3333}],"translate":[{},{"time":1.8333,"x":44.1,"y":-35.28},{"time":2.3333,"x":-23.52,"y":19.11},{"time":3.3333}]},"5chuan":{"translate":[{"y":-0.37,"curve":0.375,"c2":0.62,"c3":0.716},{"time":0.3333,"curve":0.25,"c3":0.75},{"time":2,"y":-2.88,"curve":0.243,"c3":0.68,"c4":0.71},{"time":3.3333,"y":-0.37}]},"5yezi4":{"rotate":[{},{"time":3.3333,"angle":-109.03}],"translate":[{},{"time":3.3333,"x":124.13,"y":-144.82}]}}}}}