{"ditu": {"x": 340, "y": 458.0, "width": 682, "height": 918 },"1lu": {"x": 340, "y": 66.5, "width": 682, "height": 135 },"1banmaxian": {"x": 340, "y": 55.5, "width": 682, "height": 25 },"1anbian": {"x": 340, "y": 341.0, "width": 682, "height": 72 },"1hai": {"x": 340, "y": 246.0, "width": 682, "height": 230 },"1yueliang": {"x": 195.5, "y": 648.0, "width": 75, "height": 88 },"1yun5": {"x": 579.5, "y": 587.0, "width": 203, "height": 80 },"1yun4": {"x": 160, "y": 655.0, "width": 322, "height": 168 },"1yun3": {"x": 556.5, "y": 722.5, "width": 249, "height": 107 },"1yun2": {"x": 520.5, "y": 863.0, "width": 321, "height": 108 },"2chengshi11": {"x": 412.5, "y": 459.5, "width": 39, "height": 171 },"2chengshi2": {"x": 394, "y": 433.0, "width": 70, "height": 118 },"2chengshi4": {"x": 45, "y": 411.5, "width": 84, "height": 75 },"2chengshi9": {"x": 109.5, "y": 425.5, "width": 51, "height": 103 },"2chengshi10": {"x": 550, "y": 451.0, "width": 54, "height": 152 },"2chengshi6": {"x": 169.5, "y": 446.0, "width": 43, "height": 144 },"3chengshi5": {"x": 618.5, "y": 440.5, "width": 125, "height": 133 },"3chengshi7": {"x": 324.5, "y": 424.0, "width": 77, "height": 100 },"3chengshi1": {"x": 234.5, "y": 466.0, "width": 87, "height": 184 },"3chengshi3": {"x": 490.5, "y": 423.5, "width": 105, "height": 99 },"3chengshi12": {"x": 457, "y": 450.5, "width": 50, "height": 153 },"3chengshi13": {"x": 147.5, "y": 425.5, "width": 51, "height": 103 },"3ta": {"x": 354.5, "y": 511.5, "width": 119, "height": 275 },"4chuan": {"x": 253.5, "y": 372.0, "width": 131, "height": 70 },"4caocong1": {"x": 594, "y": 388.5, "width": 160, "height": 29 },"4caocong2": {"x": 400, "y": 387.0, "width": 230, "height": 32 },"5shu4": {"x": 438, "y": 223.5, "width": 178, "height": 185 },"5shu3": {"x": 225, "y": 221.5, "width": 268, "height": 177 },"5shu2": {"x": 605, "y": 244.5, "width": 152, "height": 227 },"5shu1": {"x": 62.5, "y": 315.0, "width": 127, "height": 406 },"5shucong1": {"x": 138.5, "y": 159.0, "width": 279, "height": 320 },"5shucong2": {"x": 628, "y": 504.0, "width": 106, "height": 306 },"6fangding": {"x": 340, "y": 133.5, "width": 682, "height": 269 },"6miao": {"x": 526.5, "y": 313.0, "width": 159, "height": 208 },"6yezi": {"x": 439, "y": 138.5, "width": 78, "height": 81 },"6yezi2": {"x": 530.5, "y": 89.5, "width": 63, "height": 61 },"6yezi3": {"x": 452.5, "y": 597.0, "width": 85, "height": 70 },"6shu": {"x": 205.5, "y": 458.0, "width": 413, "height": 918 },"6shuteng": {"x": 89.4999999999999, "y": 442.0, "width": 93, "height": 244 },"ty6": {"x": 401, "y": 100.5, "width": 560, "height": 203 },"ty61": {"x": 547.5, "y": 195.5, "width": 101, "height": 57 },"xg1": {"x": 340, "y": 480.0, "width": 682, "height": 874 },"xg2": {"x": 290.5, "y": 436.5, "width": 575, "height": 217 },"xg3": {"x": 341.5, "y": 412.5, "width": 679, "height": 471 },"xg4": {"x": 337.5, "y": 320.0, "width": 665, "height": 560 },"xg5": {"x": 340.5, "y": 403.0, "width": 681, "height": 514 },"xg6": {"x": 340, "y": 475.0, "width": 682, "height": 884 }}