{"skeleton":{"hash":"Oywn/jBKLN4JfmqJtcK4WE+Okfc","spine":"3.8.95","x":-360,"y":-738.77,"width":720,"height":1280,"images":"./images/","audio":""},"bones":[{"name":"root"},{"name":"coin500","parent":"root"},{"name":"gc","parent":"root"},{"name":"star1","parent":"root","x":156.7,"y":-10.16},{"name":"star2","parent":"root","x":152.02,"y":97.79},{"name":"gq","parent":"root"},{"name":"star3","parent":"root","x":152.02,"y":97.79},{"name":"star4","parent":"root","x":156.7,"y":-10.16},{"name":"star5","parent":"root","x":156.7,"y":-10.16},{"name":"star6","parent":"root","x":156.7,"y":-10.16}],"slots":[{"name":"1_5_2_claim","bone":"root"},{"name":"gq","bone":"gq"},{"name":"gc","bone":"gc"},{"name":"coin500","bone":"coin500"},{"name":"coin50","bone":"coin500"},{"name":"star1","bone":"star1"},{"name":"star5","bone":"star5"},{"name":"star4","bone":"star4"},{"name":"star6","bone":"star6"},{"name":"star2","bone":"star2"},{"name":"star3","bone":"star3"}],"skins":[{"name":"default","attachments":{"coin50":{"coin50":{"x":18.32,"y":-9.6,"width":177,"height":117}},"coin500":{"coin500":{"width":231,"height":181}},"gc":{"result_effect_back0202":{"width":493,"height":484}},"gq":{"gq":{"width":694,"height":693}},"star1":{"star1":{"width":25,"height":28}},"star2":{"star2":{"width":45,"height":50}},"star3":{"star2":{"scaleX":0.6802,"scaleY":0.6802,"width":45,"height":50}},"star4":{"star1":{"width":25,"height":28}},"star5":{"star1":{"scaleX":1.2034,"scaleY":1.2034,"width":25,"height":28}},"star6":{"star1":{"scaleX":0.7826,"scaleY":0.7826,"width":25,"height":28}}}}],"animations":{"animation":{"slots":{"coin500":{"color":[{"color":"ffffff00","curve":0,"c3":0.75},{"time":0.1333,"color":"ffffffff","curve":"stepped"},{"time":0.8333,"color":"ffffffff"},{"time":1.0667,"color":"ffffff00"}],"attachment":[{"name":"coin500"}]},"gc":{"color":[{"color":"ffffff00","curve":0,"c3":0.75},{"time":0.2333,"color":"ffffff9f","curve":"stepped"},{"time":0.7,"color":"ffffff9f"},{"time":0.9,"color":"ffffff00"}],"attachment":[{"name":"result_effect_back0202"}]},"gq":{"color":[{"color":"ffffff00","curve":0,"c3":0.75},{"time":0.2333,"color":"ffffffff","curve":"stepped"},{"time":0.8,"color":"ffffffff"},{"time":1.0667,"color":"ffffff00"}]},"star1":{"color":[{"color":"ffffff00"},{"time":0.1333,"color":"ffffffff","curve":"stepped"},{"time":0.3,"color":"ffffffff"},{"time":0.4667,"color":"ffffff00"}],"attachment":[{"name":"star1"}]},"star2":{"color":[{"color":"ffffff00"},{"time":0.1333,"color":"ffffffff","curve":"stepped"},{"time":0.3,"color":"ffffffff"},{"time":0.4333,"color":"ffffff00"}],"attachment":[{"name":"star2"}]},"star3":{"color":[{"color":"ffffff00","curve":"stepped"},{"time":0.0667,"color":"ffffff00"},{"time":0.2,"color":"ffffffff","curve":"stepped"},{"time":0.3667,"color":"ffffffff"},{"time":0.5333,"color":"ffffff00"}],"attachment":[{"name":"star2"}]},"star4":{"color":[{"color":"ffffff00","curve":"stepped"},{"time":0.1,"color":"ffffff00"},{"time":0.2333,"color":"ffffffff","curve":"stepped"},{"time":0.4,"color":"ffffffff"},{"time":0.5667,"color":"ffffff00"}],"attachment":[{"name":"star1"}]},"star5":{"color":[{"color":"ffffff00","curve":"stepped"},{"time":0.0667,"color":"ffffff00"},{"time":0.2,"color":"ffffffff","curve":"stepped"},{"time":0.3667,"color":"ffffffff"},{"time":0.5333,"color":"ffffff00"}],"attachment":[{"name":"star1"}]},"star6":{"color":[{"color":"ffffff00","curve":"stepped"},{"time":0.1333,"color":"ffffff00"},{"time":0.2667,"color":"ffffffff","curve":"stepped"},{"time":0.4333,"color":"ffffffff"},{"time":0.6,"color":"ffffff00"}],"attachment":[{"name":"star1"}]}},"bones":{"coin500":{"scale":[{"x":0.7,"y":0.7,"curve":0.224,"c3":0.488},{"time":0.2333,"x":1.1,"y":1.1,"curve":0.25,"c3":0.75},{"time":0.5667}]},"gq":{"scale":[{"x":0.5,"y":0.5,"curve":0.224,"c3":0.488},{"time":0.3333}]},"gc":{"rotate":[{},{"time":1,"angle":-90},{"time":1.5325,"angle":180}],"scale":[{"x":0.7,"y":0.7,"curve":0.224,"c3":0.488},{"time":0.2667,"x":0.923,"y":0.923}]},"star1":{"translate":[{"x":-41.07,"y":-6.08,"curve":0.224,"c3":0.488},{"time":0.4333,"x":56.28,"y":-36.5}]},"star2":{"translate":[{"x":-88.53,"y":-41.3,"curve":0.224,"c3":0.488},{"time":0.4,"x":6.82,"y":16.1}],"scale":[{},{"time":0.1333,"x":1.191,"y":1.191},{"time":0.4,"x":0.597,"y":0.597}]},"star3":{"translate":[{"x":-263.05,"y":-118.29,"curve":"stepped"},{"time":0.0667,"x":-263.05,"y":-118.29,"curve":0.224,"c3":0.488},{"time":0.5,"x":-348.26,"y":-178.21}],"scale":[{"time":0.0667},{"time":0.2,"x":1.191,"y":1.191},{"time":0.5,"x":0.597,"y":0.597}]},"star4":{"translate":[{"x":-207.5,"y":57.05,"curve":"stepped"},{"time":0.1,"x":-207.5,"y":57.05,"curve":0.262,"c3":0.556,"c4":0.62},{"time":0.4,"x":-255.8,"y":122.09,"curve":0.286,"c2":0.58,"c3":0.614},{"time":0.5333,"x":-267.02,"y":131.84}]},"star5":{"translate":[{"x":-156.84,"y":28.48,"curve":"stepped"},{"time":0.0667,"x":-156.84,"y":28.48,"curve":0.224,"c3":0.488},{"time":0.5,"x":-125.16,"y":-93.53}]},"star6":{"translate":[{"x":-207.5,"y":57.05,"curve":0.262,"c3":0.556,"c4":0.62},{"time":0.1333,"x":-131.63,"y":60.01,"curve":0.262,"c3":0.556,"c4":0.62},{"time":0.5667,"x":-129.29,"y":150.43}]}}},"animation2":{"slots":{"coin50":{"color":[{"color":"ffffff00","curve":0,"c3":0.75},{"time":0.1333,"color":"ffffffff","curve":"stepped"},{"time":0.8333,"color":"ffffffff"},{"time":1.0667,"color":"ffffff00"}],"attachment":[{"name":"coin50"}]},"coin500":{"color":[{"color":"ffffff00","curve":0,"c3":0.75},{"time":0.1333,"color":"ffffffff","curve":"stepped"},{"time":0.8333,"color":"ffffffff"},{"time":1.0667,"color":"ffffff00"}]},"gc":{"color":[{"color":"ffffff00","curve":0,"c3":0.75},{"time":0.2333,"color":"ffffff9f","curve":"stepped"},{"time":0.7,"color":"ffffff9f"},{"time":0.9,"color":"ffffff00"}],"attachment":[{"name":"result_effect_back0202"}]},"gq":{"color":[{"color":"ffffff00","curve":0,"c3":0.75},{"time":0.2333,"color":"ffffffff","curve":"stepped"},{"time":0.8,"color":"ffffffff"},{"time":1.0667,"color":"ffffff00"}]},"star1":{"color":[{"color":"ffffff00"},{"time":0.1333,"color":"ffffffff","curve":"stepped"},{"time":0.3,"color":"ffffffff"},{"time":0.4667,"color":"ffffff00"}],"attachment":[{"name":"star1"}]},"star2":{"color":[{"color":"ffffff00"},{"time":0.1333,"color":"ffffffff","curve":"stepped"},{"time":0.3,"color":"ffffffff"},{"time":0.4333,"color":"ffffff00"}],"attachment":[{"name":"star2"}]},"star3":{"color":[{"color":"ffffff00","curve":"stepped"},{"time":0.0667,"color":"ffffff00"},{"time":0.2,"color":"ffffffff","curve":"stepped"},{"time":0.3667,"color":"ffffffff"},{"time":0.5333,"color":"ffffff00"}],"attachment":[{"name":"star2"}]},"star4":{"color":[{"color":"ffffff00","curve":"stepped"},{"time":0.1,"color":"ffffff00"},{"time":0.2333,"color":"ffffffff","curve":"stepped"},{"time":0.4,"color":"ffffffff"},{"time":0.5667,"color":"ffffff00"}],"attachment":[{"name":"star1"}]},"star5":{"color":[{"color":"ffffff00","curve":"stepped"},{"time":0.0667,"color":"ffffff00"},{"time":0.2,"color":"ffffffff","curve":"stepped"},{"time":0.3667,"color":"ffffffff"},{"time":0.5333,"color":"ffffff00"}],"attachment":[{"name":"star1"}]},"star6":{"color":[{"color":"ffffff00","curve":"stepped"},{"time":0.1333,"color":"ffffff00"},{"time":0.2667,"color":"ffffffff","curve":"stepped"},{"time":0.4333,"color":"ffffffff"},{"time":0.6,"color":"ffffff00"}],"attachment":[{"name":"star1"}]}},"bones":{"coin500":{"scale":[{"x":0.7,"y":0.7,"curve":0.224,"c3":0.488},{"time":0.2333,"x":1.1,"y":1.1,"curve":0.25,"c3":0.75},{"time":0.5667}]},"gq":{"scale":[{"x":0.5,"y":0.5,"curve":0.224,"c3":0.488},{"time":0.3333}]},"gc":{"rotate":[{},{"time":1,"angle":-90},{"time":1.5325,"angle":180}],"scale":[{"x":0.7,"y":0.7,"curve":0.224,"c3":0.488},{"time":0.2667,"x":0.765,"y":0.765}]},"star1":{"translate":[{"x":-41.07,"y":-6.08,"curve":0.224,"c3":0.488},{"time":0.4333,"x":56.28,"y":-36.5}]},"star2":{"translate":[{"x":-88.53,"y":-41.3,"curve":0.224,"c3":0.488},{"time":0.4,"x":6.82,"y":16.1}],"scale":[{},{"time":0.1333,"x":1.191,"y":1.191},{"time":0.4,"x":0.597,"y":0.597}]},"star3":{"translate":[{"x":-263.05,"y":-118.29,"curve":"stepped"},{"time":0.0667,"x":-263.05,"y":-118.29,"curve":0.224,"c3":0.488},{"time":0.5,"x":-348.26,"y":-178.21}],"scale":[{"time":0.0667},{"time":0.2,"x":1.191,"y":1.191},{"time":0.5,"x":0.597,"y":0.597}]},"star4":{"translate":[{"x":-207.5,"y":57.05,"curve":"stepped"},{"time":0.1,"x":-207.5,"y":57.05,"curve":0.262,"c3":0.556,"c4":0.62},{"time":0.4,"x":-255.8,"y":122.09,"curve":0.286,"c2":0.58,"c3":0.614},{"time":0.5333,"x":-267.02,"y":131.84}]},"star5":{"translate":[{"x":-156.84,"y":28.48,"curve":"stepped"},{"time":0.0667,"x":-156.84,"y":28.48,"curve":0.224,"c3":0.488},{"time":0.5,"x":-125.16,"y":-93.53}]},"star6":{"translate":[{"x":-207.5,"y":57.05,"curve":0.262,"c3":0.556,"c4":0.62},{"time":0.1333,"x":-131.63,"y":60.01,"curve":0.262,"c3":0.556,"c4":0.62},{"time":0.5667,"x":-129.29,"y":150.43}]}}}}}