{"ditu": {"x": "340", "y": 458.0, "width": "680", "height": "916" },"shu1": {"x": "579.5", "y": 679.0, "width": "201", "height": "474" },"shu2": {"x": "579.5", "y": 664.0, "width": "129", "height": "504" },"shu3": {"x": "418.5", "y": 661.5, "width": "201", "height": "509" },"lu": {"x": "340.5", "y": 128.0, "width": "679", "height": "256" },"lou": {"x": "195", "y": 636.0, "width": "390", "height": "560" },"taijie": {"x": "250.5", "y": 323.5, "width": "501", "height": "137" },"menkuang": {"x": "160.5", "y": 540.5, "width": "229", "height": "353" },"chuanghu1": {"x": "257", "y": 838.5, "width": "112", "height": "155" },"chuanghu2": {"x": "82", "y": 837.0, "width": "112", "height": "158" },"deng": {"x": "296.5", "y": 517.0, "width": "59", "height": "106" },"tuceng1": {"x": "39", "y": 516.0, "width": "58", "height": "106" },"langan": {"x": "340", "y": 126.0, "width": "680", "height": "252" },"renwu": {"x": "509.5", "y": 289.0, "width": "321", "height": "578" },"xg1": {"x": "252", "y": 585.0, "width": "504", "height": "662" },"xg2": {"x": "169", "y": 646.0, "width": "292", "height": "538" },"xg3": {"x": "340", "y": 289.0, "width": "680", "height": "578" }}