{"skeleton":{"hash":"QyPQJ28Tde7w5Om4+t6oNu6gl3A","spine":"3.8.95","x":-126.61,"y":-212.54,"width":252,"height":338.99,"images":"./images/","audio":"E:/Art/UI/0_loading2/images"},"bones":[{"name":"root"},{"name":"bg","parent":"root"},{"name":"Art Jigsaw Puzzle","parent":"bg","x":-1.05,"y":-172.31,"scaleX":0.9,"scaleY":0.9},{"name":"bg3","parent":"bg","x":-1.33,"y":-80.6},{"name":"star3","parent":"bg","x":-75.67,"y":-13.24},{"name":"star9","parent":"bg","x":58.46,"y":-14.64},{"name":"star4","parent":"bg","x":-65.4,"y":11.52},{"name":"star5","parent":"bg","x":-27.18,"y":38.2,"scaleX":0.6132,"scaleY":0.6132},{"name":"star6","parent":"bg","x":-69.72,"y":65.6,"scaleX":0.6132,"scaleY":0.6132},{"name":"star7","parent":"bg","x":32.66,"y":64.88,"scaleX":1.1475,"scaleY":1.1475},{"name":"star8","parent":"bg","x":61.5,"y":81.46,"scaleX":0.8781,"scaleY":0.8781},{"name":"star10","parent":"bg","x":59.34,"y":16.57,"scaleX":0.7875,"scaleY":0.7875},{"name":"star11","parent":"bg","x":75.92,"y":-18.04,"scaleX":1.201,"scaleY":1.201},{"name":"star12","parent":"bg","x":43.94,"y":21.47}],"slots":[{"name":"Art Jigsaw Puzzle","bone":"Art Jigsaw Puzzle","attachment":"Art Jigsaw Puzzle"},{"name":"bg1","bone":"bg3","attachment":"bg1"},{"name":"bg2","bone":"bg3","attachment":"bg2"},{"name":"star9","bone":"star9","attachment":"star9"},{"name":"star12","bone":"star12","attachment":"star9"},{"name":"star3","bone":"star3","attachment":"star3"},{"name":"star4","bone":"star4","attachment":"star3"},{"name":"star5","bone":"star5","attachment":"star3"},{"name":"star6","bone":"star6","attachment":"star3"},{"name":"star7","bone":"star7","attachment":"star3"},{"name":"star8","bone":"star8","attachment":"star3"},{"name":"star10","bone":"star10","attachment":"star3"},{"name":"star11","bone":"star11","attachment":"star3"}],"skins":[{"name":"default","attachments":{"Art Jigsaw Puzzle":{"Art Jigsaw Puzzle":{"x":1.05,"y":3.3,"width":260,"height":96}},"bg1":{"bg1":{"x":1.33,"y":91.36,"width":200,"height":200}},"bg2":{"bg2":{"x":0.72,"y":81.05,"width":252,"height":252}},"star3":{"star3":{"x":0.17,"y":-0.76,"width":11,"height":10}},"star4":{"star3":{"x":0.17,"y":-0.76,"width":11,"height":10}},"star5":{"star3":{"x":0.17,"y":-0.76,"width":11,"height":10}},"star6":{"star3":{"x":0.17,"y":-0.76,"width":11,"height":10}},"star7":{"star3":{"x":0.17,"y":-0.76,"width":11,"height":10}},"star8":{"star3":{"x":0.17,"y":-0.76,"width":11,"height":10}},"star9":{"star9":{"x":-48.96,"y":5.64,"width":149,"height":66}},"star10":{"star3":{"x":0.17,"y":-0.76,"width":11,"height":10}},"star11":{"star3":{"x":0.17,"y":-0.76,"width":11,"height":10}},"star12":{"star9":{"x":-48.96,"y":5.64,"width":149,"height":66}}}}],"animations":{"idle":{"slots":{"star3":{"color":[{"color":"ffffffb1"},{"time":0.6,"color":"ffffffff","curve":"stepped"},{"time":0.9,"color":"ffffffff"},{"time":1.6667,"color":"ffffff00","curve":"stepped"},{"time":2,"color":"ffffff00"},{"time":2.5,"color":"ffffffb1"}]},"star4":{"color":[{"time":0.5,"color":"ffffffff"},{"time":1.2,"color":"ffffff00","curve":"stepped"},{"time":1.6333,"color":"ffffff00"},{"time":2.5,"color":"ffffffff"}]},"star5":{"color":[{"color":"ffffff00","curve":"stepped"},{"time":0.2667,"color":"ffffff00"},{"time":0.8667,"color":"ffffffff","curve":"stepped"},{"time":1.3333,"color":"ffffffff"},{"time":2.1,"color":"ffffff00"}]},"star6":{"color":[{"color":"ffffff00","curve":"stepped"},{"time":0.5,"color":"ffffff00"},{"time":1.1,"color":"ffffffff","curve":"stepped"},{"time":1.5667,"color":"ffffffff"},{"time":2.3333,"color":"ffffff00"}]},"star7":{"color":[{"color":"ffffff00"},{"time":1.0667,"color":"ffffffff"},{"time":2,"color":"ffffff00"}]},"star8":{"color":[{"time":0.1667,"color":"ffffffff"},{"time":0.8333,"color":"ffffff00","curve":"stepped"},{"time":1.2,"color":"ffffff00"},{"time":1.9667,"color":"ffffffff"}]},"star9":{"color":[{"color":"ffffff00"},{"time":0.6,"color":"ffffffff","curve":"stepped"},{"time":1.0667,"color":"ffffffff"},{"time":1.8333,"color":"ffffff00"}]},"star10":{"color":[{"color":"ffffff00"},{"time":0.6,"color":"ffffffff","curve":"stepped"},{"time":1.0667,"color":"ffffffff"},{"time":1.8333,"color":"ffffff00"}]},"star11":{"color":[{"time":0.5333,"color":"ffffffff"},{"time":1.3333,"color":"ffffff00","curve":"stepped"},{"time":1.7,"color":"ffffff00"},{"time":2.5,"color":"ffffffff"}]},"star12":{"color":[{"time":0.3667,"color":"ffffffff"},{"time":1.0333,"color":"ffffff00","curve":"stepped"},{"time":1.4333,"color":"ffffff00"},{"time":2.1333,"color":"ffffffff"}]}},"bones":{"star5":{"translate":[{"time":0.2667,"curve":0.25,"c3":0.75},{"time":2.1,"y":13.82}]},"star6":{"translate":[{"time":0.5,"curve":0.25,"c3":0.75},{"time":2.3333,"y":13.82}]},"star3":{"translate":[{},{"time":1.6667,"y":26.07},{"time":2,"y":-7.62},{"time":2.5}]},"star7":{"translate":[{"curve":0.25,"c3":0.75},{"time":2.5,"y":18.08}]},"star10":{"translate":[{"curve":0.25,"c3":0.75},{"time":1.8333,"y":13.82}]},"star9":{"translate":[{"curve":0.25,"c3":0.75},{"time":1.8333,"y":9.02}]},"star4":{"translate":[{},{"time":1.2,"y":8.14},{"time":1.6333,"y":-7.03},{"time":2.5}]},"star11":{"translate":[{},{"time":1.3333,"y":13.58},{"time":1.7,"y":-7.75},{"time":2.5}]},"star8":{"translate":[{},{"time":0.8333,"y":4.54},{"time":1.2,"y":-8.81},{"time":2.5}]},"star12":{"translate":[{},{"time":1.0333,"y":5.81},{"time":1.4333,"y":-7.88},{"time":2.5}]}}},"in":{"slots":{"Art Jigsaw Puzzle":{"color":[{"color":"ffffff00","curve":0.25},{"time":1,"color":"ffffffff"}]},"star3":{"color":[{"color":"ffffff00","curve":"stepped"},{"time":0.3333,"color":"ffffff00"},{"time":0.9333,"color":"ffffffff","curve":"stepped"},{"time":1.2333,"color":"ffffffff"},{"time":2,"color":"ffffff00","curve":"stepped"},{"time":2.3333,"color":"ffffff00"},{"time":2.8333,"color":"ffffffb1"}]},"star4":{"color":[{"color":"ffffff00","curve":"stepped"},{"time":0.3333,"color":"ffffff00"},{"time":0.8333,"color":"ffffffff"},{"time":1.5333,"color":"ffffff00","curve":"stepped"},{"time":1.9667,"color":"ffffff00"},{"time":2.8333,"color":"ffffffff"}]},"star5":{"color":[{"color":"ffffff00","curve":"stepped"},{"time":0.6,"color":"ffffff00"},{"time":1.2,"color":"ffffffff","curve":"stepped"},{"time":1.6667,"color":"ffffffff"},{"time":2.4333,"color":"ffffff00"}]},"star6":{"color":[{"color":"ffffff00","curve":"stepped"},{"time":0.8333,"color":"ffffff00"},{"time":1.4333,"color":"ffffffff","curve":"stepped"},{"time":1.9,"color":"ffffffff"},{"time":2.6667,"color":"ffffff00"}]},"star7":{"color":[{"color":"ffffff00","curve":"stepped"},{"time":0.3333,"color":"ffffff00"},{"time":1.4,"color":"ffffffff"},{"time":2.3333,"color":"ffffff00"}]},"star8":{"color":[{"color":"ffffff00","curve":"stepped"},{"time":0.3333,"color":"ffffff00"},{"time":1.1667,"color":"ffffff00","curve":"stepped"},{"time":1.5333,"color":"ffffff00"},{"time":2.3,"color":"ffffffff"}]},"star9":{"color":[{"color":"ffffff00","curve":"stepped"},{"time":0.3333,"color":"ffffff00"},{"time":0.9333,"color":"ffffffff","curve":"stepped"},{"time":1.4,"color":"ffffffff"},{"time":2.1667,"color":"ffffff00"}]},"star10":{"color":[{"color":"ffffff00","curve":"stepped"},{"time":0.3333,"color":"ffffff00"},{"time":0.9333,"color":"ffffffff","curve":"stepped"},{"time":1.4,"color":"ffffffff"},{"time":2.1667,"color":"ffffff00"}]},"star11":{"color":[{"color":"ffffff00","curve":"stepped"},{"time":0.3333,"color":"ffffff00"},{"time":1.6667,"color":"ffffff00","curve":"stepped"},{"time":2.0333,"color":"ffffff00"},{"time":2.8333,"color":"ffffffff"}]},"star12":{"color":[{"color":"ffffff00","curve":"stepped"},{"time":0.3333,"color":"ffffff00"},{"time":1.3667,"color":"ffffff00","curve":"stepped"},{"time":1.7667,"color":"ffffff00"},{"time":2.4667,"color":"ffffffff"}]}},"bones":{"star3":{"translate":[{"time":0.3333},{"time":2,"y":26.07},{"time":2.3333,"y":-7.62},{"time":2.8333}]},"star5":{"translate":[{"time":0.6,"curve":0.25,"c3":0.75},{"time":2.4333,"y":13.82}]},"star6":{"translate":[{"time":0.8333,"curve":0.25,"c3":0.75},{"time":2.6667,"y":13.82}]},"star11":{"translate":[{"time":0.3333},{"time":1.6667,"y":13.58},{"time":2.0333,"y":-7.75},{"time":2.8333}]},"star8":{"translate":[{"time":0.3333},{"time":1.1667,"y":4.54},{"time":1.5333,"y":-8.81},{"time":2.8333}]},"star7":{"translate":[{"time":0.3333,"curve":0.25,"c3":0.75},{"time":2.8333,"y":18.08}]},"star10":{"translate":[{"time":0.3333,"curve":0.25,"c3":0.75},{"time":2.1667,"y":13.82}]},"star9":{"translate":[{"time":0.3333,"curve":0.25,"c3":0.75},{"time":2.1667,"y":9.02}]},"star4":{"translate":[{"time":0.3333},{"time":1.5333,"y":8.14},{"time":1.9667,"y":-7.03},{"time":2.8333}]},"star12":{"translate":[{"time":0.3333},{"time":1.3667,"y":5.81},{"time":1.7667,"y":-7.88},{"time":2.8333}]}}}}}