{"skeleton":{"hash":"K21OGAjd5sItZvITWjNuuwP/btk","spine":"3.8.95","x":-72.17,"y":-69.36,"width":144.35,"height":138.72,"images":"./images/","audio":"E:/Art/UI/9.22/主题界面/images"},"bones":[{"name":"root"},{"name":"qxxxx","parent":"root"},{"name":"star4","parent":"qxxxx","scaleX":0.6249,"scaleY":0.6249},{"name":"star4_1","parent":"star4"},{"name":"qxx","parent":"qxxxx","x":-75.6,"y":45.69},{"name":"star5","parent":"qxx","x":61.28,"y":-0.23,"scaleX":1.209,"scaleY":1.209},{"name":"star6","parent":"qxx","x":61.28,"y":-0.23,"scaleX":1.1894,"scaleY":1.1894},{"name":"star7","parent":"qxx","x":61.28,"y":-0.23,"scaleX":1.0756,"scaleY":1.0756},{"name":"star8","parent":"qxx","x":61.28,"y":-0.23,"scaleX":1.945,"scaleY":1.945},{"name":"star9","parent":"qxx","x":61.28,"y":-0.23,"scaleX":1.4343,"scaleY":1.4343},{"name":"star10","parent":"qxx","x":61.28,"y":-0.23,"scaleX":0.4242,"scaleY":0.4242},{"name":"star11","parent":"qxx","x":61.28,"y":-0.23,"scaleX":2.0207,"scaleY":2.0207},{"name":"star12","parent":"qxx","x":61.28,"y":-0.23,"scaleX":0.7743,"scaleY":0.7743},{"name":"star13","parent":"qxx","x":61.28,"y":-0.23,"scaleX":1.2446,"scaleY":1.2446},{"name":"baodian","parent":"qxxxx"},{"name":"gift3","parent":"root"}],"slots":[{"name":"gift3","bone":"gift3"},{"name":"star12","bone":"star4_1"},{"name":"star13","bone":"star4_1","blend":"additive"},{"name":"star6","bone":"star5"},{"name":"star10","bone":"star9"},{"name":"star11","bone":"star10"},{"name":"star9","bone":"star8"},{"name":"star7","bone":"star6"},{"name":"star15","bone":"star12"},{"name":"star16","bone":"star13"},{"name":"star8","bone":"star7"},{"name":"star14","bone":"star11"},{"name":"star5","bone":"star4","color":"ffffff00","attachment":"star4"},{"name":"baodian","bone":"baodian","blend":"additive"}],"skins":[{"name":"default","attachments":{"baodian":{"baodian":{"width":128,"height":128}},"gift3":{"gift":{"x":1.03,"y":56.45,"width":108,"height":114}},"star5":{"star4":{"width":231,"height":222}},"star6":{"xx":{"x":0.22,"y":-2.96,"width":90,"height":99}},"star7":{"xx":{"x":0.22,"y":-2.96,"width":90,"height":99}},"star8":{"xx":{"x":0.22,"y":-2.96,"width":90,"height":99}},"star9":{"xx":{"x":0.22,"y":-2.96,"width":90,"height":99}},"star10":{"xx":{"x":0.22,"y":-2.96,"width":90,"height":99}},"star11":{"xx":{"x":0.22,"y":-2.96,"width":90,"height":99}},"star12":{"star4_1":{"x":0.81,"width":275,"height":266}},"star13":{"star4_1":{"x":0.81,"width":275,"height":266}},"star14":{"xx":{"x":0.22,"y":-2.96,"width":90,"height":99}},"star15":{"xx":{"x":0.22,"y":-2.96,"width":90,"height":99}},"star16":{"xx":{"x":0.22,"y":-2.96,"width":90,"height":99}}}}],"animations":{"1":{"slots":{"baodian":{"color":[{"color":"ffffff5e","curve":"stepped"},{"time":0.0333,"color":"ffffff5e"},{"time":0.1,"color":"f3da5fff"},{"time":0.2,"color":"ffffff00"}],"attachment":[{"time":0.0333,"name":"baodian"}]},"gift3":{"color":[{"color":"ffffff00"},{"time":0.1667,"color":"ffffffff"}],"attachment":[{"name":"gift"}]},"star5":{"attachment":[{"name":null},{"time":0.0333,"name":"star4"}]},"star6":{"color":[{"time":0.1333,"color":"ffffffff"},{"time":0.3333,"color":"ffffff00"}],"attachment":[{"time":0.0667,"name":"xx"}]},"star7":{"color":[{"time":0.2667,"color":"ffffffff"},{"time":0.4333,"color":"ffffff00"}],"attachment":[{"time":0.1333,"name":"xx"}]},"star8":{"color":[{"time":0.1667,"color":"ffffffff"},{"time":0.4333,"color":"ffffff00"}],"attachment":[{"time":0.0667,"name":"xx"}]},"star9":{"color":[{"time":0.1667,"color":"ffffffff"},{"time":0.4333,"color":"ffffff00"}],"attachment":[{"time":0.0667,"name":"xx"}]},"star10":{"color":[{"time":0.0667,"color":"ffffffff"},{"time":0.3667,"color":"ffffff00"}],"attachment":[{"time":0.0667,"name":"xx"}]},"star11":{"color":[{"time":0.0667,"color":"ffffffff"},{"time":0.2667,"color":"ffffff00"}],"attachment":[{"time":0.0667,"name":"xx"}]},"star12":{"color":[{"time":0.0333,"color":"ffffffff","curve":0,"c3":0.569},{"time":0.2667,"color":"ffffff00"}],"attachment":[{"time":0.0333,"name":"star4_1"}]},"star13":{"color":[{"color":"ffffffff","curve":0,"c3":0.569},{"time":0.0333,"color":"ffffff3b","curve":0,"c3":0.569},{"time":0.2667,"color":"ffffff00"}],"attachment":[{"time":0.0333,"name":"star4_1"}]},"star14":{"color":[{"time":0.2333,"color":"ffffffff"},{"time":0.4,"color":"ffffff00"}],"attachment":[{"time":0.1,"name":"xx"}]},"star15":{"color":[{"time":0.2,"color":"ffffffff"},{"time":0.5667,"color":"ffffff00"}],"attachment":[{"time":0.0667,"name":"xx"}]},"star16":{"color":[{"time":0.2,"color":"ffffffff"},{"time":0.4667,"color":"ffffff00"}],"attachment":[{"time":0.1,"name":"xx"}]}},"bones":{"star13":{"rotate":[{"time":0.1,"curve":0,"c3":0.66},{"time":0.3333,"angle":-171.36}],"translate":[{"x":23.41,"y":-21.79,"curve":"stepped"},{"time":0.0333,"x":23.41,"y":-21.79,"curve":0,"c3":0.66},{"time":0.1,"x":24.33,"y":-31.78,"curve":0.246,"c2":0.36,"c3":0.718},{"time":0.3667,"x":70.43,"y":-54.94}],"scale":[{"x":0.323,"y":0.323,"curve":"stepped"},{"time":0.1,"x":0.323,"y":0.323,"curve":0,"c3":0.66},{"time":0.2667,"x":0.153,"y":0.153}]},"star5":{"rotate":[{"time":0.0667,"curve":0,"c3":0.66},{"time":0.2667,"angle":-171.36}],"translate":[{"x":5.83,"y":-18.42,"curve":"stepped"},{"time":0.0667,"x":5.83,"y":-18.42,"curve":0,"c3":0.66},{"time":0.2667,"x":-12.53,"y":-10.51}],"scale":[{"x":0.323,"y":0.323,"curve":"stepped"},{"time":0.0667,"x":0.323,"y":0.323,"curve":0,"c3":0.66},{"time":0.2667,"x":0.167,"y":0.167}]},"star7":{"rotate":[{"time":0.0667,"curve":0,"c3":0.66},{"time":0.3667,"angle":-123.34}],"translate":[{"x":11.22,"y":-33.98,"curve":"stepped"},{"time":0.0667,"x":11.22,"y":-33.98,"curve":0,"c3":0.66},{"time":0.3667,"x":-41,"y":-18.85}],"scale":[{"x":0.289,"y":0.289,"curve":"stepped"},{"time":0.0333,"x":0.289,"y":0.289,"curve":0,"c3":0.66},{"time":0.0667,"x":0.408,"y":0.408,"curve":0,"c3":0.66},{"time":0.3667,"x":0.148,"y":0.148}]},"star9":{"rotate":[{"time":0.0667,"curve":0,"c3":0.66},{"time":0.3,"angle":-171.36}],"translate":[{"x":19.9,"y":-18.89,"curve":"stepped"},{"time":0.0667,"x":19.9,"y":-18.89,"curve":0,"c3":0.66},{"time":0.3667,"x":35.34,"y":8.95}],"scale":[{"x":0.323,"y":0.323,"curve":"stepped"},{"time":0.0667,"x":0.323,"y":0.323,"curve":0,"c3":0.66},{"time":0.3,"x":0.167,"y":0.167}]},"star8":{"rotate":[{"time":0.0667,"curve":0,"c3":0.66},{"time":0.3333,"angle":-171.36}],"translate":[{"x":20.56,"y":-33.66,"curve":"stepped"},{"time":0.0667,"x":20.56,"y":-33.66,"curve":0,"c3":0.66},{"time":0.3333,"x":37.43,"y":-70.83}],"scale":[{"x":0.323,"y":0.323,"curve":"stepped"},{"time":0.0667,"x":0.323,"y":0.323,"curve":0,"c3":0.66},{"time":0.3333,"x":0.122,"y":0.122}]},"star12":{"rotate":[{"time":0.0667,"curve":0,"c3":0.66},{"time":0.4333,"angle":-171.36}],"translate":[{"x":23.41,"y":-21.79,"curve":"stepped"},{"time":0.0333,"x":23.41,"y":-21.79,"curve":0,"c3":0.66},{"time":0.0667,"x":15.28,"y":-24.29,"curve":0,"c3":0.66},{"time":0.4333,"x":14.42,"y":24.68}],"scale":[{"x":0.323,"y":0.323,"curve":"stepped"},{"time":0.0667,"x":0.323,"y":0.323,"curve":0,"c3":0.66},{"time":0.4333,"x":0.293,"y":0.293}]},"star4_1":{"scale":[{"time":0.0333,"curve":0,"c3":0.569},{"time":0.2667,"x":2.642,"y":2.642}]},"qxxxx":{"translate":[{"y":37.62}],"scale":[{},{"time":0.2667,"x":1.548,"y":1.548}]},"star6":{"rotate":[{"time":0.1333,"curve":0,"c3":0.66},{"time":0.3333,"angle":-171.36}],"translate":[{"x":23.41,"y":-21.79,"curve":"stepped"},{"time":0.1333,"x":23.41,"y":-21.79,"curve":0,"c3":0.66},{"time":0.3333,"x":46.83,"y":-8.29}],"scale":[{"x":0.323,"y":0.323,"curve":"stepped"},{"time":0.1333,"x":0.323,"y":0.323,"curve":0,"c3":0.66},{"time":0.3333,"x":0.122,"y":0.122}]},"star10":{"rotate":[{"time":0.0667,"curve":0,"c3":0.66},{"time":0.2333,"angle":-171.36}],"translate":[{"x":19.9,"y":-18.89,"curve":"stepped"},{"time":0.0333,"x":19.9,"y":-18.89,"curve":0,"c3":0.66},{"time":0.0667,"x":15.68,"y":-36.19,"curve":0,"c3":0.66},{"time":0.2667,"x":12.56,"y":-59.57}],"scale":[{"x":0.323,"y":0.323,"curve":"stepped"},{"time":0.0333,"x":0.323,"y":0.323,"curve":0,"c3":0.66},{"time":0.0667,"x":0.496,"y":0.496,"curve":0,"c3":0.66},{"time":0.2667,"x":0.557,"y":0.557}]},"star4":{"scale":[{"x":0.243,"y":0.243,"curve":"stepped"},{"time":0.0333,"x":0.243,"y":0.243,"curve":0.25},{"time":0.2333,"x":0.315,"y":0.315}]},"star11":{"rotate":[{"time":0.1,"curve":0,"c3":0.66},{"time":0.4,"angle":-123.34}],"translate":[{"x":11.22,"y":-33.98,"curve":"stepped"},{"time":0.0333,"x":11.22,"y":-33.98,"curve":0,"c3":0.66},{"time":0.1,"x":15.04,"y":-36.53,"curve":0,"c3":0.497,"c4":0.6},{"time":0.3,"x":-11.11,"y":-61.11,"curve":0.361,"c2":0.57,"c3":0.724},{"time":0.4,"x":-15.58,"y":-67.6}],"scale":[{"x":0.289,"y":0.289,"curve":"stepped"},{"time":0.1,"x":0.289,"y":0.289,"curve":0,"c3":0.66},{"time":0.3333,"x":0.138,"y":0.138}]},"qxx":{"translate":[{"x":1.32,"y":-17.79}]},"baodian":{"scale":[{"x":0.203,"y":0.203,"curve":"stepped"},{"time":0.0333,"x":0.203,"y":0.203},{"time":0.1,"x":0.805,"y":0.805},{"time":0.2,"x":1.216,"y":1.216}]},"gift3":{"scale":[{"x":0.405,"y":0.405,"curve":0,"c3":0.75},{"time":0.2667,"x":1.1,"y":1.1,"curve":0.25,"c3":0.75},{"time":0.6}]}}},"2":{"slots":{"gift3":{"attachment":[{"name":"gift"}]}}}}}