{"skeleton":{"hash":"xxd0baSYhNz+4/ekeOzYX5l623U","spine":"3.8.95","x":-31.92,"y":-28.28,"width":49,"height":49,"images":"./images/","audio":"E:/Art/UI/1_3_setting/images"},"bones":[{"name":"root"},{"name":"bone","parent":"root"},{"name":"iconmusic","parent":"bone"}],"slots":[{"name":"iconmusic","bone":"iconmusic","attachment":"iconmusic"}],"skins":[{"name":"default","attachments":{"iconmusic":{"iconmusic":{"x":-7.42,"y":-3.78,"width":49,"height":49}}}}],"animations":{"daiji":{},"dakai":{"bones":{"iconmusic":{"scale":[{"curve":0,"c3":0.75},{"time":0.1667,"x":0.812,"y":0.812,"curve":0.25},{"time":0.3}]}}},"guanbi":{"bones":{"iconmusic":{"scale":[{"curve":0,"c3":0.75},{"time":0.1667,"x":0.812,"y":0.812,"curve":0.25},{"time":0.3}]}}}}}