{"skeleton":{"hash":"66wG+GF3+EaZXesklftViWkeKgA","spine":"3.8.95","x":-338.47,"y":-358.74,"width":720,"height":1280,"images":"./images/","audio":"E:/Art/UI/2_0_loading/images"},"bones":[{"name":"root"},{"name":"bone","parent":"root"},{"name":"bone2","parent":"bone","x":-0.25,"y":-38.23},{"name":"l","parent":"bone2","x":-7.99,"y":30.03},{"name":"d1","parent":"bone2","x":68.71,"y":24.07},{"name":"d2","parent":"bone2","x":80.96,"y":23.9},{"name":"d3","parent":"bone2","x":92.75,"y":24},{"name":"icon4","parent":"bone","x":-79.44,"y":-7.84},{"name":"icon","parent":"bone","length":54.48,"rotation":73.39,"x":-1.73,"y":0.3},{"name":"icon3","parent":"icon","length":13.81,"rotation":24.98,"x":87.38,"y":-19.13},{"name":"icon1","parent":"icon","length":18.92,"rotation":-26.23,"x":88.46,"y":-41.04},{"name":"icon5","parent":"icon","length":16.02,"rotation":-55.86,"x":69.53,"y":-56.34}],"slots":[{"name":"d3","bone":"d3","attachment":"d3"},{"name":"d2","bone":"d2","attachment":"d2"},{"name":"d1","bone":"d1","attachment":"d1"},{"name":"l","bone":"l","attachment":"l"},{"name":"icon","bone":"icon"},{"name":"icon1","bone":"icon1"},{"name":"icon2","bone":"icon3"},{"name":"icon3","bone":"icon5"},{"name":"icon4","bone":"icon4"}],"skins":[{"name":"default","attachments":{"d1":{"d1":{"width":6,"height":6}},"d2":{"d2":{"width":6,"height":6}},"d3":{"d3":{"width":6,"height":6}},"icon":{"icon":{"x":35.77,"y":0.92,"rotation":-73.39,"width":108,"height":96}},"icon1":{"icon1":{"x":9.35,"y":-0.23,"rotation":-47.15,"width":17,"height":18}},"icon2":{"icon2":{"x":6.74,"y":0.28,"rotation":-98.37,"width":7,"height":15}},"icon3":{"icon3":{"x":7.64,"y":-0.15,"rotation":-17.53,"width":18,"height":10}},"icon4":{"icon4":{"x":0.34,"y":-0.1,"width":35,"height":43}},"l":{"l":{"x":-0.04,"y":0.54,"width":138,"height":35}}}}],"animations":{"loading":{"slots":{"icon":{"attachment":[{"name":"icon"}]},"icon1":{"color":[{"color":"ffffff00","curve":0,"c2":0.02,"c3":0.375},{"time":0.2667,"color":"ffffffff","curve":"stepped"},{"time":0.5,"color":"ffffffff"},{"time":0.7333,"color":"ffffff00","curve":0,"c2":0.02,"c3":0.375},{"time":1,"color":"ffffffff","curve":"stepped"},{"time":1.2333,"color":"ffffffff"},{"time":1.4667,"color":"ffffff00"}],"attachment":[{"name":"icon1"}]},"icon2":{"color":[{"color":"ffffff00"},{"time":0.2667,"color":"ffffffff","curve":"stepped"},{"time":0.5,"color":"ffffffff"},{"time":0.7333,"color":"ffffff00"},{"time":1,"color":"ffffffff","curve":"stepped"},{"time":1.2333,"color":"ffffffff"},{"time":1.4667,"color":"ffffff00"}],"attachment":[{"name":"icon2"}]},"icon3":{"color":[{"color":"ffffff00"},{"time":0.2667,"color":"ffffffff","curve":"stepped"},{"time":0.5,"color":"ffffffff"},{"time":0.7333,"color":"ffffff00"},{"time":1,"color":"ffffffff","curve":"stepped"},{"time":1.2333,"color":"ffffffff"},{"time":1.4667,"color":"ffffff00"}],"attachment":[{"name":"icon3"}]},"icon4":{"color":[{"color":"ffffff00"},{"time":0.2667,"color":"ffffffff","curve":"stepped"},{"time":0.3667,"color":"ffffffff"},{"time":0.6,"color":"ffffff00","curve":"stepped"},{"time":0.7333,"color":"ffffff00"},{"time":1,"color":"ffffffff","curve":"stepped"},{"time":1.1,"color":"ffffffff"},{"time":1.3333,"color":"ffffff00"}],"attachment":[{"name":"icon4"}]}},"bones":{"icon":{"rotate":[{"angle":13.65,"curve":0,"c2":0.01,"c3":0.352},{"time":0.3333,"curve":"stepped"},{"time":0.5,"curve":0.397},{"time":0.7333,"angle":13.65,"curve":0,"c2":0.01,"c3":0.352},{"time":1.0667,"angle":28.17,"curve":"stepped"},{"time":1.2333,"angle":28.17,"curve":0.451},{"time":1.4667,"angle":13.65}],"translate":[{"curve":0,"c2":0.01,"c3":0.352},{"time":0.3333,"x":8.98,"y":30.11,"curve":"stepped"},{"time":0.5,"x":8.98,"y":30.11,"curve":0.397},{"time":0.7333,"curve":0,"c2":0.01,"c3":0.352},{"time":1.0667,"x":-6.91,"y":33.78,"curve":"stepped"},{"time":1.2333,"x":-6.91,"y":33.78,"curve":0.451},{"time":1.4667}],"scale":[{"x":0.933,"curve":0,"c2":0.02,"c3":0.277},{"time":0.3333,"x":1.084,"curve":"stepped"},{"time":0.5,"x":1.084,"curve":0.25},{"time":0.7333,"x":0.933,"curve":0,"c2":0.02,"c3":0.277},{"time":1.0667,"x":1.084,"curve":"stepped"},{"time":1.2333,"x":1.084,"curve":0.25},{"time":1.4667,"x":0.933}]},"icon1":{"rotate":[{"time":0.7},{"time":0.7333,"angle":68.05}],"translate":[{"x":-16.69,"y":4.17,"curve":0,"c2":0.02,"c3":0.476},{"time":0.4,"x":5.42,"y":-5.04,"curve":"stepped"},{"time":0.7,"x":5.42,"y":-5.04},{"time":0.7333,"x":-24.51,"y":83.68,"curve":0,"c2":0.02,"c3":0.375},{"time":1.1333,"x":-0.97,"y":102.14}],"scale":[{"x":0.694,"curve":0,"c3":0.75},{"time":0.2667,"curve":"stepped"},{"time":0.7},{"time":0.7333,"x":0.694,"curve":0,"c2":0.02,"c3":0.375},{"time":1}]},"icon3":{"rotate":[{"time":0.7},{"time":0.7333,"angle":-14.69}],"translate":[{"x":-15.23,"y":-8.62,"curve":0,"c3":0.476},{"time":0.4,"x":7.62,"y":-2.07,"curve":"stepped"},{"time":0.7,"x":7.62,"y":-2.07},{"time":0.7333,"x":-12.23,"y":59.88,"curve":0,"c2":0.02,"c3":0.375},{"time":1.1333,"x":14.47,"y":53.51}],"scale":[{"x":0.694,"curve":0,"c3":0.75},{"time":0.2667,"curve":"stepped"},{"time":0.7},{"time":0.7333,"x":0.694,"curve":0,"c2":0.02,"c3":0.375},{"time":1}]},"icon5":{"rotate":[{"time":0.7},{"time":0.7333,"angle":139.1}],"translate":[{"x":-9.84,"y":13.22,"curve":0,"c3":0.476},{"time":0.4,"x":2.23,"y":-9.85,"curve":"stepped"},{"time":0.7,"x":2.23,"y":-9.85},{"time":0.7333,"x":-17.37,"y":101.63,"curve":0,"c3":0.476},{"time":1.1333,"x":-15.22,"y":126.67}],"scale":[{"x":0.694,"curve":0,"c3":0.75},{"time":0.2667,"curve":"stepped"},{"time":0.7},{"time":0.7333,"x":0.694,"curve":0,"c3":0.75},{"time":1}]},"icon4":{"rotate":[{"curve":0,"c2":0.02,"c3":0.098,"c4":1.09},{"time":0.6,"angle":-154.44,"curve":"stepped"},{"time":0.7333,"angle":-154.44,"curve":0,"c2":0.02,"c3":0.271,"c4":1.07},{"time":1.3333,"angle":-21.51}],"translate":[{"x":35.79,"y":71.58,"curve":0,"c2":0.02,"c3":0.185,"c4":1.09},{"time":0.4667,"x":-0.78,"y":147.82,"curve":"stepped"},{"time":0.7,"x":-0.78,"y":147.82},{"time":0.7333,"x":123.43,"y":54.66,"curve":0,"c2":0.02,"c3":0.11,"c4":1.07},{"time":1.2,"x":196.62,"y":54.66}],"scale":[{"x":0.584,"y":0.584,"curve":0,"c2":0.02,"c3":0.277},{"time":0.3667,"x":1.224,"y":1.224,"curve":"stepped"},{"time":0.7,"x":1.224,"y":1.224},{"time":0.7333,"x":0.584,"y":0.584,"curve":0,"c2":0.02,"c3":0.277},{"time":1.1,"x":1.224,"y":1.224}]},"bone2":{"translate":[{"y":-29.13}]},"d3":{"scale":[{"time":0.2,"curve":0.25,"c3":0.75},{"time":0.4667,"x":1.5,"y":1.5,"curve":0.25,"c3":0.75},{"time":0.7333,"curve":"stepped"},{"time":0.9,"curve":0.25,"c3":0.75},{"time":1.1667,"x":1.5,"y":1.5,"curve":0.25,"c3":0.75},{"time":1.4333}]},"d2":{"scale":[{"time":0.1,"curve":0.25,"c3":0.75},{"time":0.3667,"x":1.5,"y":1.5,"curve":0.25,"c3":0.75},{"time":0.6333,"curve":"stepped"},{"time":0.8,"curve":0.25,"c3":0.75},{"time":1.0667,"x":1.5,"y":1.5,"curve":0.25,"c3":0.75},{"time":1.3333}]},"d1":{"scale":[{"curve":0.25,"c3":0.75},{"time":0.2667,"x":1.5,"y":1.5,"curve":0.25,"c3":0.75},{"time":0.5,"curve":"stepped"},{"time":0.7,"curve":0.25,"c3":0.75},{"time":0.9667,"x":1.5,"y":1.5,"curve":0.25,"c3":0.75},{"time":1.2}]}}}}}