{"skeleton":{"hash":"StOeP9NPFVb9+a66EDKqVe107AI","spine":"3.8.95","images":"./images/","audio":"G:/1art/UI/star_finsh/images"},"bones":[{"name":"root"},{"name":"all","parent":"root"},{"name":"star 1","parent":"all","x":-175.07,"y":-41.03},{"name":"star 2","parent":"all","x":0.51,"y":-41.03},{"name":"star 3","parent":"all","x":176.09,"y":-41.03},{"name":"bone","parent":"root","x":-139.85,"y":-251.97},{"name":"rank_bg","parent":"all","y":-253.47},{"name":"line1","parent":"rank_bg","x":-100.36,"y":1.69},{"name":"line2","parent":"rank_bg","x":100.32,"y":0.44},{"name":"Next","parent":"all","x":1.66,"y":-437.15},{"name":"Back to Gallery","parent":"all","x":-6.92,"y":-547.97},{"name":"star 4","parent":"all","x":232.97,"y":-41.74},{"name":"star_tx","parent":"star 1","x":-0.39,"y":0.37,"scaleX":1.2831,"scaleY":1.2831},{"name":"star_tx2","parent":"star 2","x":-0.95,"y":0.37,"scaleX":1.2831,"scaleY":1.2831},{"name":"star_tx3","parent":"star 3","x":-0.2,"y":0.37,"scaleX":1.2831,"scaleY":1.2831},{"name":"star_tx4","parent":"star 4","x":-0.22,"y":-0.57,"scaleX":1.2831,"scaleY":1.2831}],"slots":[{"name":"img","bone":"all"},{"name":"rank_bg","bone":"rank_bg"},{"name":"line1","bone":"line1"},{"name":"line2","bone":"line2"},{"name":"3","bone":"rank_bg","attachment":"1"},{"name":"Total Stars","bone":"rank_bg"},{"name":"star_bg","bone":"rank_bg"},{"name":"30","bone":"rank_bg"},{"name":"star","bone":"rank_bg"},{"name":"2","bone":"rank_bg","attachment":"1"},{"name":"Position","bone":"rank_bg"},{"name":"64","bone":"rank_bg"},{"name":"1","bone":"rank_bg","attachment":"1"},{"name":"Rank","bone":"rank_bg"},{"name":"All","bone":"rank_bg"},{"name":"arrow","bone":"rank_bg"},{"name":"star 1","bone":"star 1"},{"name":"star 3","bone":"star 2"},{"name":"star 4","bone":"star 3"},{"name":"star 5","bone":"star 4"},{"name":"button","bone":"Next"},{"name":"Next","bone":"Next"},{"name":"Back to Gallery","bone":"Back to Gallery"},{"name":"1123","bone":"all"},{"name":"star_tx","bone":"star_tx","color":"ffffff77","blend":"additive"},{"name":"star_tx2","bone":"star_tx2","color":"ffffff77","blend":"additive"},{"name":"star_tx3","bone":"star_tx3","color":"ffffff77","blend":"additive"},{"name":"star_tx4","bone":"star_tx4","color":"ffffff77","blend":"additive"}],"skins":[{"name":"default","attachments":{"1":{"1":{"type":"clipping","end":"arrow","vertexCount":4,"vertices":[1,6,-267.43,48.23,1,1,6,-267.43,-38.73,1,1,7,-40.51,-39.77,1,1,7,-40.57,45.88,1],"color":"ce3a3aff"}},"2":{"1":{"type":"clipping","end":"64","vertexCount":4,"vertices":[1,6,-64.87,48.23,1,1,6,-64.87,-38.73,1,1,8,-38.63,-38.52,1,1,8,-39.96,47.77,1],"color":"ce3a3aff"}},"3":{"1":{"type":"clipping","end":"star","vertexCount":4,"vertices":[122.79,48.23,122.79,-48.08,277.39,-47.43,276.06,48.21],"color":"ce3a3aff"}},"star 1":{"star 1":{"width":127,"height":122}},"star 3":{"star 1":{"width":127,"height":122}},"star 4":{"star 1":{"width":127,"height":122}},"star 5":{"star 1":{"width":127,"height":122}},"star_tx":{"star_tx":{"width":123,"height":118}},"star_tx2":{"star_tx":{"width":123,"height":118}},"star_tx3":{"star_tx":{"width":123,"height":118}},"star_tx4":{"star_tx":{"width":123,"height":118}}}}],"animations":{"3":{"slots":{"30":{"color":[{"color":"ffffff00","curve":"stepped"},{"time":0.1667,"color":"ffffff00"},{"time":0.2333,"color":"ffffffff"}],"attachment":[{"name":null}]},"64":{"color":[{"color":"ffffff00","curve":"stepped"},{"time":0.1667,"color":"ffffff00"},{"time":0.2333,"color":"ffffffff"}],"attachment":[{"name":null}]},"All":{"color":[{"color":"ffffff00","curve":"stepped"},{"time":0.1667,"color":"ffffff00"},{"time":0.2333,"color":"ffffffff"}],"attachment":[{"name":null}]},"Back to Gallery":{"color":[{"color":"ffffff00","curve":"stepped"},{"time":0.6333,"color":"ffffff00"},{"time":0.7667,"color":"ffffffff"}],"attachment":[{"name":null}]},"Next":{"color":[{"color":"ffffff00","curve":"stepped"},{"time":0.5333,"color":"ffffff00"},{"time":0.6667,"color":"ffffffff"}],"attachment":[{"name":null}]},"Position":{"color":[{"color":"ffffff00","curve":"stepped"},{"time":0.1667,"color":"ffffff00"},{"time":0.2333,"color":"ffffffff"}],"attachment":[{"name":null}]},"Rank":{"color":[{"color":"ffffff00","curve":"stepped"},{"time":0.1667,"color":"ffffff00"},{"time":0.2333,"color":"ffffffff"}],"attachment":[{"name":null}]},"Total Stars":{"color":[{"color":"ffffff00","curve":"stepped"},{"time":0.1667,"color":"ffffff00"},{"time":0.2333,"color":"ffffffff"}],"attachment":[{"name":null}]},"arrow":{"color":[{"color":"ffffff00","curve":"stepped"},{"time":0.1667,"color":"ffffff00"},{"time":0.2333,"color":"ffffffff"}],"attachment":[{"name":null}]},"button":{"color":[{"color":"ffffff00","curve":"stepped"},{"time":0.5333,"color":"ffffff00"},{"time":0.6667,"color":"ffffffff"}],"attachment":[{"name":null}]},"img":{"attachment":[{"name":null}]},"line1":{"color":[{"color":"ffffff00","curve":"stepped"},{"time":0.1667,"color":"ffffff00"},{"time":0.2333,"color":"ffffffff"}],"attachment":[{"name":null}]},"line2":{"color":[{"color":"ffffff00","curve":"stepped"},{"time":0.1667,"color":"ffffff00"},{"time":0.2333,"color":"ffffffff"}],"attachment":[{"name":null}]},"rank_bg":{"color":[{"color":"ffffff00","curve":"stepped"},{"time":0.1667,"color":"ffffff00"},{"time":0.2333,"color":"ffffffff"}],"attachment":[{"name":null}]},"star":{"color":[{"color":"ffffff00","curve":"stepped"},{"time":0.1667,"color":"ffffff00"},{"time":0.2333,"color":"ffffffff"}],"attachment":[{"name":null}]},"star 1":{"color":[{"color":"ffffff00"},{"time":0.0667,"color":"ffffffff"}],"attachment":[{"name":"star 1"}]},"star 3":{"color":[{"color":"ffffff00","curve":"stepped"},{"time":0.0667,"color":"ffffff00"},{"time":0.1333,"color":"ffffffff"}],"attachment":[{"name":"star 1"}]},"star 4":{"color":[{"color":"ffffff00","curve":"stepped"},{"time":0.1333,"color":"ffffff00"},{"time":0.2,"color":"ffffffff"}],"attachment":[{"name":"star 1"}]},"star 5":{"color":[{"color":"ffffff00","curve":"stepped"},{"time":0.1333,"color":"ffffff00"},{"time":0.2,"color":"ffffffff"}]},"star_bg":{"color":[{"color":"ffffff00","curve":"stepped"},{"time":0.1667,"color":"ffffff00"},{"time":0.2333,"color":"ffffffff"}],"attachment":[{"name":null}]},"star_tx":{"color":[{"color":"ffffff00","curve":"stepped"},{"time":0.1,"color":"ffffff00"},{"time":0.2,"color":"ffffff48"},{"time":0.3333,"color":"ffffff00"}],"attachment":[{"name":"star_tx"}]},"star_tx2":{"color":[{"color":"ffffff00","curve":"stepped"},{"time":0.1667,"color":"ffffff00"},{"time":0.2667,"color":"ffffff48"},{"time":0.4,"color":"ffffff00"}],"attachment":[{"name":"star_tx"}]},"star_tx3":{"color":[{"color":"ffffff00","curve":"stepped"},{"time":0.2333,"color":"ffffff00"},{"time":0.3333,"color":"ffffff48"},{"time":0.4667,"color":"ffffff00"}],"attachment":[{"name":"star_tx"}]},"star_tx4":{"color":[{"color":"ffffff00","curve":"stepped"},{"time":0.1,"color":"ffffff00"},{"time":0.2,"color":"ffffff48"},{"time":0.3333,"color":"ffffff00"}]}},"bones":{"star 1":{"translate":[{"x":1.7,"y":116.65,"curve":0,"c2":0.01,"c3":0.75},{"time":0.1}],"scale":[{"x":1.991,"y":1.991,"curve":0,"c2":0.01,"c3":0.75},{"time":0.1,"x":0.97,"y":0.97,"curve":0.25,"c3":0.75},{"time":0.2333}]},"star 2":{"translate":[{"x":1.7,"y":116.65,"curve":"stepped"},{"time":0.0667,"x":1.7,"y":116.65,"curve":0,"c2":0.01,"c3":0.75},{"time":0.1667}],"scale":[{"x":1.991,"y":1.991,"curve":"stepped"},{"time":0.0667,"x":1.991,"y":1.991,"curve":0,"c2":0.01,"c3":0.75},{"time":0.1667,"x":0.97,"y":0.97,"curve":0.25,"c3":0.75},{"time":0.3}]},"star 3":{"translate":[{"x":1.7,"y":116.65,"curve":"stepped"},{"time":0.1333,"x":1.7,"y":116.65,"curve":0,"c2":0.01,"c3":0.75},{"time":0.2333}],"scale":[{"x":1.991,"y":1.991,"curve":"stepped"},{"time":0.1333,"x":1.991,"y":1.991,"curve":0,"c2":0.01,"c3":0.75},{"time":0.2333,"x":0.97,"y":0.97,"curve":0.25,"c3":0.75},{"time":0.3667}]},"rank_bg":{"translate":[{"y":26.67,"curve":"stepped"},{"time":0.1667,"y":26.67,"curve":0,"c3":0.552},{"time":0.4}]},"line1":{"translate":[{"x":-137.99,"curve":"stepped"},{"time":0.2333,"x":-137.99,"curve":0,"c3":0.75},{"time":0.5}]},"line2":{"translate":[{"x":-137.99,"curve":"stepped"},{"time":0.2333,"x":-137.99,"curve":0,"c3":0.75},{"time":0.5}]},"Next":{"scale":[{"x":0.9,"y":0.9,"curve":"stepped"},{"time":0.5333,"x":0.9,"y":0.9,"curve":0,"c3":0.75},{"time":0.7333,"x":1.05,"y":1.05,"curve":0.25,"c3":0.75},{"time":0.8667}]},"Back to Gallery":{"scale":[{"x":0.9,"y":0.9,"curve":"stepped"},{"time":0.6333,"x":0.9,"y":0.9,"curve":0,"c3":0.75},{"time":0.8333,"x":1.05,"y":1.05,"curve":0.25,"c3":0.75},{"time":0.9667}]},"star 4":{"translate":[{"x":1.7,"y":116.65,"curve":"stepped"},{"time":0.1333,"x":1.7,"y":116.65,"curve":0,"c2":0.01,"c3":0.75},{"time":0.2333}],"scale":[{"x":1.372,"y":1.372,"curve":"stepped"},{"time":0.1333,"x":1.372,"y":1.372,"curve":0,"c2":0.01,"c3":0.75},{"time":0.2333,"x":0.97,"y":0.97,"curve":0.25,"c3":0.75},{"time":0.3667}]},"star_tx":{"scale":[{"time":0.1,"curve":0,"c3":0.592},{"time":0.3333,"x":1.867,"y":1.867}]},"star_tx2":{"scale":[{"time":0.1667,"curve":0,"c3":0.592},{"time":0.4,"x":1.867,"y":1.867}]},"star_tx3":{"scale":[{"time":0.2333,"curve":0,"c3":0.592},{"time":0.4667,"x":1.867,"y":1.867}]},"star_tx4":{"scale":[{"time":0.1,"curve":0,"c3":0.592},{"time":0.3333,"x":1.867,"y":1.867}]}},"deform":{"default":{"3":{"1":[{"offset":4,"vertices":[-151.72496,0,-151.72496],"curve":"stepped"},{"time":0.2667,"offset":4,"vertices":[-151.72496,0,-151.72496],"curve":0,"c3":0.75},{"time":0.5333}]}}}},"cankao":{"slots":{"30":{"color":[{"color":"ffffff00","curve":"stepped"},{"time":0.1667,"color":"ffffff00"},{"time":0.2333,"color":"ffffffff"}],"attachment":[{"name":null}]},"64":{"color":[{"color":"ffffff00","curve":"stepped"},{"time":0.1667,"color":"ffffff00"},{"time":0.2333,"color":"ffffffff"}],"attachment":[{"name":null}]},"All":{"color":[{"color":"ffffff00","curve":"stepped"},{"time":0.1667,"color":"ffffff00"},{"time":0.2333,"color":"ffffffff"}],"attachment":[{"name":null}]},"Position":{"color":[{"color":"ffffff00","curve":"stepped"},{"time":0.1667,"color":"ffffff00"},{"time":0.2333,"color":"ffffffff"}],"attachment":[{"name":null}]},"Rank":{"color":[{"color":"ffffff00","curve":"stepped"},{"time":0.1667,"color":"ffffff00"},{"time":0.2333,"color":"ffffffff"}],"attachment":[{"name":null}]},"Total Stars":{"color":[{"color":"ffffff00","curve":"stepped"},{"time":0.1667,"color":"ffffff00"},{"time":0.2333,"color":"ffffffff"}],"attachment":[{"name":null}]},"arrow":{"color":[{"color":"ffffff00","curve":"stepped"},{"time":0.1667,"color":"ffffff00"},{"time":0.2333,"color":"ffffffff"}],"attachment":[{"name":null}]},"line1":{"color":[{"color":"ffffff00","curve":"stepped"},{"time":0.1667,"color":"ffffff00"},{"time":0.2333,"color":"ffffffff"}],"attachment":[{"name":null}]},"line2":{"color":[{"color":"ffffff00","curve":"stepped"},{"time":0.1667,"color":"ffffff00"},{"time":0.2333,"color":"ffffffff"}],"attachment":[{"name":null}]},"rank_bg":{"color":[{"color":"ffffff00","curve":"stepped"},{"time":0.1667,"color":"ffffff00"},{"time":0.2333,"color":"ffffffff"}],"attachment":[{"name":null}]},"star":{"color":[{"color":"ffffff00","curve":"stepped"},{"time":0.1667,"color":"ffffff00"},{"time":0.2333,"color":"ffffffff"}],"attachment":[{"name":null}]},"star_bg":{"color":[{"color":"ffffff00","curve":"stepped"},{"time":0.1667,"color":"ffffff00"},{"time":0.2333,"color":"ffffffff"}],"attachment":[{"name":null}]}},"bones":{"rank_bg":{"translate":[{"y":280.14,"curve":"stepped"},{"time":0.1667,"y":280.14,"curve":0,"c3":0.552},{"time":0.4,"y":253.47}]},"line1":{"translate":[{"x":-137.99,"curve":"stepped"},{"time":0.2333,"x":-137.99,"curve":0,"c3":0.75},{"time":0.5}]},"line2":{"translate":[{"x":-137.99,"curve":"stepped"},{"time":0.2333,"x":-137.99,"curve":0,"c3":0.75},{"time":0.5}]}},"deform":{"default":{"3":{"1":[{"offset":4,"vertices":[-151.72496,0,-151.72496],"curve":"stepped"},{"time":0.2667,"offset":4,"vertices":[-151.72496,0,-151.72496],"curve":0,"c3":0.75},{"time":0.5333}]}}}},"star":{"slots":{"star 1":{"color":[{"color":"ffffff00"},{"time":0.0667,"color":"ffffffff"}],"attachment":[{"name":"star 1"}]},"star_tx":{"color":[{"color":"ffffff00","curve":"stepped"},{"time":0.1,"color":"ffffff00"},{"time":0.2,"color":"ffffff48"},{"time":0.3333,"color":"ffffff00"}],"attachment":[{"name":"star_tx"}]}},"bones":{"star 1":{"translate":[{"x":176.77,"y":157.69,"curve":0,"c2":0.01,"c3":0.75},{"time":0.1,"x":175.07,"y":41.03}],"scale":[{"x":1.991,"y":1.991,"curve":0,"c2":0.01,"c3":0.75},{"time":0.1,"x":0.97,"y":0.97,"curve":0.25,"c3":0.75},{"time":0.2333}]},"star_tx":{"scale":[{"time":0.1,"curve":0,"c3":0.592},{"time":0.3333,"x":1.867,"y":1.867}]}}},"star_3":{"slots":{"1":{"attachment":[{"name":null}]},"2":{"attachment":[{"name":null}]},"3":{"attachment":[{"name":null}]},"1123":{"attachment":[{"name":null}]},"star 1":{"color":[{"color":"ffffff00"},{"time":0.0667,"color":"ffffffff"}],"attachment":[{"name":"star 1"}]},"star 3":{"color":[{"color":"ffffff00","curve":"stepped"},{"time":0.0667,"color":"ffffff00"},{"time":0.1333,"color":"ffffffff"}],"attachment":[{"name":"star 1"}]},"star 4":{"color":[{"color":"ffffff00","curve":"stepped"},{"time":0.1333,"color":"ffffff00"},{"time":0.2,"color":"ffffffff"}],"attachment":[{"name":"star 1"}]},"star 5":{"color":[{"color":"ffffff00","curve":"stepped"},{"time":0.1333,"color":"ffffff00"},{"time":0.2,"color":"ffffffff"}]},"star_tx":{"color":[{"color":"ffffff00","curve":"stepped"},{"time":0.1,"color":"ffffff00"},{"time":0.2,"color":"ffffff48"},{"time":0.3333,"color":"ffffff00"}],"attachment":[{"name":"star_tx"}]},"star_tx2":{"color":[{"color":"ffffff00","curve":"stepped"},{"time":0.1667,"color":"ffffff00"},{"time":0.2667,"color":"ffffff48"},{"time":0.4,"color":"ffffff00"}],"attachment":[{"name":"star_tx"}]},"star_tx3":{"color":[{"color":"ffffff00","curve":"stepped"},{"time":0.2333,"color":"ffffff00"},{"time":0.3333,"color":"ffffff48"},{"time":0.4667,"color":"ffffff00"}],"attachment":[{"name":"star_tx"}]},"star_tx4":{"color":[{"color":"ffffff00","curve":"stepped"},{"time":0.1,"color":"ffffff00"},{"time":0.2,"color":"ffffff48"},{"time":0.3333,"color":"ffffff00"}]}},"bones":{"star 1":{"translate":[{"x":1.7,"y":157.64,"curve":0,"c2":0.01,"c3":0.75},{"time":0.1,"y":40.98}],"scale":[{"x":1.991,"y":1.991,"curve":0,"c2":0.01,"c3":0.75},{"time":0.1,"x":0.85,"y":0.85,"curve":0.25,"c3":0.75},{"time":0.2333}]},"star 2":{"translate":[{"x":1.19,"y":157.69,"curve":"stepped"},{"time":0.0667,"x":1.19,"y":157.69,"curve":0,"c2":0.01,"c3":0.75},{"time":0.1667,"x":-0.51,"y":41.03}],"scale":[{"x":1.991,"y":1.991,"curve":"stepped"},{"time":0.0667,"x":1.991,"y":1.991,"curve":0,"c2":0.01,"c3":0.75},{"time":0.1667,"x":0.85,"y":0.85,"curve":0.25,"c3":0.75},{"time":0.3}]},"star 3":{"translate":[{"x":1.7,"y":156.73,"curve":"stepped"},{"time":0.1333,"x":1.7,"y":156.73,"curve":0,"c2":0.01,"c3":0.75},{"time":0.2333,"y":40.08}],"scale":[{"x":1.991,"y":1.991,"curve":"stepped"},{"time":0.1333,"x":1.991,"y":1.991,"curve":0,"c2":0.01,"c3":0.75},{"time":0.2333,"x":0.852,"y":0.852,"curve":0.25,"c3":0.75},{"time":0.3667}]},"star 4":{"translate":[{"x":1.7,"y":116.65,"curve":"stepped"},{"time":0.1333,"x":1.7,"y":116.65,"curve":0,"c2":0.01,"c3":0.75},{"time":0.2333}],"scale":[{"x":1.372,"y":1.372,"curve":"stepped"},{"time":0.1333,"x":1.372,"y":1.372,"curve":0,"c2":0.01,"c3":0.75},{"time":0.2333,"x":0.97,"y":0.97,"curve":0.25,"c3":0.75},{"time":0.3667}]},"star_tx":{"scale":[{"time":0.1,"curve":0,"c3":0.592},{"time":0.3333,"x":1.867,"y":1.867}]},"star_tx2":{"scale":[{"time":0.1667,"curve":0,"c3":0.592},{"time":0.4,"x":1.867,"y":1.867}]},"star_tx3":{"scale":[{"time":0.2333,"curve":0,"c3":0.592},{"time":0.4667,"x":1.867,"y":1.867}]},"star_tx4":{"scale":[{"time":0.1,"curve":0,"c3":0.592},{"time":0.3333,"x":1.867,"y":1.867}]}},"drawOrder":[{"offsets":[{"slot":"1123","offset":-22}]}]},"star_4":{"slots":{"1":{"attachment":[{"name":null}]},"2":{"attachment":[{"name":null}]},"3":{"attachment":[{"name":null}]},"star 1":{"color":[{"color":"ffffff00"},{"time":0.0667,"color":"ffffffff"}],"attachment":[{"name":"star 1"}]},"star 3":{"color":[{"color":"ffffff00","curve":"stepped"},{"time":0.0667,"color":"ffffff00"},{"time":0.1333,"color":"ffffffff"}],"attachment":[{"name":"star 1"}]},"star 4":{"color":[{"color":"ffffff00","curve":"stepped"},{"time":0.1333,"color":"ffffff00"},{"time":0.2,"color":"ffffffff"}],"attachment":[{"name":"star 1"}]},"star 5":{"color":[{"color":"ffffff00","curve":"stepped"},{"time":0.2,"color":"ffffff00"},{"time":0.2667,"color":"ffffffff"}],"attachment":[{"name":"star 1"}]},"star_tx":{"color":[{"color":"ffffff00","curve":"stepped"},{"time":0.1,"color":"ffffff00"},{"time":0.2,"color":"ffffff48"},{"time":0.3333,"color":"ffffff00"}],"attachment":[{"name":"star_tx"}]},"star_tx2":{"color":[{"color":"ffffff00","curve":"stepped"},{"time":0.1667,"color":"ffffff00"},{"time":0.2667,"color":"ffffff48"},{"time":0.4,"color":"ffffff00"}],"attachment":[{"name":"star_tx"}]},"star_tx3":{"color":[{"color":"ffffff00","curve":"stepped"},{"time":0.2333,"color":"ffffff00"},{"time":0.3333,"color":"ffffff48"},{"time":0.4667,"color":"ffffff00"}],"attachment":[{"name":"star_tx"}]},"star_tx4":{"color":[{"color":"ffffff00","curve":"stepped"},{"time":0.3,"color":"ffffff00"},{"time":0.4,"color":"ffffff48"},{"time":0.5333,"color":"ffffff00"}],"attachment":[{"name":"star_tx"}]}},"bones":{"star 1":{"translate":[{"x":-56.17,"y":157.64,"curve":0,"c2":0.01,"c3":0.75},{"time":0.1,"x":-57.87,"y":40.98}],"scale":[{"x":1.991,"y":1.991,"curve":0,"c2":0.01,"c3":0.75},{"time":0.1,"x":0.85,"y":0.85,"curve":0.25,"c3":0.75},{"time":0.2333}]},"star 2":{"translate":[{"x":-77.26,"y":157.69,"curve":"stepped"},{"time":0.0667,"x":-77.26,"y":157.69,"curve":0,"c2":0.01,"c3":0.75},{"time":0.1667,"x":-78.96,"y":41.03}],"scale":[{"x":1.991,"y":1.991,"curve":"stepped"},{"time":0.0667,"x":1.991,"y":1.991,"curve":0,"c2":0.01,"c3":0.75},{"time":0.1667,"x":0.85,"y":0.85,"curve":0.25,"c3":0.75},{"time":0.3}]},"star 3":{"translate":[{"x":-96.04,"y":156.73,"curve":"stepped"},{"time":0.1333,"x":-96.04,"y":156.73,"curve":0,"c2":0.01,"c3":0.75},{"time":0.2333,"x":-97.74,"y":40.08}],"scale":[{"x":1.991,"y":1.991,"curve":"stepped"},{"time":0.1333,"x":1.991,"y":1.991,"curve":0,"c2":0.01,"c3":0.75},{"time":0.2333,"x":0.85,"y":0.85,"curve":0.25,"c3":0.75},{"time":0.3667}]},"star 4":{"translate":[{"x":1.7,"y":159.09,"curve":"stepped"},{"time":0.2,"x":1.7,"y":159.09,"curve":0,"c2":0.01,"c3":0.75},{"time":0.3,"y":42.44}],"scale":[{"x":1.372,"y":1.372,"curve":"stepped"},{"time":0.2,"x":1.372,"y":1.372,"curve":0,"c2":0.01,"c3":0.75},{"time":0.3,"x":0.85,"y":0.85,"curve":0.25,"c3":0.75},{"time":0.4333}]},"star_tx":{"scale":[{"time":0.1,"curve":0,"c3":0.592},{"time":0.3333,"x":1.867,"y":1.867}]},"star_tx2":{"scale":[{"time":0.1667,"curve":0,"c3":0.592},{"time":0.4,"x":1.867,"y":1.867}]},"star_tx3":{"scale":[{"time":0.2333,"curve":0,"c3":0.592},{"time":0.4667,"x":1.867,"y":1.867}]},"star_tx4":{"scale":[{"time":0.3,"curve":0,"c3":0.592},{"time":0.5333,"x":1.867,"y":1.867}]}}}}}