{"skeleton":{"hash":"R7kMoaqbkvUWx+iBgpKYlhzyZkg","spine":"3.8.95","x":-33.79,"y":-2.1,"width":71,"height":46,"images":"./images/","audio":"E:/Art/UI/4_1_no_internet/images"},"bones":[{"name":"root"},{"name":"icon1","parent":"root"},{"name":"icon3","parent":"icon1","x":0.26,"y":20.56},{"name":"icon5","parent":"icon3","x":-0.57,"y":16.53}],"slots":[{"name":"icon1","bone":"icon1","attachment":"icon1"},{"name":"icon2","bone":"icon3","attachment":"icon2"},{"name":"icon3","bone":"icon5","attachment":"icon3"}],"skins":[{"name":"default","attachments":{"icon1":{"icon1":{"x":1.71,"y":4.4,"width":27,"height":13}},"icon2":{"icon2":{"x":1.46,"y":-2.16,"width":53,"height":19}},"icon3":{"icon3":{"x":2.03,"y":-4.69,"width":71,"height":23}}}}],"animations":{"animation":{"slots":{"icon1":{"color":[{"color":"ffffff00"},{"time":0.3333,"color":"ffffffff","curve":"stepped"},{"time":0.5,"color":"ffffffff"},{"time":0.8333,"color":"ffffff00"}]},"icon2":{"color":[{"color":"ffffff00","curve":"stepped"},{"time":0.1667,"color":"ffffff00"},{"time":0.5,"color":"ffffffff","curve":"stepped"},{"time":0.6667,"color":"ffffffff"},{"time":1,"color":"ffffff00"}]},"icon3":{"color":[{"color":"ffffff00","curve":"stepped"},{"time":0.3333,"color":"ffffff00"},{"time":0.6667,"color":"ffffffff","curve":"stepped"},{"time":0.8333,"color":"ffffffff"},{"time":1.1667,"color":"ffffff00"}]}}}}}