{"skeleton":{"hash":"/i9H6fjIqBDtpAsv7EKTEv2W9xc","spine":"3.8.95","x":-95.26,"y":-1.34,"width":193,"height":163,"images":"./images/","audio":"E:/Art/UI/4_3_1_rate/images"},"bones":[{"name":"root"},{"name":"icon2","parent":"root"},{"name":"icon4","parent":"icon2","x":-0.06,"y":73.89},{"name":"icon5","parent":"icon2","x":-71.37,"y":132.01},{"name":"icon6","parent":"icon2","x":57.68,"y":127}],"slots":[{"name":"icon2","bone":"icon2","attachment":"icon2"},{"name":"icon3","bone":"icon4","attachment":"icon3"},{"name":"icon4","bone":"icon5","attachment":"icon4"},{"name":"icon5","bone":"icon6","attachment":"icon5"}],"skins":[{"name":"default","attachments":{"icon2":{"icon2":{"x":0.74,"y":62.66,"width":150,"height":128}},"icon3":{"icon3":{"x":0.8,"y":0.27,"width":72,"height":61}},"icon4":{"icon4":{"x":-6.39,"y":9.14,"width":35,"height":41}},"icon5":{"icon5":{"x":5.06,"y":1.16,"width":70,"height":43}}}}],"animations":{"1":{},"animation":{"slots":{"icon2":{"color":[{"color":"ffffff00"},{"time":0.5333,"color":"ffffffff"}]},"icon3":{"color":[{"color":"ffffff00"},{"time":0.4,"color":"ffffffff"}]},"icon4":{"color":[{"color":"ffffff00","curve":"stepped"},{"time":0.3333,"color":"ffffff00"},{"time":0.4667,"color":"ffffffff","curve":"stepped"},{"time":0.6,"color":"ffffffff"},{"time":0.7333,"color":"ffffff00","curve":"stepped"},{"time":0.9,"color":"ffffff00"},{"time":1.0333,"color":"ffffffff"}]},"icon5":{"color":[{"color":"ffffff00"},{"time":0.5,"color":"ffffffff"}]}},"bones":{"icon2":{"scale":[{"x":0.3,"y":0.3,"curve":0,"c3":0.75},{"time":0.4,"x":1.1,"y":1.1,"curve":0.25,"c3":0.75},{"time":0.7333,"x":0.96,"y":0.96,"curve":0.25,"c3":0.75},{"time":1,"x":1.04,"y":1.04,"curve":0.25},{"time":1.3333}]}}}}}