{"skeleton":{"hash":"QhgkqGukLl3nvi5wJpYzys8xxSM","spine":"3.8.95","x":-177.68,"y":2.16,"width":364,"height":191,"images":"./images/","audio":"E:/Art/UI/4_3_3_rate/images"},"bones":[{"name":"root"},{"name":"bone","parent":"root"},{"name":"star2_light","parent":"bone","length":105.37,"rotation":142.94,"x":-69.24,"y":10.66},{"name":"star4_light","parent":"bone","length":126.12,"rotation":119.57,"x":-35.2,"y":15.89},{"name":"star5_light","parent":"bone","length":135.77,"rotation":89.34,"x":-1.35,"y":15.11},{"name":"star3_light","parent":"bone","length":130.18,"rotation":58.62,"x":34.23,"y":12.99},{"name":"star1_light","parent":"bone","length":108.96,"rotation":36.52,"x":72.9,"y":9.2},{"name":"star2","parent":"star2_light","x":105.85,"y":0.67},{"name":"star4","parent":"star4_light","x":125.32,"y":-0.34},{"name":"star5","parent":"star5_light","x":136.54,"y":0.3},{"name":"star3","parent":"star3_light","x":130.87,"y":-0.14},{"name":"star1","parent":"star1_light","x":106.72,"y":0.95}],"slots":[{"name":"star5_light","bone":"star5_light","attachment":"star5_light"},{"name":"star5","bone":"star5","attachment":"star5"},{"name":"star8","bone":"star5","color":"ffffff00","attachment":"star5","blend":"additive"},{"name":"star4_light","bone":"star4_light","attachment":"star4_light"},{"name":"star4","bone":"star4","attachment":"star4"},{"name":"star7","bone":"star4","color":"ffffff00","attachment":"star4","blend":"additive"},{"name":"star3_light","bone":"star3_light","attachment":"star3_light"},{"name":"star3","bone":"star3","attachment":"star3"},{"name":"star9","bone":"star3","color":"ffffff00","attachment":"star3","blend":"additive"},{"name":"star2_light","bone":"star2_light","attachment":"star2_light"},{"name":"star2","bone":"star2","attachment":"star2"},{"name":"star6","bone":"star2","color":"ffffff00","attachment":"star2","blend":"additive"},{"name":"star1_light","bone":"star1_light","attachment":"star1_light"},{"name":"star1","bone":"star1","attachment":"star1"},{"name":"star10","bone":"star1","color":"ffffff00","attachment":"star1","blend":"additive"}],"skins":[{"name":"default","attachments":{"star1":{"star1":{"x":-0.9,"y":-1.58,"rotation":-36.52,"width":56,"height":57}},"star1_light":{"star1_light":{"x":63.78,"y":5.61,"rotation":-36.52,"width":105,"height":99}},"star2":{"star2":{"x":-4.91,"y":-0.87,"rotation":-142.94,"width":56,"height":57}},"star2_light":{"star2_light":{"x":62.76,"y":-5.23,"rotation":-142.94,"width":105,"height":95}},"star3":{"star3":{"x":1.58,"y":-3.52,"rotation":-58.62,"width":66,"height":70}},"star3_light":{"star3_light":{"x":74.22,"y":-2.28,"rotation":-58.62,"width":93,"height":136}},"star4":{"star4":{"x":-0.31,"y":1.24,"rotation":-119.57,"width":66,"height":70}},"star4_light":{"star4_light":{"x":73.47,"y":0.26,"rotation":-119.57,"width":92,"height":135}},"star5":{"star5":{"x":0.03,"y":-0.92,"rotation":-89.34,"width":83,"height":83}},"star5_light":{"star5_light":{"x":63.59,"y":-2.45,"rotation":-89.34,"width":51,"height":137}},"star6":{"star2":{"x":-4.91,"y":-0.87,"rotation":-142.94,"width":56,"height":57}},"star7":{"star4":{"x":-0.31,"y":1.24,"rotation":-119.57,"width":66,"height":70}},"star8":{"star5":{"x":0.03,"y":-0.92,"rotation":-89.34,"width":83,"height":83}},"star9":{"star3":{"x":1.58,"y":-3.52,"rotation":-58.62,"width":66,"height":70}},"star10":{"star1":{"x":-0.9,"y":-1.58,"rotation":-36.52,"width":56,"height":57}}}}],"animations":{"animation":{"slots":{"star6":{"color":[{"color":"ffffff00","curve":0,"c3":0.75},{"time":0.2333,"color":"ffffff42","curve":"stepped"},{"time":0.3333,"color":"ffffff42","curve":0.25,"c3":0.75},{"time":0.6667,"color":"ffffff00"}]},"star7":{"color":[{"time":0.0667,"color":"ffffff00","curve":0,"c3":0.75},{"time":0.3,"color":"ffffff42","curve":"stepped"},{"time":0.4,"color":"ffffff42","curve":0.25,"c3":0.75},{"time":0.7333,"color":"ffffff00"}]},"star8":{"color":[{"time":0.1333,"color":"ffffff00","curve":0,"c3":0.75},{"time":0.3667,"color":"ffffff42","curve":"stepped"},{"time":0.4667,"color":"ffffff42","curve":0.25,"c3":0.75},{"time":0.8,"color":"ffffff00"}]},"star9":{"color":[{"time":0.2,"color":"ffffff00","curve":0,"c3":0.75},{"time":0.4333,"color":"ffffff42","curve":"stepped"},{"time":0.5333,"color":"ffffff42","curve":0.25,"c3":0.75},{"time":0.8667,"color":"ffffff00"}]},"star10":{"color":[{"time":0.2667,"color":"ffffff00","curve":0,"c3":0.75},{"time":0.5,"color":"ffffff42","curve":"stepped"},{"time":0.6,"color":"ffffff42","curve":0.25,"c3":0.75},{"time":0.9333,"color":"ffffff00"}]}},"bones":{"star2_light":{"scale":[{"x":0,"y":0,"curve":0,"c3":0.75},{"time":0.2667,"x":1.1,"y":1.1,"curve":0.25,"c3":0.75},{"time":0.5667}]},"star4_light":{"scale":[{"x":0,"y":0,"curve":"stepped"},{"time":0.0667,"x":0,"y":0,"curve":0,"c3":0.75},{"time":0.3333,"x":1.1,"y":1.1,"curve":0.25,"c3":0.75},{"time":0.6333}]},"star5_light":{"scale":[{"x":0,"y":0,"curve":"stepped"},{"time":0.1333,"x":0,"y":0,"curve":0,"c3":0.75},{"time":0.4,"x":1.1,"y":1.1,"curve":0.25,"c3":0.75},{"time":0.7}]},"star3_light":{"scale":[{"x":0,"y":0,"curve":"stepped"},{"time":0.2,"x":0,"y":0,"curve":0,"c3":0.75},{"time":0.4667,"x":1.1,"y":1.1,"curve":0.25,"c3":0.75},{"time":0.7667}]},"star1_light":{"scale":[{"x":0,"y":0,"curve":"stepped"},{"time":0.2667,"x":0,"y":0,"curve":0,"c3":0.75},{"time":0.5333,"x":1.1,"y":1.1,"curve":0.25,"c3":0.75},{"time":0.8333}]}}},"animation2":{}}}