{"skeleton":{"hash":"dRNTGGIL+/w4aobqB2kdlQaNYMs","spine":"3.8.95","x":-156.67,"y":-738.7,"width":720,"height":1551.83,"images":"./images/","audio":""},"bones":[{"name":"root"},{"name":"gd_00000","parent":"root","x":0.27,"y":722.04},{"name":"bone2","parent":"root","x":178.44,"y":686.03},{"name":"sgxx","parent":"bone2","x":-67.89,"y":93.13,"scaleX":0.2917,"scaleY":0.2917},{"name":"sgxx2","parent":"bone2","x":-67.89,"y":93.13,"scaleX":0.2917,"scaleY":0.2917},{"name":"sgxx3","parent":"bone2","x":-67.89,"y":93.13,"scaleX":0.2917,"scaleY":0.2917},{"name":"sgxx4","parent":"bone2","x":-67.89,"y":93.13,"scaleX":0.2917,"scaleY":0.2917},{"name":"sgxx5","parent":"bone2","x":-67.89,"y":93.13,"scaleX":0.2917,"scaleY":0.2917},{"name":"sgxx6","parent":"bone2","x":-67.89,"y":93.13,"scaleX":0.2917,"scaleY":0.2917},{"name":"sgxx7","parent":"bone2","x":-67.89,"y":93.13,"scaleX":0.2917,"scaleY":0.2917},{"name":"sgxx8","parent":"bone2","x":-67.89,"y":93.13,"scaleX":0.2917,"scaleY":0.2917}],"slots":[{"name":"gd_00000","bone":"gd_00000","blend":"additive"},{"name":"gd_0","bone":"gd_00000","blend":"additive"},{"name":"sgxx","bone":"sgxx","attachment":"sgxx","blend":"additive"},{"name":"sgxx8","bone":"sgxx8","attachment":"sgxx","blend":"additive"},{"name":"sgxx2","bone":"sgxx2","attachment":"sgxx","blend":"additive"},{"name":"sgxx7","bone":"sgxx7","attachment":"sgxx","blend":"additive"},{"name":"sgxx3","bone":"sgxx3","attachment":"sgxx","blend":"additive"},{"name":"sgxx4","bone":"sgxx4","attachment":"sgxx","blend":"additive"},{"name":"sgxx5","bone":"sgxx5","attachment":"sgxx","blend":"additive"},{"name":"sgxx6","bone":"sgxx6","attachment":"sgxx","blend":"additive"}],"skins":[{"name":"default","attachments":{"gd_0":{"gd_00000":{"color":"ffffff82","x":-4.58,"y":1.94,"scaleX":4.0686,"scaleY":4.0686,"width":100,"height":100}},"gd_00000":{"gd_00000":{"color":"ffffff82","x":-4.58,"y":1.94,"scaleX":4.0686,"scaleY":4.0686,"width":100,"height":100}},"sgxx":{"sgxx":{"color":"fbffa796","x":0.07,"y":0.46,"width":232,"height":232}},"sgxx2":{"sgxx":{"color":"fbffa796","x":0.07,"y":0.46,"width":232,"height":232}},"sgxx3":{"sgxx":{"color":"fbffa796","x":0.07,"y":0.46,"width":232,"height":232}},"sgxx4":{"sgxx":{"color":"fbffa76b","x":0.07,"y":0.46,"width":232,"height":232}},"sgxx5":{"sgxx":{"color":"fbffa7ff","x":0.07,"y":0.46,"width":232,"height":232}},"sgxx6":{"sgxx":{"color":"fbffa7c9","x":0.07,"y":0.46,"width":232,"height":232}},"sgxx7":{"sgxx":{"color":"fbffa759","x":0.07,"y":0.46,"width":232,"height":232}},"sgxx8":{"sgxx":{"color":"fbffa7ff","x":0.07,"y":0.46,"width":232,"height":232}}}}],"animations":{"xingguang":{"slots":{"gd_0":{"color":[{"time":0.1,"color":"ffffffc3"},{"time":0.2667,"color":"ffffffff","curve":0.25},{"time":0.6667,"color":"ffffff00"}],"color":[{"time":0.2667,"color":"ffffffff","curve":0.25},{"time":0.6667,"color":"ffffff00"}],"attachment":[{"time":0.1,"name":"gd_00000"}]},"gd_00000":{"color":[{"time":0.2667,"color":"ffffffff","curve":0.25},{"time":0.6667,"color":"ffffff00"}],"attachment":[{"time":0.1,"name":"gd_00000"}]},"sgxx":{"color":[{"color":"ffffff00","curve":0.25,"c3":0.75},{"time":0.2333,"color":"ffffffff","curve":"stepped"},{"time":0.5333,"color":"ffffffff","curve":0.25,"c3":0.75},{"time":0.7667,"color":"ffffff00"}]},"sgxx2":{"color":[{"color":"ffffff00","curve":0.25,"c3":0.75},{"time":0.3667,"color":"ffffffff","curve":0.25,"c3":0.75},{"time":0.8667,"color":"ffffff00"}]},"sgxx3":{"color":[{"color":"ffffff00","curve":"stepped"},{"time":0.1667,"color":"ffffff00","curve":0.25,"c3":0.75},{"time":0.4333,"color":"ffffffff","curve":0.25,"c3":0.75},{"time":0.8667,"color":"ffffff00"}]},"sgxx4":{"color":[{"color":"ffffff00","curve":"stepped"},{"time":0.1667,"color":"ffffff00","curve":0.25,"c3":0.75},{"time":0.3387,"color":"ffffffff","curve":"stepped"},{"time":0.7667,"color":"ffffffff","curve":0.25,"c3":0.75},{"time":0.9667,"color":"ffffff00"}]},"sgxx5":{"color":[{"color":"ffffff00","curve":0.25,"c3":0.75},{"time":0.4,"color":"ffffffff","curve":"stepped"},{"time":0.5,"color":"ffffffff","curve":0.25,"c3":0.75},{"time":1,"color":"ffffff00"}]},"sgxx6":{"color":[{"color":"ffffff00","curve":0.25,"c3":0.75},{"time":0.2,"color":"ffffffff","curve":"stepped"},{"time":0.6667,"color":"ffffffff","curve":0.25,"c3":0.75},{"time":0.9,"color":"ffffff00"}]},"sgxx7":{"color":[{"color":"ffffff00","curve":"stepped"},{"time":0.1667,"color":"ffffff00","curve":0.25,"c3":0.75},{"time":0.4,"color":"ffffffff","curve":0.25,"c3":0.75},{"time":0.8333,"color":"ffffff00"}]},"sgxx8":{"color":[{"color":"ffffff00","curve":"stepped"},{"time":0.0667,"color":"ffffff00","curve":0.25,"c3":0.75},{"time":0.4,"color":"ffffffff","curve":"stepped"},{"time":0.4667,"color":"ffffffff","curve":0.25,"c3":0.75},{"time":1,"color":"ffffff00"}]}},"bones":{"sgxx":{"translate":[{"x":56.3,"y":-79.9,"curve":0.035,"c3":0.291},{"time":0.7667,"x":-83.73,"y":27.42}],"scale":[{"x":0.436,"y":0.436,"curve":0.039,"c3":0.302,"c4":0.84},{"time":0.7667,"x":1.164,"y":1.164}]},"sgxx2":{"translate":[{"x":76.89,"y":-79.9,"curve":0.035,"c3":0.291},{"time":0.8667,"x":191.32,"y":-20.66}],"scale":[{"x":0.436,"y":0.436,"curve":0.035,"c3":0.291},{"time":0.8667,"x":1.171,"y":1.171}]},"sgxx3":{"translate":[{"x":71.01,"y":-110.8,"curve":"stepped"},{"time":0.1667,"x":71.01,"y":-110.8,"curve":0.035,"c3":0.291},{"time":1,"x":-22.94,"y":-231.64}],"scale":[{"x":0.436,"y":0.436,"curve":"stepped"},{"time":0.1667,"x":0.436,"y":0.436,"curve":0.035,"c3":0.291},{"time":1,"x":1.162,"y":1.162}]},"sgxx4":{"translate":[{"x":65.12,"y":-62.25,"curve":"stepped"},{"time":0.1667,"x":65.12,"y":-62.25,"curve":0.035,"c3":0.291},{"time":0.9667,"x":122.06,"y":25.11}],"scale":[{"x":0.296,"y":0.296,"curve":"stepped"},{"time":0.1667,"x":0.296,"y":0.296,"curve":0.035,"c3":0.291},{"time":0.9667,"x":0.63,"y":0.63}]},"sgxx5":{"translate":[{"x":76.89,"y":-113.74,"curve":0.035,"c3":0.291},{"time":1,"x":158,"y":-215.46}],"scale":[{"x":0.176,"y":0.176,"curve":0.035,"c3":0.291},{"time":1,"x":0.59,"y":0.59}]},"sgxx6":{"translate":[{"x":76.89,"y":-113.74,"curve":0.035,"c3":0.291},{"time":0.9,"x":136.9,"y":-185.92}],"scale":[{"x":0.436,"y":0.436,"curve":0.035,"c3":0.291},{"time":0.9,"x":1.112,"y":1.112}]},"sgxx7":{"translate":[{"x":51.57,"y":-79.9},{"time":0.1667,"x":25.15,"y":-120.21,"curve":0.035,"c3":0.291},{"time":0.8333,"x":-68.7,"y":-156.82}],"scale":[{"x":0.436,"y":0.436,"curve":"stepped"},{"time":0.1667,"x":0.436,"y":0.436,"curve":0.035,"c3":0.291},{"time":0.8333,"x":1.313,"y":1.313}]},"sgxx8":{"translate":[{"x":56.3,"y":-79.9},{"time":0.0667,"x":50.21,"y":-67.27,"curve":0.035,"c3":0.291},{"time":1,"x":-26.69,"y":-13.23}],"scale":[{"x":0.436,"y":0.436,"curve":"stepped"},{"time":0.0667,"x":0.436,"y":0.436,"curve":0.035,"c3":0.291},{"time":1,"x":0.703,"y":0.703}]},"bone2":{"translate":[{"x":-178.44,"y":-686.03}]},"gd_00000":{"translate":[{"x":-0.27,"y":-722.04,"curve":"stepped"},{"time":0.1,"x":-0.27,"y":-722.04},{"time":0.3667,"x":-0.27,"y":-722.04}],"scale":[{"time":0.1},{"time":0.2667,"x":1.911,"y":1.911}]}}},"xingguang2":{"slots":{"gd_0":{"color":[{"time":0.1,"color":"ffffffc3"},{"time":0.2667,"color":"ffffffff","curve":0.25},{"time":0.6,"color":"ffffff00"}],"color":[{"time":0.2667,"color":"ffffffff","curve":0.25},{"time":0.6,"color":"ffffff00"}],"attachment":[{"time":0.1,"name":"gd_00000"}]},"gd_00000":{"color":[{"time":0.2667,"color":"ffffffff","curve":0.25},{"time":0.6,"color":"ffffff00"}],"attachment":[{"time":0.1,"name":"gd_00000"}]},"sgxx":{"color":[{"color":"ffffff00","curve":0.25,"c3":0.75},{"time":0.2,"color":"ffffffff","curve":"stepped"},{"time":0.3333,"color":"ffffffff","curve":0.25,"c3":0.75},{"time":0.5333,"color":"ffffff00","curve":0.25,"c3":0.75},{"time":0.7,"color":"ffffffff","curve":"stepped"},{"time":0.8667,"color":"ffffffff","curve":0.25,"c3":0.75},{"time":1.0667,"color":"ffffff00"}]},"sgxx2":{"color":[{"color":"ffffff00","curve":"stepped"},{"time":0.0667,"color":"ffffff00","curve":0.25,"c3":0.75},{"time":0.2667,"color":"ffffffff","curve":"stepped"},{"time":0.4333,"color":"ffffffff","curve":0.25,"c3":0.75},{"time":0.6333,"color":"ffffff00","curve":0.25,"c3":0.75},{"time":0.8333,"color":"ffffffff","curve":"stepped"},{"time":1,"color":"ffffffff","curve":0.25,"c3":0.75},{"time":1.2333,"color":"ffffff00"}]},"sgxx3":{"color":[{"color":"ffffff00","curve":"stepped"},{"time":0.1667,"color":"ffffff00","curve":0.25,"c3":0.75},{"time":0.3333,"color":"ffffffff","curve":"stepped"},{"time":0.4333,"color":"ffffffff","curve":0.25,"c3":0.75},{"time":0.5667,"color":"ffffff00","curve":0.25,"c3":0.75},{"time":0.7333,"color":"ffffffff","curve":"stepped"},{"time":0.8333,"color":"ffffffff","curve":0.25,"c3":0.75},{"time":1,"color":"ffffff00"}]},"sgxx4":{"color":[{"color":"ffffff00","curve":"stepped"},{"time":0.1667,"color":"ffffff00","curve":0.25,"c3":0.75},{"time":0.3387,"color":"ffffffff","curve":"stepped"},{"time":0.482,"color":"ffffffff","curve":0.25,"c3":0.75},{"time":0.6541,"color":"ffffff00","curve":0.25,"c3":0.75},{"time":0.8261,"color":"ffffffff","curve":"stepped"},{"time":0.9694,"color":"ffffffff","curve":0.25,"c3":0.75},{"time":1.1667,"color":"ffffff00"}]},"sgxx5":{"color":[{"color":"ffffff00","curve":0.25,"c3":0.75},{"time":0.2,"color":"ffffffff","curve":"stepped"},{"time":0.3667,"color":"ffffffff","curve":0.25,"c3":0.75},{"time":0.5667,"color":"ffffff00","curve":0.25,"c3":0.75},{"time":0.7667,"color":"ffffffff","curve":"stepped"},{"time":0.9333,"color":"ffffffff","curve":0.25,"c3":0.75},{"time":1.1667,"color":"ffffff00"}]},"sgxx6":{"color":[{"color":"ffffff00","curve":"stepped"},{"time":0.4333,"color":"ffffff00","curve":0.25,"c3":0.75},{"time":0.6333,"color":"ffffffff","curve":"stepped"},{"time":0.8,"color":"ffffffff","curve":0.25,"c3":0.75},{"time":1,"color":"ffffff00","curve":0.25,"c3":0.75},{"time":1.2,"color":"ffffffff","curve":"stepped"},{"time":1.3667,"color":"ffffffff","curve":0.25,"c3":0.75},{"time":1.6,"color":"ffffff00"}]},"sgxx7":{"color":[{"color":"ffffff00","curve":"stepped"},{"time":0.3667,"color":"ffffff00","curve":0.25,"c3":0.75},{"time":0.5667,"color":"ffffffff","curve":"stepped"},{"time":0.7333,"color":"ffffffff","curve":0.25,"c3":0.75},{"time":0.9333,"color":"ffffff00","curve":0.25,"c3":0.75},{"time":1.1333,"color":"ffffffff","curve":"stepped"},{"time":1.3,"color":"ffffffff","curve":0.25,"c3":0.75},{"time":1.5333,"color":"ffffff00"}]},"sgxx8":{"color":[{"color":"ffffff00","curve":"stepped"},{"time":0.3,"color":"ffffff00","curve":0.25,"c3":0.75},{"time":0.5,"color":"ffffffff","curve":"stepped"},{"time":0.6333,"color":"ffffffff","curve":0.25,"c3":0.75},{"time":0.8333,"color":"ffffff00","curve":0.25,"c3":0.75},{"time":1,"color":"ffffffff","curve":"stepped"},{"time":1.1667,"color":"ffffffff","curve":0.25,"c3":0.75},{"time":1.5333,"color":"ffffff00"}]}},"bones":{"sgxx":{"translate":[{"x":56.3,"y":-79.9,"curve":0.035,"c3":0.291},{"time":1.0667,"x":-83.73,"y":27.42}],"scale":[{"x":0.436,"y":0.436,"curve":0.039,"c3":0.302,"c4":0.84},{"time":1.0667,"x":1.164,"y":1.164}]},"sgxx2":{"translate":[{"x":76.89,"y":-79.9,"curve":"stepped"},{"time":0.0667,"x":76.89,"y":-79.9,"curve":0.035,"c3":0.291},{"time":1.2333,"x":191.32,"y":-20.66}],"scale":[{"x":0.436,"y":0.436,"curve":"stepped"},{"time":0.0667,"x":0.436,"y":0.436,"curve":0.035,"c3":0.291},{"time":1.2333,"x":1.171,"y":1.171}]},"sgxx3":{"translate":[{"x":71.01,"y":-110.8,"curve":"stepped"},{"time":0.1667,"x":71.01,"y":-110.8,"curve":0.035,"c3":0.291},{"time":1,"x":-22.94,"y":-231.64}],"scale":[{"x":0.436,"y":0.436,"curve":"stepped"},{"time":0.1667,"x":0.436,"y":0.436,"curve":0.035,"c3":0.291},{"time":1,"x":1.162,"y":1.162}]},"sgxx4":{"translate":[{"x":65.12,"y":-62.25,"curve":"stepped"},{"time":0.1667,"x":65.12,"y":-62.25,"curve":0.035,"c3":0.291},{"time":1.1667,"x":122.06,"y":25.11}],"scale":[{"x":0.296,"y":0.296,"curve":"stepped"},{"time":0.1667,"x":0.296,"y":0.296,"curve":0.035,"c3":0.291},{"time":1.1667,"x":0.63,"y":0.63}]},"sgxx5":{"translate":[{"x":76.89,"y":-113.74,"curve":0.035,"c3":0.291},{"time":1.1667,"x":158,"y":-215.46}],"scale":[{"x":0.176,"y":0.176,"curve":0.035,"c3":0.291},{"time":1.1667,"x":0.59,"y":0.59}]},"sgxx6":{"translate":[{"x":76.89,"y":-113.74,"curve":"stepped"},{"time":0.4333,"x":76.89,"y":-113.74,"curve":0.035,"c3":0.291},{"time":1.6,"x":136.9,"y":-185.92}],"scale":[{"x":0.436,"y":0.436,"curve":"stepped"},{"time":0.4333,"x":0.436,"y":0.436,"curve":0.035,"c3":0.291},{"time":1.6,"x":1.112,"y":1.112}]},"sgxx7":{"translate":[{"x":51.57,"y":-79.9},{"time":0.3667,"x":25.15,"y":-120.21,"curve":0.035,"c3":0.291},{"time":1.5333,"x":-68.7,"y":-156.82}],"scale":[{"x":0.436,"y":0.436,"curve":"stepped"},{"time":0.3667,"x":0.436,"y":0.436,"curve":0.035,"c3":0.291},{"time":1.5333,"x":1.313,"y":1.313}]},"sgxx8":{"translate":[{"x":56.3,"y":-79.9},{"time":0.3,"x":50.21,"y":-67.27,"curve":0.035,"c3":0.291},{"time":1.5333,"x":-65.13,"y":51.41}],"scale":[{"x":0.436,"y":0.436,"curve":"stepped"},{"time":0.3,"x":0.436,"y":0.436,"curve":0.035,"c3":0.291},{"time":1.5333,"x":0.703,"y":0.703}]},"bone2":{"translate":[{"x":-178.44,"y":-686.03}]},"gd_00000":{"translate":[{"x":-0.27,"y":-722.04,"curve":"stepped"},{"time":0.1,"x":-0.27,"y":-722.04},{"time":0.3667,"x":-0.27,"y":-722.04}],"scale":[{"time":0.1},{"time":0.2667,"x":1.911,"y":1.911}]}}}}}