{"skeleton":{"hash":"kepwzRaCv6cTuN8pvdoFQDeSJss","spine":"3.8.95","x":-565.81,"y":-883.73,"width":1131.62,"height":1583.7,"images":"./images/","audio":"E:/Art/UI/点开/images"},"bones":[{"name":"root"},{"name":"bone","parent":"root","scaleX":0.89,"scaleY":1.1},{"name":"bone5","parent":"bone","rotation":147.77,"scaleX":1.2855,"scaleY":1.2855},{"name":"bone6","parent":"bone","rotation":147.77,"scaleX":1.2855,"scaleY":1.2855},{"name":"bone7","parent":"bone","rotation":147.77,"scaleX":1.2855,"scaleY":1.2855}],"slots":[{"name":"1","bone":"root"},{"name":"2_4_finish","bone":"root"},{"name":"light2","bone":"bone5","color":"ffffffe2","attachment":"light3"},{"name":"light3","bone":"bone5","color":"ffffff00","attachment":"light3","blend":"additive"},{"name":"light4","bone":"bone6","color":"ffffffe2","attachment":"light2"},{"name":"light5","bone":"bone6","color":"ffffff00","attachment":"light2","blend":"additive"},{"name":"light6","bone":"bone7","color":"ffffffe2","attachment":"light4"},{"name":"light7","bone":"bone7","color":"ffffff00","attachment":"light4","blend":"additive"},{"name":"mogu","bone":"root"}],"skins":[{"name":"default","attachments":{"light2":{"light3":{"width":716,"height":719}},"light3":{"light3":{"width":716,"height":719}},"light4":{"light2":{"width":635,"height":634}},"light5":{"light2":{"width":635,"height":634}},"light6":{"light4":{"width":517,"height":514}},"light7":{"light4":{"width":517,"height":514}}}}],"animations":{"guang":{"slots":{"light2":{"color":[{"color":"ffffff93"}]},"light4":{"color":[{"color":"ffffff93"}]},"light6":{"color":[{"color":"ffffff93"}]}},"bones":{"bone5":{"rotate":[{"angle":-147.77},{"time":2.6633,"angle":-57.9},{"time":5.3333,"angle":32.23}],"scale":[{"x":1.03,"y":1.03}]},"bone6":{"rotate":[{"angle":-147.77},{"time":2.6633,"angle":152.47},{"time":5.3333,"angle":92.54}],"translate":[{},{"time":5.3333,"x":6.53,"y":8.42}],"scale":[{"x":1.03,"y":1.03}]},"bone7":{"rotate":[{"angle":-147.77},{"time":2.6633,"angle":-162.79},{"time":5.3333,"angle":-177.86}],"scale":[{"x":1.03,"y":1.03}]}}},"guang2":{"slots":{"light2":{"color":[{"color":"ffffffd4"},{"time":1,"color":"ffffff93"}]},"light3":{"color":[{"color":"ffffff00"},{"time":0.3333,"color":"ffffff21"},{"time":1,"color":"ffffff00"}]},"light4":{"color":[{"color":"ffffffd4"},{"time":1,"color":"ffffff93"}]},"light5":{"color":[{"color":"ffffff00"},{"time":0.3333,"color":"ffffff30"},{"time":1,"color":"ffffff00"}]},"light6":{"color":[{"color":"ffffffd4"},{"time":1,"color":"ffffff93"}]},"light7":{"color":[{"color":"ffffff00"},{"time":0.3333,"color":"ffffff2a"},{"time":1,"color":"ffffff00"}]}},"bones":{"bone5":{"rotate":[{"angle":175.85},{"time":1,"angle":-147.77}],"scale":[{"x":0.311,"y":0.311,"curve":0.25,"c3":0.75},{"time":0.3333,"x":1.24,"y":1.24,"curve":0.25,"c3":0.75},{"time":1,"x":1.03,"y":1.03}]},"bone6":{"rotate":[{"angle":-111.39},{"time":1,"angle":-147.77}],"scale":[{"x":0.311,"y":0.311,"curve":0.25,"c3":0.75},{"time":0.3333,"x":1.24,"y":1.24,"curve":0.25,"c3":0.75},{"time":1,"x":1.03,"y":1.03}]},"bone7":{"rotate":[{"angle":-106.49},{"time":1,"angle":-147.77}],"scale":[{"x":0.311,"y":0.311,"curve":0.25,"c3":0.75},{"time":0.3333,"x":1.24,"y":1.24,"curve":0.25,"c3":0.75},{"time":1,"x":1.03,"y":1.03}]}}}}}