{"skeleton":{"hash":"1VJzuyVXVJd11vGHNMJwzt7ZtzI","spine":"3.8.95","images":"./images/","audio":""},"bones":[{"name":"root"},{"name":"hint","parent":"root"},{"name":"hint2","parent":"root"}],"slots":[{"name":"2_1_play","bone":"root"},{"name":"skip_bg","bone":"root"},{"name":"hint","bone":"hint"},{"name":"hint2","bone":"hint2"}],"skins":[{"name":"default","attachments":{"skip_bg":{"skip_bg":{"width":72,"height":72}}}},{"name":"hint","attachments":{"hint":{"hint":{"scaleX":0.8109,"scaleY":0.8109,"width":51,"height":71}},"hint2":{"hint":{"scaleX":0.8109,"scaleY":0.8109,"width":51,"height":71}}}},{"name":"skip","attachments":{"hint":{"hint":{"name":"skip","x":3.35,"scaleX":0.8109,"scaleY":0.8109,"width":55,"height":52}},"hint2":{"hint":{"name":"skip","x":3.35,"scaleX":0.8109,"scaleY":0.8109,"width":55,"height":52}}}}],"animations":{"animation":{"slots":{"hint":{"color":[{"color":"ffffff00"},{"time":0.0667,"color":"ffffffff"}],"attachment":[{"name":"hint"}]},"skip_bg":{"color":[{"color":"ffffff00"},{"time":0.0667,"color":"ffffffff"}],"attachment":[{"name":"skip_bg"}]}},"bones":{"hint":{"scale":[{"x":0.6,"y":0.6,"curve":0.25,"c3":0.75},{"time":0.1667,"x":1.1,"y":1.1,"curve":0.25,"c3":0.75},{"time":0.4}]}}},"animation2":{"slots":{"hint":{"color":[{"time":0.2333,"color":"ffffffff"},{"time":0.4333,"color":"ffffff00"}],"attachment":[{"name":"hint"}]},"hint2":{"color":[{"time":0.0333,"color":"ffffffff","curve":0.25,"c3":0.75},{"time":0.2667,"color":"ffffff00"}],"attachment":[{"name":"hint"}]},"skip_bg":{"color":[{"time":0.2333,"color":"ffffffff"},{"time":0.4333,"color":"ffffff00"}],"attachment":[{"name":"skip_bg"}]}},"bones":{"hint2":{"scale":[{"curve":0.224,"c3":0.488},{"time":0.2333,"x":1.524,"y":1.524}]}}},"animation3":{"slots":{"hint":{"attachment":[{"name":"hint"}]},"hint2":{"attachment":[{"name":"hint"}]},"skip_bg":{"attachment":[{"name":"skip_bg"}]}}}}}