{"skeleton":{"hash":"/LC6i9BCngD2lfmRf4FkMjoMXpo","spine":"3.8.95","x":-360,"y":-640,"width":720,"height":1280,"images":"./images/","audio":""},"bones":[{"name":"root"},{"name":"dadengpao","parent":"root","length":58.05,"rotation":90},{"name":"hint_bg","parent":"root"},{"name":"xiaodengpao","parent":"root"}],"slots":[{"name":"beijing","bone":"root"},{"name":"hint_bg","bone":"hint_bg"},{"name":"dadengpao","bone":"dadengpao"},{"name":"dadengpao2","bone":"dadengpao","blend":"additive"},{"name":"xiaodengpao","bone":"xiaodengpao"}],"skins":[{"name":"default","attachments":{"dadengpao":{"dadengpao":{"rotation":-90,"width":146,"height":204},"dadengpao3":{"rotation":-90,"width":146,"height":204}},"dadengpao2":{"dadengpao":{"type":"mesh","uvs":[1,0.66281,0.76305,0.69546,0.61606,0.71178,0.40319,0.71178,0.2562,0.7009,0.18778,0.69183,0,0.53948,0,0,1,0],"triangles":[3,6,7,6,4,5,8,3,7,0,1,8,6,3,4,3,8,2,1,2,8],"vertices":[-33.21,-73,-39.87,-38.41,-43.2,-16.95,-43.2,14.13,-40.98,35.59,-39.13,45.58,-8.05,73,102,73,102,-73],"hull":9,"edges":[14,16,10,8,8,6,6,4,4,2,0,16,2,0,12,14,10,12],"width":146,"height":204}},"xiaodengpao":{"xiaodengpao":{"x":0.3,"y":14.15,"width":45,"height":65}}}}],"animations":{"dadengpao":{"slots":{"dadengpao":{"color":[{"color":"ffffff00"},{"time":0.1,"color":"ffffffff"}],"attachment":[{"name":"dadengpao"}]},"dadengpao2":{"color":[{"color":"ffffff00","curve":"stepped"},{"time":0.0667,"color":"ffffff00"},{"time":0.2,"color":"ffffff2e","curve":"stepped"},{"time":0.3,"color":"ffffff2e"},{"time":0.5333,"color":"ffffff00"}],"attachment":[{"name":"dadengpao"}]},"hint_bg":{"color":[{"color":"ffffff00"},{"time":0.1,"color":"ffffffff"}]}},"bones":{"hint_bg":{"scale":[{"x":0.7,"y":0.7,"curve":0,"c3":0.75},{"time":0.1667}]},"dadengpao":{"scale":[{"x":0.7,"y":0.7,"curve":0.25,"c3":0.75},{"time":0.2,"x":1.2,"y":1.2,"curve":0.25,"c3":0.75},{"time":0.5333,"x":0.9,"y":0.9,"curve":0.25,"c3":0.877},{"time":0.7333}]}}},"dadengpao2":{"slots":{"dadengpao":{"color":[{"color":"ffffff00"},{"time":0.1667,"color":"ffffffff"}],"attachment":[{"name":"dadengpao"}]},"dadengpao2":{"color":[{"color":"ffffff00","curve":"stepped"},{"time":0.1333,"color":"ffffff00"},{"time":0.2667,"color":"ffffff2e","curve":"stepped"},{"time":0.3667,"color":"ffffff2e"},{"time":0.6,"color":"ffffff00"}],"attachment":[{"name":"dadengpao"}]}},"bones":{"dadengpao":{"translate":[{"time":0.8,"curve":0.25},{"time":1.2667,"x":300.47,"y":595.13}],"scale":[{"x":0.4,"y":0.4,"curve":0,"c3":0.697},{"time":0.2667,"x":1.2,"y":1.2,"curve":0.321,"c3":0.856},{"time":0.6,"x":0.9,"y":0.9,"curve":0.25,"c3":0.877},{"time":0.8,"curve":0.25},{"time":1.2667,"x":0.283,"y":0.283}]}}},"dadengpao3":{"slots":{"dadengpao":{"color":[{"color":"ffffff00"},{"time":0.1,"color":"ffffffff"}],"attachment":[{"name":"dadengpao3"}]},"dadengpao2":{"color":[{"color":"ffffff00","curve":"stepped"},{"time":0.0667,"color":"ffffff00"},{"time":0.2,"color":"ffffff2e","curve":"stepped"},{"time":0.3,"color":"ffffff2e"},{"time":0.5333,"color":"ffffff00"}],"attachment":[{"name":"dadengpao"}]},"hint_bg":{"color":[{"color":"ffffff00"},{"time":0.1,"color":"ffffffff"}]}},"bones":{"hint_bg":{"scale":[{"x":0.7,"y":0.7,"curve":0,"c3":0.75},{"time":0.1667}]},"dadengpao":{"scale":[{"x":0.7,"y":0.7,"curve":0.25,"c3":0.75},{"time":0.2,"x":1.2,"y":1.2,"curve":0.25,"c3":0.75},{"time":0.5333,"x":0.9,"y":0.9,"curve":0.25,"c3":0.877},{"time":0.7333}]}}},"xiaodeng":{"slots":{"xiaodengpao":{"attachment":[{"name":"xiaodengpao"}]}},"bones":{"xiaodengpao":{"rotate":[{"curve":0.25,"c3":0.75},{"time":0.0624,"angle":-8.3,"curve":0.25,"c3":0.75},{"time":0.1872,"angle":11.82,"curve":0.25,"c3":0.75},{"time":0.312,"angle":-8.3,"curve":0.25,"c3":0.75},{"time":0.4368,"angle":11.82,"curve":0.25,"c3":0.75},{"time":0.4992,"curve":"stepped"},{"time":2.6667,"curve":0.25,"c3":0.75},{"time":2.7333,"angle":-8.3,"curve":0.25,"c3":0.75},{"time":2.8667,"angle":11.82,"curve":0.25,"c3":0.75},{"time":2.9667,"angle":-8.3,"curve":0.25,"c3":0.75},{"time":3.1,"angle":11.82,"curve":0.25,"c3":0.75},{"time":3.1667,"curve":"stepped"},{"time":5.3333,"curve":0.25,"c3":0.75},{"time":5.4,"angle":-8.3,"curve":0.25,"c3":0.75},{"time":5.5333,"angle":11.82,"curve":0.25,"c3":0.75},{"time":5.6333,"angle":-8.3,"curve":0.25,"c3":0.75},{"time":5.7667,"angle":11.82,"curve":0.25,"c3":0.75},{"time":5.8333}],"translate":[{"curve":0.25,"c3":0.75},{"time":1,"y":3.82,"curve":0.25,"c3":0.75},{"time":2,"curve":0.25,"c3":0.75},{"time":3,"y":3.82,"curve":0.25,"c3":0.75},{"time":4,"curve":0.25,"c3":0.75},{"time":5,"y":3.82,"curve":0.25,"c3":0.75},{"time":6,"curve":0.25,"c3":0.75},{"time":7,"y":3.82,"curve":0.25,"c3":0.75},{"time":8,"curve":0.25,"c3":0.75},{"time":9,"y":3.82,"curve":0.25,"c3":0.75},{"time":10}]}}}}}