{"skeleton":{"hash":"QBBSq7l26nVZ8pNatUwRVex0Brc","spine":"3.8.95","images":"./images/","audio":"F:/ART/ui/点赞/images"},"bones":[{"name":"root"},{"name":"heart_border","parent":"root"},{"name":"heart_bg","parent":"heart_border","x":40.99,"y":-43,"color":"ff0000ff"},{"name":"heart_border2","parent":"heart_border","color":"ff0000ff"},{"name":"heart","parent":"heart_border2","color":"09ff00ff"},{"name":"heart_border3","parent":"heart_bg","x":-40.99,"y":43,"color":"ff0000ff"},{"name":"heart_border4","parent":"heart_bg","x":-40.99,"y":43,"color":"ff0000ff"},{"name":"lizi_all","parent":"root"},{"name":"yuan","parent":"lizi_all"},{"name":"yuan2","parent":"lizi_all"},{"name":"yuan3","parent":"lizi_all"},{"name":"yuan4","parent":"lizi_all"},{"name":"yuan5","parent":"lizi_all"},{"name":"ct","parent":"lizi_all"},{"name":"ct4","parent":"lizi_all"},{"name":"ct2","parent":"lizi_all"},{"name":"ct5","parent":"lizi_all"},{"name":"ct6","parent":"lizi_all"},{"name":"yuan6","parent":"lizi_all"},{"name":"yuan7","parent":"lizi_all"},{"name":"yuan8","parent":"lizi_all"},{"name":"yuan9","parent":"lizi_all"},{"name":"yuan10","parent":"lizi_all"},{"name":"yuan11","parent":"lizi_all"},{"name":"yuan12","parent":"lizi_all"},{"name":"wz","parent":"root"},{"name":"close","parent":"root"}],"slots":[{"name":"img_border","bone":"heart_border"},{"name":"heart_bg","bone":"heart_bg"},{"name":"heart_border","bone":"heart_border2"},{"name":"heart_border2","bone":"heart_border3"},{"name":"heart_border3","bone":"heart_border4"},{"name":"heart","bone":"heart"},{"name":"yuan","bone":"yuan"},{"name":"yuan6","bone":"yuan6"},{"name":"yuan2","bone":"yuan2"},{"name":"yuan7","bone":"yuan7"},{"name":"yuan3","bone":"yuan3"},{"name":"yuan8","bone":"yuan8"},{"name":"yuan4","bone":"yuan4"},{"name":"yuan9","bone":"yuan9"},{"name":"yuan12","bone":"yuan12"},{"name":"yuan5","bone":"yuan5"},{"name":"yuan10","bone":"yuan10"},{"name":"yuan11","bone":"yuan11"},{"name":"ct","bone":"ct"},{"name":"ct2","bone":"ct2"},{"name":"ct4","bone":"ct4"},{"name":"ct5","bone":"ct5"},{"name":"ct6","bone":"ct6"},{"name":"wz","bone":"wz"},{"name":"img_border1","bone":"root"},{"name":"close","bone":"close"}],"skins":[{"name":"default","attachments":{"close":{"close":{"width":80,"height":80}},"ct":{"ct":{"type":"mesh","uvs":[1,1,0.89273,1,0.13029,1,0,1,0,0,0.13029,0,0.88751,0,1,0],"triangles":[2,3,4,5,2,4,1,6,7,2,5,6,1,2,6,1,7,0],"vertices":[73.26,-9.5,64.57,-9.5,2.81,-9.5,-7.74,-9.5,-7.74,9.5,2.81,9.5,64.14,9.5,73.26,9.5],"hull":8,"edges":[6,8,0,14,8,10,4,6,10,4,10,12,12,14,0,2,2,4,12,2],"width":81,"height":19}},"ct2":{"ct":{"type":"mesh","uvs":[1,1,0.88021,1,0.13268,1,0,1,0,0,0.1262,0,0.87805,0,1,0],"triangles":[3,4,5,2,5,6,3,5,2,1,6,7,2,6,1,1,7,0],"vertices":[73.26,-9.5,63.55,-9.5,3,-9.5,-7.74,-9.5,-7.74,9.5,2.48,9.5,63.38,9.5,73.26,9.5],"hull":8,"edges":[6,8,0,14,4,6,8,10,4,10,10,12,12,14,0,2,2,4,12,2],"width":81,"height":19}},"ct4":{"ct":{"type":"mesh","uvs":[1,1,0.87373,1,0.1154,1,0,1,0,0,0.11108,0,0.86941,0,1,0],"triangles":[3,4,5,2,5,6,3,5,2,1,6,7,2,6,1,1,7,0],"vertices":[73.26,-9.5,63.03,-9.5,1.6,-9.5,-7.74,-9.5,-7.74,9.5,1.25,9.5,62.68,9.5,73.26,9.5],"hull":8,"edges":[6,8,0,14,4,6,8,10,4,10,10,12,12,14,0,2,2,4,12,2],"width":81,"height":19}},"ct5":{"ct":{"type":"mesh","uvs":[1,1,0.88237,1,0.12404,1,0,1,0,0,0.12188,0,0.88237,0,1,0],"triangles":[3,4,5,2,5,6,3,5,2,1,6,7,2,6,1,1,7,0],"vertices":[73.26,-9.5,63.73,-9.5,2.3,-9.5,-7.74,-9.5,-7.74,9.5,2.13,9.5,63.73,9.5,73.26,9.5],"hull":8,"edges":[6,8,0,14,8,10,4,6,10,4,10,12,12,14,0,2,2,4,12,2],"width":81,"height":19}},"ct6":{"ct":{"type":"mesh","uvs":[1,1,0.88669,1,0.11324,1,0,1,0,0,0.11108,0,0.88237,0,1,0],"triangles":[3,4,5,2,5,6,3,5,2,1,6,7,2,6,1,1,7,0],"vertices":[73.26,-9.5,64.08,-9.5,1.43,-9.5,-7.74,-9.5,-7.74,9.5,1.25,9.5,63.73,9.5,73.26,9.5],"hull":8,"edges":[6,8,0,14,8,10,4,6,10,4,10,12,12,14,0,2,2,4,12,2],"width":81,"height":19}},"heart":{"heart":{"y":-3.5,"width":66,"height":59}},"heart_bg":{"heart_bg":{"x":-45.99,"y":46,"width":92,"height":92}},"heart_border":{"heart_border":{"width":48,"height":42}},"heart_border2":{"heart_border2":{"width":48,"height":42}},"heart_border3":{"heart_border2":{"width":48,"height":42}},"yuan":{"yuan":{"width":14,"height":14}},"yuan2":{"yuan":{"width":14,"height":14}},"yuan3":{"yuan":{"width":14,"height":14}},"yuan4":{"yuan":{"width":14,"height":14}},"yuan5":{"yuan":{"width":14,"height":14}},"yuan6":{"heart_1":{"width":27,"height":24}},"yuan7":{"heart_1":{"width":27,"height":24}},"yuan8":{"heart_1":{"width":27,"height":24}},"yuan9":{"heart_1":{"width":27,"height":24}},"yuan10":{"heart_1":{"width":27,"height":24}},"yuan11":{"heart_1":{"width":27,"height":24}},"yuan12":{"heart_1":{"width":27,"height":24}}}}],"animations":{"chongfudian":{"slots":{"heart":{"attachment":[{"name":"heart"}]},"heart_bg":{"attachment":[{"name":"heart_bg"}]},"img_border":{"attachment":[{"name":null}]}},"bones":{"heart":{"scale":[{"curve":0,"c3":0.612},{"time":0.1333,"x":0.9,"y":0.9,"curve":0.25,"c3":0.75},{"time":0.3667}]}}},"chongfudian2":{"slots":{"heart":{"attachment":[{"name":"heart"}]},"heart_bg":{"attachment":[{"name":"heart_bg"}]},"img_border":{"attachment":[{"name":null}]},"wz":{"color":[{"color":"ffffff00"},{"time":0.1,"color":"ffffffff","curve":"stepped"},{"time":2.5667,"color":"ffffffff"},{"time":2.6667,"color":"ffffff00"}],"attachment":[{"name":null}]}},"bones":{"wz":{"translate":[{"time":0.1667,"curve":0,"c3":0.619},{"time":2.1667,"y":22.86}],"scale":[{"x":0.5,"y":0.5,"curve":0,"c3":0.75},{"time":0.1667,"x":1.1,"y":1.1,"curve":0.25,"c3":0.75},{"time":0.4,"curve":"stepped"},{"time":2.5667},{"time":2.6667,"x":0.5,"y":0.5}]}}},"cx":{"slots":{"heart_bg":{"attachment":[{"name":"heart_bg"}]},"heart_border":{"color":[{"color":"ffffff00","curve":"stepped"},{"time":0.0333,"color":"ffffff00","curve":0,"c3":0.75},{"time":0.1667,"color":"ffffffff"}],"attachment":[{"name":"heart_border"}]}},"bones":{"heart_bg":{"scale":[{"x":0,"y":0,"curve":0,"c3":0.456},{"time":0.3333}]},"heart_border2":{"translate":[{"x":40.89,"y":-42.75,"curve":"stepped"},{"time":0.0333,"x":40.89,"y":-42.75,"curve":0,"c3":0.619},{"time":0.3667}],"scale":[{"x":0,"y":0,"curve":"stepped"},{"time":0.0333,"x":0,"y":0,"curve":0,"c3":0.619},{"time":0.3667}]}}},"cx2":{"slots":{"heart":{"attachment":[{"time":0.0333,"name":"heart"}]},"heart_bg":{"attachment":[{"name":"heart_bg"}]},"heart_border":{"color":[{"color":"ffffff00","curve":"stepped"},{"time":0.0333,"color":"ffffff00","curve":0,"c3":0.75},{"time":0.1667,"color":"ffffffff"}],"attachment":[{"name":"heart_border"},{"time":0.0333,"name":null}]}},"bones":{"heart_bg":{"scale":[{"x":0,"y":0,"curve":0,"c3":0.456},{"time":0.3333}]},"heart_border2":{"translate":[{"x":40.89,"y":-42.75,"curve":"stepped"},{"time":0.0333,"x":40.89,"y":-42.75,"curve":0,"c3":0.619},{"time":0.3667}],"scale":[{"x":0,"y":0,"curve":"stepped"},{"time":0.0333,"x":0,"y":0,"curve":0,"c3":0.619},{"time":0.3667}]}}},"cx_gb":{"slots":{"heart":{"attachment":[{"name":"heart"}]},"heart_bg":{"attachment":[{"name":"heart_bg"}]}},"bones":{"heart_bg":{"scale":[{"curve":0,"c3":0.619},{"time":0.2,"x":0,"y":0}]},"heart_border2":{"translate":[{"curve":0,"c3":0.619},{"time":0.2,"x":40.76,"y":-42.9}],"scale":[{"curve":0,"c3":0.619},{"time":0.2,"x":0,"y":0}]},"heart":{"translate":[{"curve":0,"c3":0.619},{"time":0.2,"x":40.76,"y":-42.9}],"scale":[{"curve":0,"c3":0.619},{"time":0.2,"x":0,"y":0}]}}},"cx_gb2":{"slots":{"heart_bg":{"attachment":[{"name":"heart_bg"}]},"heart_border":{"attachment":[{"name":"heart_border"}]}},"bones":{"heart_bg":{"scale":[{"curve":0,"c3":0.619},{"time":0.2,"x":0,"y":0}]},"heart_border2":{"translate":[{"curve":0,"c3":0.619},{"time":0.1667,"x":40.76,"y":-42.9}],"scale":[{"curve":0,"c3":0.619},{"time":0.2,"x":0,"y":0}]},"heart":{"translate":[{"curve":0,"c3":0.619},{"time":0.2,"x":40.76,"y":-42.9}],"scale":[{"curve":0,"c3":0.619},{"time":0.2,"x":0,"y":0}]}}},"cx_idle":{"slots":{"heart":{"attachment":[{"name":"heart"}]},"heart_bg":{"attachment":[{"name":"heart_bg"}]}}},"dj":{"slots":{"ct":{"color":[{"color":"ffffff00"},{"time":0.1,"color":"ffffffff","curve":"stepped"},{"time":0.3333,"color":"ffffffff"},{"time":0.5333,"color":"ffffff00"}],"attachment":[{"name":"ct"}]},"ct2":{"color":[{"time":0.0333,"color":"ffffff00"},{"time":0.1333,"color":"ffffffff","curve":"stepped"},{"time":0.3667,"color":"ffffffff"},{"time":0.5667,"color":"ffffff00"}],"attachment":[{"time":0.0333,"name":"ct"}]},"ct4":{"color":[{"time":0.1,"color":"ffffff00"},{"time":0.2,"color":"ffffffff","curve":"stepped"},{"time":0.4333,"color":"ffffffff"},{"time":0.6333,"color":"ffffff00"}],"attachment":[{"time":0.1,"name":"ct"}]},"ct5":{"color":[{"color":"ffffff00"},{"time":0.1,"color":"ffffffff","curve":"stepped"},{"time":0.3333,"color":"ffffffff"},{"time":0.5333,"color":"ffffff00"}],"attachment":[{"name":"ct"}]},"ct6":{"color":[{"color":"ffffff00"},{"time":0.1,"color":"ffffffff","curve":"stepped"},{"time":0.3333,"color":"ffffffff"},{"time":0.5333,"color":"ffffff00"}],"attachment":[{"name":"ct"}]},"heart":{"color":[{"color":"ffffff00","curve":0,"c3":0.75},{"time":0.1333,"color":"ffffffff"}],"attachment":[{"name":"heart"}]},"heart_bg":{"attachment":[{"name":"heart_bg"}]},"heart_border":{"attachment":[{"name":"heart_border"}]},"heart_border2":{"color":[{"color":"ffffff00"},{"time":0.1333,"color":"ffffffff"},{"time":0.5667,"color":"ffffff00"}],"attachment":[{"name":"heart_border2"}]},"img_border":{"attachment":[{"name":null}]},"yuan":{"color":[{"color":"ffffff00"},{"time":0.1,"color":"ffffffff","curve":"stepped"},{"time":0.2667,"color":"ffffffff"},{"time":0.4667,"color":"ffffff00"}],"attachment":[{"name":"yuan"}]},"yuan2":{"color":[{"time":0.1333,"color":"ffffff00"},{"time":0.2333,"color":"ffffffff","curve":"stepped"},{"time":0.4,"color":"ffffffff"},{"time":0.6,"color":"ffffff00"}],"attachment":[{"time":0.1333,"name":"yuan"}]},"yuan3":{"color":[{"color":"ffffff00"},{"time":0.1,"color":"ffffffff","curve":"stepped"},{"time":0.2667,"color":"ffffffff"},{"time":0.4667,"color":"ffffff00"}],"attachment":[{"name":"yuan"}]},"yuan4":{"color":[{"time":0.0667,"color":"ffffff00"},{"time":0.1667,"color":"ffffffff","curve":"stepped"},{"time":0.3333,"color":"ffffffff"},{"time":0.5333,"color":"ffffff00"}],"attachment":[{"time":0.0667,"name":"yuan"}]},"yuan5":{"color":[{"time":0.0333,"color":"ffffff00"},{"time":0.1333,"color":"ffffffff","curve":"stepped"},{"time":0.3,"color":"ffffffff"},{"time":0.5,"color":"ffffff00"}],"attachment":[{"time":0.0333,"name":"yuan"}]}},"bones":{"heart_border2":{"scale":[{"curve":0,"c3":0.557},{"time":0.1667,"x":1.5,"y":1.5,"curve":0.493,"c3":0.75},{"time":0.4,"x":0.9,"y":0.9,"curve":0.25,"c3":0.75},{"time":0.6}]},"heart_border3":{"scale":[{"curve":0,"c3":0.619},{"time":0.5,"x":3,"y":3}]},"yuan":{"translate":[{"curve":0,"c3":0.619},{"time":0.4,"x":50.69,"y":51.38}],"scale":[{"x":0.335,"y":0.335,"curve":0,"c3":0.619},{"time":0.4,"x":1.123,"y":1.123}]},"yuan2":{"translate":[{"time":0.1333,"curve":0,"c3":0.619},{"time":0.5333,"x":-58.4,"y":-12.31}],"scale":[{"time":0.1333,"x":0.335,"y":0.335,"curve":0,"c3":0.619},{"time":0.5333,"x":0.758,"y":0.758}]},"yuan3":{"translate":[{"curve":0,"c3":0.619},{"time":0.4,"x":40.91,"y":-36.01}],"scale":[{"x":0.41,"y":0.41,"curve":0,"c3":0.619},{"time":0.4,"x":0.998,"y":0.998}]},"yuan4":{"translate":[{"time":0.0667,"curve":0,"c3":0.619},{"time":0.4667,"x":-47.43,"y":56.82}],"scale":[{"time":0.0667,"x":0.41,"y":0.41,"curve":0,"c3":0.619},{"time":0.4667,"x":0.696,"y":0.696}]},"yuan5":{"translate":[{"time":0.0333,"curve":0,"c3":0.619},{"time":0.4333,"x":53.15,"y":17.88}],"scale":[{"time":0.0333,"x":0.41,"y":0.41,"curve":0,"c3":0.619},{"time":0.4333,"x":0.696,"y":0.696}]},"ct":{"translate":[{"curve":0,"c3":0.433,"c4":0.5},{"time":0.4667,"x":43.23,"y":0.91}],"scale":[{"x":0.148,"y":0.522,"curve":0,"c3":0.619},{"time":0.2333,"x":0.485,"y":0.426},{"time":0.4667,"x":0.541,"y":0.387}]},"ct4":{"rotate":[{"time":0.1,"angle":-65.61}],"translate":[{"time":0.1,"curve":0,"c3":0.619},{"time":0.5667,"x":15.86,"y":-29.12}],"scale":[{"time":0.1,"x":0.148,"y":0.522,"curve":0,"c3":0.619},{"time":0.3333,"x":0.485,"y":0.426},{"time":0.5667,"x":0.476,"y":0.305}]},"ct2":{"rotate":[{"time":0.0333,"angle":-137.53}],"translate":[{"time":0.0333,"curve":0,"c3":0.619},{"time":0.5,"x":-22.91,"y":-19.53}],"scale":[{"time":0.0333,"x":0.148,"y":0.522,"curve":0,"c3":0.619},{"time":0.2667,"x":0.485,"y":0.426},{"time":0.5,"x":0.605,"y":0.387}]},"ct5":{"rotate":[{"angle":145.87}],"translate":[{"curve":0,"c3":0.619},{"time":0.4667,"x":-45.83,"y":27.53}],"scale":[{"x":0.148,"y":0.522,"curve":0,"c3":0.619},{"time":0.2333,"x":0.485,"y":0.426},{"time":0.4667,"x":0.476,"y":0.305}]},"ct6":{"rotate":[{"angle":67.41}],"translate":[{"curve":0,"c3":0.619},{"time":0.4667,"x":21.03,"y":44.29}],"scale":[{"x":0.148,"y":0.522,"curve":0,"c3":0.619},{"time":0.2333,"x":0.485,"y":0.426},{"time":0.4667,"x":0.476,"y":0.305}]}},"deform":{"default":{"ct":{"ct":[{"time":0.2333,"curve":0,"c3":0.619},{"time":0.5333,"offset":4,"vertices":[59.87849,-3.0E-5,59.87849,-3.0E-5,59.87849,-3.0E-5,59.87849]}]},"ct2":{"ct":[{"time":0.2667,"curve":0,"c3":0.619},{"time":0.5667,"offset":4,"vertices":[59.87849,-3.0E-5,59.87849,-3.0E-5,59.87849,-3.0E-5,59.87849]}]},"ct4":{"ct":[{"time":0.3333,"curve":0,"c3":0.619},{"time":0.6333,"offset":4,"vertices":[59.87849,-3.0E-5,59.87849,-3.0E-5,59.87849,-3.0E-5,59.87849]}]},"ct5":{"ct":[{"time":0.2333,"curve":0,"c3":0.619},{"time":0.5333,"offset":4,"vertices":[59.87849,-3.0E-5,59.87849,-3.0E-5,59.87849,-3.0E-5,59.87849]}]},"ct6":{"ct":[{"time":0.2333,"curve":0,"c3":0.619},{"time":0.5333,"offset":4,"vertices":[59.87849,-3.0E-5,59.87849,-3.0E-5,59.87849,-3.0E-5,59.87849]}]}}}},"guanbi":{"slots":{"close":{"color":[{"color":"ffffff00","curve":0,"c3":0.619},{"time":0.2333,"color":"ffffffff"}],"attachment":[{"name":"close"}]}}},"guanbi2":{"slots":{"close":{"color":[{"color":"ffffffff"},{"time":0.1,"color":"ffffff00"}],"attachment":[{"name":"close"}]}}},"guanbi_dianji":{"slots":{"close":{"attachment":[{"name":"close"}]}},"bones":{"close":{"scale":[{"curve":0.25},{"time":0.1333,"x":0.8,"y":0.8,"curve":0,"c3":0.619},{"time":0.2667}]}}},"guanbi_idle":{"slots":{"close":{"attachment":[{"name":"close"}]}}},"tip1":{"slots":{"heart_bg":{"attachment":[{"name":"heart_bg"}]},"heart_border":{"attachment":[{"name":"heart_border"}]},"heart_border2":{"color":[{"color":"ffffff00"},{"time":0.1333,"color":"ffffffff"},{"time":0.5667,"color":"ffffff00"}],"attachment":[{"name":"heart_border2"}]},"img_border":{"attachment":[{"name":null}]}},"bones":{"heart_border2":{"scale":[{"curve":0,"c3":0.599},{"time":0.1333,"x":1.2,"y":1.2,"curve":0.498,"c3":0.75},{"time":0.3667}]},"heart_border3":{"scale":[{"curve":0,"c3":0.619},{"time":0.5,"x":2,"y":2}]}}}}}