{"skeleton":{"hash":"B+Uj4jjrmJOdbD0zPJDbplcewhw","spine":"3.8.95","x":-17.36,"y":-25.48,"width":54,"height":50,"images":"./images/","audio":"E:/Art/UI/1_3_setting/images"},"bones":[{"name":"root"},{"name":"bg_1","parent":"root"},{"name":"iconsound","parent":"bg_1","x":0.07,"y":0.16},{"name":"iconsound1","parent":"bg_1","x":18.76,"y":-0.71},{"name":"iconsound2","parent":"bg_1","x":18.62,"y":-0.1}],"slots":[{"name":"iconsound2","bone":"iconsound2","attachment":"iconsound2"},{"name":"iconsound1","bone":"iconsound1","attachment":"iconsound1"},{"name":"iconsound","bone":"iconsound","attachment":"iconsound"}],"skins":[{"name":"default","attachments":{"iconsound":{"iconsound":{"x":-0.43,"y":-0.64,"width":34,"height":50}},"iconsound1":{"iconsound1":{"x":3.88,"y":0.23,"width":12,"height":22}},"iconsound2":{"iconsound2":{"x":8.02,"y":-0.38,"width":20,"height":42}}}}],"animations":{"dakai":{"bones":{"iconsound1":{"scale":[{"x":0,"y":0,"curve":0,"c2":0.01,"c3":0.75},{"time":0.2667,"x":1.1,"y":1.1,"curve":0.25},{"time":0.4333}]},"iconsound2":{"scale":[{"x":0,"y":0,"curve":"stepped"},{"time":0.0333,"x":0,"y":0,"curve":0,"c2":0.01,"c3":0.75},{"time":0.3,"x":1.1,"y":1.1,"curve":0.25},{"time":0.5}]}}},"dakai1":{},"guanbi":{"bones":{"iconsound1":{"scale":[{"curve":0,"c2":0.01,"c3":0.75},{"time":0.1333,"x":1.1,"y":1.1,"curve":0.25},{"time":0.2333,"x":0,"y":0}]},"iconsound2":{"scale":[{"time":0.0333,"curve":0,"c2":0.01,"c3":0.75},{"time":0.1667,"x":1.1,"y":1.1,"curve":0.25},{"time":0.2667,"x":0,"y":0}]}}},"guanbi1":{"slots":{"iconsound1":{"attachment":[{"name":null}]},"iconsound2":{"attachment":[{"name":null}]}}}}}