{"skeleton":{"hash":"5Wrt9Th0Bw2Be1luc0IWtTq0fHk","spine":"3.8.95","x":-30.07,"y":-15.01,"width":82,"height":64,"images":"./images/","audio":"E:/Art/UI/9.22/主题界面/images"},"bones":[{"name":"root"},{"name":"duigou","parent":"root"}],"slots":[{"name":"duigou","bone":"duigou","attachment":"duigou"}],"skins":[{"name":"default","attachments":{"duigou":{"duigou":{"x":10.93,"y":16.99,"width":82,"height":64}}}}],"animations":{"duigou":{"slots":{"duigou":{"color":[{"color":"ffffff00"},{"time":0.0667,"color":"ffffffff"}]}},"bones":{"duigou":{"scale":[{"x":0.411,"y":0.411,"curve":0.25,"c3":0.75},{"time":0.2,"x":1.16,"y":1.16,"curve":0.25,"c3":0.75},{"time":0.4667}]}}}}}