{"skeleton":{"hash":"6zSa4LSV0Jr2qpKpcQkwF0PQXtg","spine":"3.8.95","x":-188,"y":-126,"width":376,"height":214.85,"images":"./images/","audio":"E:/Art/UI/点赞/images"},"bones":[{"name":"root"},{"name":"bone","parent":"root"},{"name":"dz","parent":"bone"},{"name":"bg2","parent":"dz"},{"name":"hand3","parent":"dz","x":-3.51,"y":-5.74},{"name":"hand2","parent":"hand3","x":-5.58,"y":1.3},{"name":"hand1","parent":"hand2","length":20.93,"rotation":56.53,"x":3.26,"y":26.05},{"name":"hand4","parent":"hand1","length":18.36,"rotation":31.62,"x":20.93},{"name":"bg1","parent":"bone","x":3.71,"y":-75.65},{"name":"Completed","parent":"bg1","x":12.81,"y":-2.44},{"name":"ty","parent":"dz"},{"name":"bone2","parent":"dz","x":-25.53,"y":-12.61},{"name":"square1","parent":"bone2","x":-0.65,"y":3.92},{"name":"bone3","parent":"dz","rotation":-94.81,"x":13.28,"y":6.17},{"name":"square2","parent":"bone3","x":-0.65,"y":3.92,"scaleX":1.5549,"scaleY":1.5549},{"name":"bone4","parent":"dz","rotation":-149.59,"x":14.49,"y":-22.94},{"name":"square3","parent":"bone4","x":-0.65,"y":3.92,"scaleX":0.8434,"scaleY":0.8434},{"name":"bone5","parent":"dz","rotation":-106.15,"x":28.23,"y":-5.28},{"name":"square4","parent":"bone5","x":-0.65,"y":3.92,"scaleX":1.0525,"scaleY":1.0525},{"name":"bone6","parent":"dz","rotation":-42.46,"x":-30.63,"y":28.07},{"name":"square5","parent":"bone6","x":-0.65,"y":3.92,"scaleX":0.7063,"scaleY":0.7063},{"name":"bone7","parent":"dz","rotation":-49.29,"x":40,"y":24.15},{"name":"square6","parent":"bone7","x":-0.65,"y":3.92,"scaleX":1.3061,"scaleY":1.3061},{"name":"bone8","parent":"dz","rotation":-109.65,"x":3.63,"y":-8.94},{"name":"square7","parent":"bone8","x":-0.65,"y":3.92,"scaleX":0.7063,"scaleY":0.7063},{"name":"bone9","parent":"dz","rotation":-64.36,"x":-10.78,"y":-16.07},{"name":"square8","parent":"bone9","x":-0.65,"y":3.92,"scaleX":1.0525,"scaleY":1.0525},{"name":"bone10","parent":"dz","rotation":169.74,"x":62.35,"y":-32.89},{"name":"square9","parent":"bone10","x":-0.65,"y":3.92},{"name":"bone11","parent":"dz","rotation":-113.82,"x":32.07,"y":-22.02},{"name":"square10","parent":"bone11","x":-0.65,"y":3.92,"scaleX":1.5549,"scaleY":1.5549},{"name":"bone12","parent":"dz","rotation":59.86,"x":-23.08,"y":-7.39},{"name":"square11","parent":"bone12","x":-0.65,"y":3.92,"scaleX":1.3061,"scaleY":1.3061},{"name":"bone13","parent":"dz","rotation":90.63,"x":-41.25,"y":-16.48},{"name":"square12","parent":"bone13","x":-0.65,"y":3.92,"scaleX":1.3061,"scaleY":1.3061},{"name":"bone14","parent":"dz","rotation":-4.27,"x":-14.94,"y":-5.28},{"name":"square13","parent":"bone14","x":-0.65,"y":3.92,"scaleX":1.0525,"scaleY":1.0525},{"name":"bone15","parent":"dz","rotation":-2.58,"x":-17.34,"y":-29.18},{"name":"square14","parent":"bone15","x":-0.65,"y":3.92,"scaleX":0.7063,"scaleY":0.7063}],"slots":[{"name":"ty","bone":"ty","attachment":"ty"},{"name":"bg2","bone":"bg2","attachment":"bg2"},{"name":"bg1","bone":"bg1","attachment":"bg1"},{"name":"Completed","bone":"Completed","attachment":"Completed"},{"name":"hand1","bone":"hand1","attachment":"hand1"},{"name":"hand2","bone":"hand2","attachment":"hand2"},{"name":"hand3","bone":"hand3","attachment":"hand3"},{"name":"square1","bone":"square1","attachment":"square2"},{"name":"square2","bone":"square9","attachment":"square2"},{"name":"square7","bone":"square2","attachment":"square3"},{"name":"square14","bone":"square10","attachment":"square3"},{"name":"square8","bone":"square3","attachment":"square4"},{"name":"square9","bone":"square4","attachment":"square5"},{"name":"square17","bone":"square13","attachment":"square5"},{"name":"square13","bone":"square8","attachment":"square5"},{"name":"square10","bone":"square5","attachment":"square6"},{"name":"square12","bone":"square7","attachment":"square6"},{"name":"square18","bone":"square14","attachment":"square6"},{"name":"square11","bone":"square6","attachment":"square1"},{"name":"square16","bone":"square12","attachment":"square1"},{"name":"square15","bone":"square11","attachment":"square1"},{"name":"hand31","bone":"bone"}],"skins":[{"name":"default","attachments":{"Completed":{"Completed":{"x":-17.02,"y":-2,"width":259,"height":36}},"bg1":{"bg1":{"x":-3.71,"y":-4.35,"width":376,"height":92}},"bg2":{"bg2":{"y":-0.5,"width":166,"height":165}},"hand1":{"hand1":{"type":"mesh","uvs":[0.92254,0.08321,0.99999,0.19324,0.99998,0.3438,0.99829,0.54767,0.97276,0.74836,0.96441,0.87056,0.95556,1,0,1,0,0.93176,0.1404,0.84138,0.28292,0.69711,0.38547,0.51461,0.41946,0.3634,0.45473,0.20812,0.48266,1.0E-5,0.7974,0,0.51652,0.85534,0.60224,0.70791,0.69824,0.53477,0.71367,0.36707,0.71367,0.2025],"triangles":[7,8,9,6,7,16,7,9,16,6,16,5,18,19,3,3,19,2,18,12,19,12,13,19,13,20,19,19,20,2,2,20,1,13,14,20,20,0,1,20,15,0,20,14,15,16,17,5,5,17,4,9,10,16,16,10,17,17,18,4,4,18,3,10,11,17,17,11,18,11,12,18],"vertices":[2,6,41.29,2.62,0.00135,7,18.71,-8.44,0.99865,2,6,39.23,-2.64,0.02525,7,14.19,-11.84,0.97475,2,6,33.95,-6.13,0.18011,7,7.87,-12.04,0.81989,2,6,26.77,-10.79,0.52021,7,-0.69,-12.25,0.47979,3,6,19.15,-14.54,0.71773,7,-9.15,-11.45,0.17827,5,25.95,34,0.104,3,6,14.67,-17.08,0.48097,7,-14.29,-11.26,0.03903,5,25.59,28.87,0.48,1,5,25.22,23.43,1,1,5,-14.91,23.43,1,1,5,-14.91,26.3,1,3,6,-3.39,12.47,0.50729,7,-14.18,23.37,0.01271,5,-9.01,30.09,0.48,3,6,4.97,10.81,0.80214,7,-7.93,17.58,0.09386,5,-3.03,36.15,0.104,2,6,13.73,11.45,0.64149,7,-0.13,13.52,0.35851,2,6,19.82,13.76,0.28293,7,6.26,12.3,0.71707,2,6,26.08,16.12,0.08357,7,12.83,11.03,0.91643,2,6,34.02,19.96,0.02668,7,21.6,10.14,0.97332,2,6,41.31,8.93,0.0034,7,22.03,-3.07,0.9966,3,6,4.83,-1.03,0.50771,7,-14.26,7.56,0.01229,5,6.78,29.51,0.48,3,6,11.98,-0.62,0.78728,7,-7.95,4.16,0.10872,5,10.38,35.7,0.104,2,6,20.27,0.02,0.64787,7,-0.55,0.37,0.35213,2,6,26.51,3.37,0.13971,7,6.51,-0.05,0.86029,2,6,32.27,7.18,0.02803,7,13.42,0.17,0.97197],"hull":16,"edges":[14,16,16,18,18,20,20,22,26,28,28,30,30,0,2,0,2,4,4,6,6,8,12,14,18,32,8,10,10,12,32,10,20,34,34,8,22,36,36,6,22,24,24,26,24,38,38,4,26,40,40,2],"width":42,"height":42}},"hand2":{"hand2":{"x":23.09,"y":-1.57,"width":78,"height":64}},"hand3":{"hand3":{"x":-34.49,"y":0.24,"width":28,"height":63}},"hand31":{"hand31":{"y":-22.03,"width":376,"height":208}},"square1":{"square2":{"x":0.49,"y":0.12,"width":12,"height":20}},"square2":{"square2":{"x":0.49,"y":0.12,"width":12,"height":20}},"square7":{"square3":{"x":0.49,"y":0.12,"width":12,"height":20}},"square8":{"square4":{"x":0.49,"y":0.12,"width":12,"height":20}},"square9":{"square5":{"x":0.49,"y":0.12,"width":12,"height":20}},"square10":{"square6":{"x":0.49,"y":0.12,"width":12,"height":20}},"square11":{"square1":{"x":0.49,"y":0.12,"width":12,"height":20}},"square12":{"square6":{"x":0.49,"y":0.12,"width":12,"height":20}},"square13":{"square5":{"x":0.49,"y":0.12,"width":12,"height":20}},"square14":{"square3":{"x":0.49,"y":0.12,"width":12,"height":20}},"square15":{"square1":{"x":0.49,"y":0.12,"width":12,"height":20}},"square16":{"square1":{"x":0.49,"y":0.12,"width":12,"height":20}},"square17":{"square5":{"x":0.49,"y":0.12,"width":12,"height":20}},"square18":{"square6":{"x":0.49,"y":0.12,"width":12,"height":20}},"ty":{"ty":{"scaleX":1.2256,"scaleY":1.2256,"width":145,"height":145}}}}],"animations":{"animation":{"slots":{"Completed":{"color":[{"color":"ffffff00","curve":"stepped"},{"time":0.5,"color":"ffffff00","curve":0.25,"c3":0.75},{"time":0.7333,"color":"ffffffff","curve":"stepped"},{"time":1.6667,"color":"ffffffff"},{"time":1.8333,"color":"ffffff00"}],"attachment":[{"time":1.1,"name":null}]},"bg1":{"color":[{"color":"ffffff00","curve":"stepped"},{"time":0.4667,"color":"ffffff00","curve":0.25,"c3":0.75},{"time":0.6667,"color":"ffffffff","curve":"stepped"},{"time":1.6667,"color":"ffffffff"},{"time":1.8333,"color":"ffffff00"}],"attachment":[{"time":1.1,"name":null}]},"bg2":{"color":[{"color":"ffffff00","curve":0.25,"c3":0.75},{"time":0.192,"color":"ffffffff","curve":"stepped"},{"time":1.6667,"color":"ffffffff"},{"time":1.8333,"color":"ffffff00"}],"attachment":[{"time":1.1,"name":null}]},"hand1":{"color":[{"color":"ffffff00","curve":"stepped"},{"time":0.0384,"color":"ffffff00","curve":0.25,"c3":0.75},{"time":0.2688,"color":"ffffffff","curve":"stepped"},{"time":1.6667,"color":"ffffffff"},{"time":1.8333,"color":"ffffff00"}],"attachment":[{"time":1.1,"name":null}]},"hand2":{"color":[{"color":"ffffff00","curve":"stepped"},{"time":0.0384,"color":"ffffff00","curve":0.25,"c3":0.75},{"time":0.2688,"color":"ffffffff","curve":"stepped"},{"time":1.6667,"color":"ffffffff"},{"time":1.8333,"color":"ffffff00"}],"attachment":[{"time":1.1,"name":null}]},"hand3":{"color":[{"color":"ffffff00","curve":"stepped"},{"time":0.0384,"color":"ffffff00","curve":0.25,"c3":0.75},{"time":0.2688,"color":"ffffffff","curve":"stepped"},{"time":1.6667,"color":"ffffffff"},{"time":1.8333,"color":"ffffff00"}],"attachment":[{"time":1.1,"name":null}]},"hand31":{"color":[{"time":1.6667,"color":"ffffffff"},{"time":1.8333,"color":"ffffff00"}],"attachment":[{"time":1.1,"name":"hand31"}]},"square1":{"color":[{"color":"ffffff00"}]},"square2":{"color":[{"color":"ffffff00"}]},"square7":{"color":[{"color":"ffffff00"}]},"square8":{"color":[{"color":"ffffff00"}]},"square9":{"color":[{"color":"ffffff00"}]},"square10":{"color":[{"color":"ffffff00"}]},"square11":{"color":[{"color":"ffffff00"}]},"square12":{"color":[{"color":"ffffff00"}]},"square13":{"color":[{"color":"ffffff00"}]},"square14":{"color":[{"color":"ffffff00"}]},"square15":{"color":[{"color":"ffffff00"}]},"square16":{"color":[{"color":"ffffff00"}]},"square17":{"color":[{"color":"ffffff00"}]},"square18":{"color":[{"color":"ffffff00"}]},"ty":{"color":[{"time":0.6333,"color":"ffffffff","curve":0.25,"c3":0.75},{"time":0.7667,"color":"ffffff00"}],"attachment":[{"name":null},{"time":0.5,"name":"ty"}]}},"bones":{"bone":{"scale":[{"time":1.3333,"curve":0.25,"c3":0.75},{"time":1.6,"x":1.1,"y":1.1,"curve":0.25,"c3":0.75},{"time":1.8333,"x":0.2,"y":0.2}]},"bg2":{"scale":[{"x":0.4,"y":0.4,"curve":0,"c3":0.75},{"time":0.3333,"x":1.2,"y":1.2,"curve":0.217,"c3":0.75},{"time":0.6,"x":0.95,"y":0.95,"curve":0.25,"c3":0.75},{"time":0.8333}]},"hand3":{"rotate":[{"angle":-16.67,"curve":"stepped"},{"time":0.0768,"angle":-16.67,"curve":0,"c3":0.479},{"time":0.3456,"angle":21.06,"curve":0.507,"c3":0.75},{"time":0.6,"angle":-6.97,"curve":0.25,"c3":0.75},{"time":0.8333,"angle":4.43,"curve":0.25,"c3":0.75},{"time":1.0333}],"scale":[{"x":0.4,"y":0.4,"curve":"stepped"},{"time":0.0768,"x":0.4,"y":0.4,"curve":0,"c3":0.75},{"time":0.384,"x":1.2,"y":1.2,"curve":0.25,"c3":0.75},{"time":0.6333,"x":0.95,"y":0.95,"curve":0.25,"c3":0.75},{"time":0.8667}]},"hand1":{"rotate":[{"angle":-36.83,"curve":"stepped"},{"time":0.1152,"angle":-36.83,"curve":0.25,"c3":0.75},{"time":0.4224,"angle":6.66,"curve":0.25,"c3":0.75},{"time":0.6667,"angle":-13.83,"curve":0.25,"c3":0.75},{"time":0.9,"angle":3.06,"curve":0.25,"c3":0.75},{"time":1.0667}]},"hand4":{"rotate":[{"angle":-36.83,"curve":"stepped"},{"time":0.1536,"angle":-36.83,"curve":0.25,"c3":0.75},{"time":0.4608,"angle":9.64,"curve":0.25,"c3":0.75},{"time":0.7,"angle":-12.15,"curve":0.25,"c3":0.75},{"time":0.9333,"angle":5.76,"curve":0.25,"c3":0.75},{"time":1.1}]},"bg1":{"translate":[{"curve":0.25,"c3":0.75},{"time":0.4667,"y":12,"curve":0,"c3":0.75},{"time":0.6667,"y":-7.7,"curve":0.25},{"time":0.8333}]},"ty":{"scale":[{"x":0.841,"y":0.841,"curve":"stepped"},{"time":0.5,"x":0.841,"y":0.841,"curve":0,"c3":0.585},{"time":0.7,"x":1.233,"y":1.233}]},"dz":{"scale":[{"curve":0,"c3":0.545},{"time":0.2,"x":1.585,"y":1.585,"curve":0.488,"c3":0.75},{"time":0.5333,"x":0.9,"y":0.9,"curve":0.25,"c3":0.75},{"time":0.7667}]}},"drawOrder":[{"offsets":[{"slot":"bg1","offset":14},{"slot":"Completed","offset":14},{"slot":"hand1","offset":14},{"slot":"hand2","offset":14},{"slot":"hand3","offset":14}]}]},"animation2":{"slots":{"Completed":{"color":[{"color":"ffffff00","curve":"stepped"},{"time":0.5,"color":"ffffff00","curve":0.25,"c3":0.75},{"time":0.7333,"color":"ffffffff","curve":"stepped"},{"time":1.6667,"color":"ffffffff"},{"time":1.8333,"color":"ffffff00"}],"attachment":[{"time":1.1,"name":null}]},"bg1":{"color":[{"color":"ffffff00","curve":"stepped"},{"time":0.4667,"color":"ffffff00","curve":0.25,"c3":0.75},{"time":0.6667,"color":"ffffffff","curve":"stepped"},{"time":1.6667,"color":"ffffffff"},{"time":1.8333,"color":"ffffff00"}],"attachment":[{"time":1.1,"name":null}]},"bg2":{"color":[{"color":"ffffff00","curve":0.25,"c3":0.75},{"time":0.192,"color":"ffffffff","curve":"stepped"},{"time":1.6667,"color":"ffffffff"},{"time":1.8333,"color":"ffffff00"}],"attachment":[{"time":1.1,"name":null}]},"hand1":{"color":[{"color":"ffffff00","curve":"stepped"},{"time":0.0384,"color":"ffffff00","curve":0.25,"c3":0.75},{"time":0.2688,"color":"ffffffff","curve":"stepped"},{"time":1.6667,"color":"ffffffff"},{"time":1.8333,"color":"ffffff00"}],"attachment":[{"time":1.1,"name":null}]},"hand2":{"color":[{"color":"ffffff00","curve":"stepped"},{"time":0.0384,"color":"ffffff00","curve":0.25,"c3":0.75},{"time":0.2688,"color":"ffffffff","curve":"stepped"},{"time":1.6667,"color":"ffffffff"},{"time":1.8333,"color":"ffffff00"}],"attachment":[{"time":1.1,"name":null}]},"hand3":{"color":[{"color":"ffffff00","curve":"stepped"},{"time":0.0384,"color":"ffffff00","curve":0.25,"c3":0.75},{"time":0.2688,"color":"ffffffff","curve":"stepped"},{"time":1.6667,"color":"ffffffff"},{"time":1.8333,"color":"ffffff00"}],"attachment":[{"time":1.1,"name":null}]},"hand31":{"color":[{"time":1.6667,"color":"ffffffff"},{"time":1.8333,"color":"ffffff00"}],"attachment":[{"time":1.1,"name":"hand31"}]},"square1":{"color":[{"color":"ffffff00","curve":"stepped"},{"time":0.5333,"color":"ffffff00"},{"time":0.6,"color":"ffffffff","curve":"stepped"},{"time":0.7,"color":"ffffffff"},{"time":0.9333,"color":"ffffff00"}]},"square2":{"color":[{"color":"ffffff00","curve":"stepped"},{"time":0.5333,"color":"ffffff00"},{"time":0.6,"color":"ffffffff","curve":"stepped"},{"time":0.7667,"color":"ffffffff"},{"time":1,"color":"ffffff00"}]},"square7":{"color":[{"color":"ffffff00","curve":"stepped"},{"time":0.4333,"color":"ffffff00"},{"time":0.5,"color":"ffffffff","curve":"stepped"},{"time":0.6,"color":"ffffffff"},{"time":0.8333,"color":"ffffff00"}]},"square8":{"color":[{"color":"ffffff00","curve":"stepped"},{"time":0.6,"color":"ffffff00"},{"time":0.6667,"color":"ffffffff","curve":"stepped"},{"time":0.7667,"color":"ffffffff"},{"time":1,"color":"ffffff00"}]},"square9":{"color":[{"color":"ffffff00","curve":"stepped"},{"time":0.5667,"color":"ffffff00"},{"time":0.6333,"color":"ffffffff","curve":"stepped"},{"time":0.7333,"color":"ffffffff"},{"time":0.9667,"color":"ffffff00"}]},"square10":{"color":[{"color":"ffffff00","curve":"stepped"},{"time":0.4667,"color":"ffffff00"},{"time":0.5333,"color":"ffffffff","curve":"stepped"},{"time":0.6333,"color":"ffffffff"},{"time":0.8667,"color":"ffffff00"}]},"square11":{"color":[{"color":"ffffff00","curve":"stepped"},{"time":0.5,"color":"ffffff00"},{"time":0.5667,"color":"ffffffff","curve":"stepped"},{"time":0.6667,"color":"ffffffff"},{"time":0.9,"color":"ffffff00"}]},"square12":{"color":[{"color":"ffffff00","curve":"stepped"},{"time":0.4667,"color":"ffffff00"},{"time":0.5333,"color":"ffffffff","curve":"stepped"},{"time":0.6333,"color":"ffffffff"},{"time":0.8667,"color":"ffffff00"}]},"square13":{"color":[{"color":"ffffff00","curve":"stepped"},{"time":0.5667,"color":"ffffff00"},{"time":0.6333,"color":"ffffffff","curve":"stepped"},{"time":0.7333,"color":"ffffffff"},{"time":0.9667,"color":"ffffff00"}]},"square14":{"color":[{"color":"ffffff00","curve":"stepped"},{"time":0.5333,"color":"ffffff00"},{"time":0.6,"color":"ffffffff","curve":"stepped"},{"time":0.7333,"color":"ffffffff"},{"time":0.9667,"color":"ffffff00"}]},"square15":{"color":[{"color":"ffffff00","curve":"stepped"},{"time":0.4,"color":"ffffff00"},{"time":0.4667,"color":"ffffffff","curve":"stepped"},{"time":0.6667,"color":"ffffffff"},{"time":0.9,"color":"ffffff00"}]},"square16":{"color":[{"color":"ffffff00","curve":"stepped"},{"time":0.5,"color":"ffffff00"},{"time":0.5667,"color":"ffffffff","curve":"stepped"},{"time":0.6667,"color":"ffffffff"},{"time":0.9,"color":"ffffff00"}]},"square17":{"color":[{"color":"ffffff00","curve":"stepped"},{"time":0.4667,"color":"ffffff00"},{"time":0.5333,"color":"ffffffff","curve":"stepped"},{"time":0.6333,"color":"ffffffff"},{"time":0.8667,"color":"ffffff00"}]},"square18":{"color":[{"color":"ffffff00","curve":"stepped"},{"time":0.4667,"color":"ffffff00"},{"time":0.5333,"color":"ffffffff","curve":"stepped"},{"time":0.6333,"color":"ffffffff"},{"time":0.8667,"color":"ffffff00"}]},"ty":{"color":[{"time":0.6333,"color":"ffffffff","curve":0.25,"c3":0.75},{"time":0.7667,"color":"ffffff00"}],"attachment":[{"name":null},{"time":0.5,"name":"ty"}]}},"bones":{"bone":{"scale":[{"time":1.3333,"curve":0.25,"c3":0.75},{"time":1.6,"x":1.1,"y":1.1,"curve":0.25,"c3":0.75},{"time":1.8333,"x":0.2,"y":0.2}]},"bg2":{"scale":[{"x":0.4,"y":0.4,"curve":0,"c3":0.75},{"time":0.3333,"x":1.2,"y":1.2,"curve":0.217,"c3":0.75},{"time":0.6,"x":0.95,"y":0.95,"curve":0.25,"c3":0.75},{"time":0.8333}]},"hand3":{"rotate":[{"angle":-16.67,"curve":"stepped"},{"time":0.0768,"angle":-16.67,"curve":0,"c3":0.479},{"time":0.3456,"angle":21.06,"curve":0.507,"c3":0.75},{"time":0.6,"angle":-6.97,"curve":0.25,"c3":0.75},{"time":0.8333,"angle":4.43,"curve":0.25,"c3":0.75},{"time":1.0333}],"scale":[{"x":0.4,"y":0.4,"curve":"stepped"},{"time":0.0768,"x":0.4,"y":0.4,"curve":0,"c3":0.75},{"time":0.384,"x":1.2,"y":1.2,"curve":0.25,"c3":0.75},{"time":0.6333,"x":0.95,"y":0.95,"curve":0.25,"c3":0.75},{"time":0.8667}]},"hand1":{"rotate":[{"angle":-36.83,"curve":"stepped"},{"time":0.1152,"angle":-36.83,"curve":0.25,"c3":0.75},{"time":0.4224,"angle":6.66,"curve":0.25,"c3":0.75},{"time":0.6667,"angle":-13.83,"curve":0.25,"c3":0.75},{"time":0.9,"angle":3.06,"curve":0.25,"c3":0.75},{"time":1.0667}]},"hand4":{"rotate":[{"angle":-36.83,"curve":"stepped"},{"time":0.1536,"angle":-36.83,"curve":0.25,"c3":0.75},{"time":0.4608,"angle":9.64,"curve":0.25,"c3":0.75},{"time":0.7,"angle":-12.15,"curve":0.25,"c3":0.75},{"time":0.9333,"angle":5.76,"curve":0.25,"c3":0.75},{"time":1.1}]},"bg1":{"translate":[{"curve":0.25,"c3":0.75},{"time":0.4667,"y":12,"curve":0,"c3":0.75},{"time":0.6667,"y":-7.7,"curve":0.25},{"time":0.8333}]},"ty":{"scale":[{"x":0.841,"y":0.841,"curve":"stepped"},{"time":0.5,"x":0.841,"y":0.841,"curve":0,"c3":0.585},{"time":0.7,"x":1.233,"y":1.233}]},"square1":{"rotate":[{"time":0.5333,"curve":0,"c3":0.361},{"time":0.8667,"angle":82.34}],"translate":[{"time":0.5333,"curve":0,"c3":0.361},{"time":0.8667,"x":-117.6,"y":12.66}]},"square2":{"rotate":[{"time":0.4333,"curve":0,"c3":0.361},{"time":0.7667,"angle":-84.35}],"translate":[{"time":0.4333,"curve":0,"c3":0.361},{"time":0.7667,"x":-169.64,"y":12.66}]},"square3":{"rotate":[{"time":0.6,"curve":0,"c3":0.361},{"time":0.9333,"angle":-84.35}],"translate":[{"time":0.6,"curve":0,"c3":0.361},{"time":0.9333,"x":-169.64,"y":12.66}]},"square4":{"rotate":[{"time":0.5667,"curve":0,"c3":0.361},{"time":0.7,"angle":67.17},{"time":0.9,"angle":164.63}],"translate":[{"time":0.5667,"curve":0,"c3":0.361},{"time":0.9,"x":-169.64,"y":12.66}]},"square5":{"rotate":[{"time":0.4667,"curve":0,"c3":0.361},{"time":0.8,"angle":-84.35}],"translate":[{"time":0.4667,"curve":0,"c3":0.361},{"time":0.8,"x":-169.64,"y":12.66}]},"square6":{"rotate":[{"time":0.5,"curve":0,"c3":0.344,"c4":0.45},{"time":0.6333,"angle":-86.66,"curve":0.199,"c2":0.44,"c3":0.539},{"time":0.8333,"angle":-134.64}],"translate":[{"time":0.5,"curve":0,"c3":0.361},{"time":0.8333,"x":-131.33,"y":-5.01}]},"square7":{"rotate":[{"time":0.4667,"curve":0,"c3":0.361},{"time":0.8,"angle":-84.35}],"translate":[{"time":0.4667,"curve":0,"c3":0.361},{"time":0.8,"x":-169.64,"y":12.66}]},"square8":{"rotate":[{"time":0.5667,"curve":0,"c3":0.361},{"time":0.7,"angle":67.17},{"time":0.9,"angle":164.63}],"translate":[{"time":0.5667,"curve":0,"c3":0.361},{"time":0.9,"x":-169.64,"y":12.66}]},"dz":{"scale":[{"curve":0,"c3":0.545},{"time":0.2,"x":1.585,"y":1.585,"curve":0.488,"c3":0.75},{"time":0.5333,"x":0.9,"y":0.9,"curve":0.25,"c3":0.75},{"time":0.7667}]},"square9":{"rotate":[{"time":0.5333,"curve":0,"c3":0.361},{"time":0.9333,"angle":82.34}],"translate":[{"time":0.5333,"curve":0,"c3":0.361},{"time":0.9333,"x":-241.75,"y":79.6}]},"square10":{"rotate":[{"time":0.5333,"curve":0,"c3":0.361},{"time":0.9,"angle":-167.49}],"translate":[{"time":0.5333,"curve":0,"c3":0.361},{"time":0.9,"x":-239.64,"y":149.94}]},"square11":{"rotate":[{"time":0.4,"curve":0,"c3":0.344,"c4":0.45},{"time":0.5667,"angle":-86.66,"curve":0.199,"c2":0.44,"c3":0.539},{"time":0.8333,"angle":-134.64}],"translate":[{"time":0.4,"curve":0,"c3":0.361},{"time":0.8333,"x":-289.91,"y":-86.53}]},"square12":{"rotate":[{"time":0.5,"curve":0,"c3":0.344,"c4":0.45},{"time":0.6333,"angle":-86.66,"curve":0.199,"c2":0.44,"c3":0.539},{"time":0.8333,"angle":-134.64}],"translate":[{"time":0.5,"curve":0,"c3":0.361},{"time":0.8333,"x":-9.85,"y":189.16}]},"square13":{"rotate":[{"time":0.4667,"curve":0,"c3":0.361},{"time":0.6,"angle":67.17},{"time":0.8,"angle":164.63}],"translate":[{"time":0.4667,"curve":0,"c3":0.361},{"time":0.8,"x":-319.14,"y":207.74}]},"square14":{"rotate":[{"time":0.4667,"curve":0,"c3":0.361},{"time":0.8,"angle":-84.35}],"translate":[{"time":0.4667,"curve":0,"c3":0.361},{"time":0.8,"x":-169.64,"y":12.66}]}},"drawOrder":[{"offsets":[{"slot":"bg1","offset":14},{"slot":"Completed","offset":14},{"slot":"hand1","offset":14},{"slot":"hand2","offset":14},{"slot":"hand3","offset":14}]}]}}}