{"skeleton":{"hash":"3OEH9FIEmWLS/fleaHp0SU+EA28","spine":"3.8.95","x":-318,"y":-174,"width":636,"height":348,"images":"./images/","audio":"E:/Art/UI/9.22/每日结算光圈/images"},"bones":[{"name":"root"},{"name":"all","parent":"root","y":-1.59},{"name":"bg_border","parent":"all","y":1.59},{"name":"bg_border2","parent":"all","y":1.59}],"slots":[{"name":"bg_border","bone":"bg_border","attachment":"bg_border"},{"name":"bg_border2","bone":"bg_border2","attachment":"bg_border"}],"skins":[{"name":"default","attachments":{"bg_border":{"bg_border":{"width":636,"height":348}},"bg_border2":{"bg_border":{"width":636,"height":348}}}}],"animations":{"animation":{"slots":{"bg_border":{"color":[{"time":0.1667,"color":"ffffffff"},{"time":0.2667,"color":"ffffff00"}],"attachment":[{"name":null},{"time":0.0333,"name":"bg_border"}]},"bg_border2":{"color":[{"color":"ffffffff"},{"time":0.2,"color":"ffffffa9","curve":"stepped"},{"time":0.3333,"color":"ffffffa9"},{"time":0.4333,"color":"ffffff00"}],"attachment":[{"name":null},{"time":0.2,"name":"bg_border"}]}},"bones":{"bg_border":{"scale":[{"x":0.941,"y":0.941,"curve":"stepped"},{"time":0.0333,"x":0.941,"y":0.941,"curve":0.25},{"time":0.2,"x":1.173,"y":1.173}]},"bg_border2":{"scale":[{"x":0.941,"y":0.941,"curve":"stepped"},{"time":0.2,"x":0.941,"y":0.941,"curve":0.25},{"time":0.3667,"x":1.173,"y":1.173}]}}}}}