{"skeleton":{"hash":"WRkxSJEJyJU9JWCj91Y36w+GUd0","spine":"3.8.95","images":"./images/","audio":"E:/Art/UI/9.22/gift/images"},"bones":[{"name":"root"},{"name":"bone3","parent":"root","x":-0.68,"y":-28.44},{"name":"coinzs","parent":"bone3","x":0.6,"y":29.42},{"name":"star10","parent":"bone3","x":463.65,"y":-241.99},{"name":"star11","parent":"bone3","x":463.65,"y":-241.99},{"name":"star12","parent":"bone3","x":461.73,"y":-243.91},{"name":"star13","parent":"bone3","x":461.73,"y":-243.91},{"name":"star14","parent":"bone3","x":461.73,"y":-243.91}],"slots":[{"name":"star15","bone":"star10","blend":"additive"},{"name":"star16","bone":"star11","blend":"additive"},{"name":"star17","bone":"star12"},{"name":"star18","bone":"star13"},{"name":"star19","bone":"star14"},{"name":"coinzs","bone":"coinzs"},{"name":"coinzs2","bone":"coinzs","color":"ffffff26","blend":"additive"}],"skins":[{"name":"default","attachments":{"coinzs":{"coinzs":{"x":0.58,"y":-1.46,"width":69,"height":70}},"coinzs2":{"coinzs":{"x":0.58,"y":-1.46,"width":69,"height":70}},"star15":{"star2":{"x":0.43,"y":0.8,"width":45,"height":50}},"star16":{"star2":{"x":0.43,"y":0.8,"width":45,"height":50}},"star17":{"star2":{"x":0.43,"y":0.8,"width":45,"height":50}},"star18":{"star2":{"x":0.43,"y":0.8,"width":45,"height":50}},"star19":{"star2":{"x":0.43,"y":0.8,"width":45,"height":50}}}}],"animations":{"3":{"slots":{"coinzs":{"color":[{"time":0.1,"color":"ffffffff","curve":0,"c3":0.66},{"time":0.3,"color":"ffffff00"}],"attachment":[{"time":0.0333,"name":"coinzs"}]},"coinzs2":{"color":[{"time":0.0333,"color":"ffffff2a","curve":"stepped"},{"time":0.1,"color":"ffffff2a","curve":0,"c3":0.66},{"time":0.3,"color":"ffffff00"}],"attachment":[{"time":0.0333,"name":"coinzs"}]},"star15":{"color":[{"time":0.1333,"color":"ffffffff","curve":0,"c3":0.488},{"time":0.2667,"color":"ffffff00"}],"attachment":[{"time":0.0333,"name":"star2"}]},"star16":{"color":[{"time":0.1667,"color":"ffffffff","curve":0,"c3":0.488},{"time":0.3,"color":"ffffff00"}],"attachment":[{"time":0.0667,"name":"star2"}]},"star17":{"color":[{"time":0.2,"color":"ffffffff","curve":0,"c3":0.488},{"time":0.3333,"color":"ffffff00"}],"attachment":[{"time":0.0667,"name":"star2"}]},"star18":{"color":[{"time":0.2333,"color":"ffffffff","curve":0,"c3":0.488},{"time":0.3667,"color":"ffffff00"}],"attachment":[{"time":0.1,"name":"star2"}]},"star19":{"color":[{"time":0.2333,"color":"ffffffff","curve":0,"c3":0.488},{"time":0.3667,"color":"ffffff00"}],"attachment":[{"time":0.1,"name":"star2"}]}},"bones":{"coinzs":{"scale":[{},{"time":0.0333,"x":0.669,"y":0.669,"curve":0,"c3":0.66},{"time":0.3,"x":1.4,"y":1.4}]},"star10":{"rotate":[{"time":0.0333,"curve":0,"c3":0.488},{"time":0.2,"angle":63.04}],"translate":[{"time":0.0333,"x":-493.8,"y":254.32,"curve":0,"c3":0.488},{"time":0.2,"x":-505.86,"y":249.23}],"scale":[{"time":0.0333,"x":0.306,"y":0.306,"curve":0,"c3":0.488},{"time":0.2,"x":0.433,"y":0.433}]},"star12":{"rotate":[{"time":0.0667,"curve":0,"c3":0.488},{"time":0.2667,"angle":-56.34}],"translate":[{"time":0.0333},{"time":0.0667,"x":-453.72,"y":247.18,"curve":0,"c3":0.488},{"time":0.2667,"x":-430.06,"y":220.2}],"scale":[{"time":0.0333},{"time":0.0667,"x":0.22,"y":0.22,"curve":0,"c3":0.488},{"time":0.2667,"x":0.634,"y":0.634}]},"star11":{"rotate":[{"time":0.0667,"curve":0,"c3":0.488},{"time":0.2333,"angle":-131.02}],"translate":[{"time":0.0333},{"time":0.0667,"x":-460.65,"y":297.53,"curve":0,"c3":0.488},{"time":0.2333,"x":-458.13,"y":323.6}],"scale":[{"time":0.0333},{"time":0.0667,"x":0.22,"y":0.22,"curve":0,"c3":0.488},{"time":0.2333,"x":0.254,"y":0.254}]},"star14":{"rotate":[{"time":0.1,"curve":0,"c3":0.488},{"time":0.3,"angle":-12.55}],"translate":[{"time":0.0333},{"time":0.1,"x":-480.02,"y":288.54,"curve":0,"c3":0.488},{"time":0.3,"x":-506.74,"y":318.89}],"scale":[{"time":0.0333},{"time":0.1,"x":0.22,"y":0.22,"curve":0,"c3":0.488},{"time":0.3,"x":0.464,"y":0.464}]},"star13":{"rotate":[{"time":0.1,"curve":0,"c3":0.488},{"time":0.3,"angle":-12.55}],"translate":[{"time":0.0333},{"time":0.1,"x":-463.52,"y":249.44,"curve":0,"c3":0.488},{"time":0.3,"x":-458.71,"y":223.97}],"scale":[{"time":0.0333},{"time":0.1,"x":0.22,"y":0.22,"curve":0,"c3":0.488},{"time":0.3,"x":0.295,"y":0.295}]}}}}}