{"skeleton":{"hash":"QXphta10ceetco3ph9MYPNCuBic","spine":"3.8.95","x":-72.17,"y":-69.36,"width":895.59,"height":395.74,"images":"./images/","audio":"E:/Art/UI/9.22/gift/images"},"bones":[{"name":"root"},{"name":"bone4","parent":"root","length":23.74,"rotation":-1.33,"color":"2eff00ff"},{"name":"bone","parent":"bone4","rotation":1.33,"x":-4.45,"y":-8.38,"color":"ff0000ff"},{"name":"guft2","parent":"bone","x":4.98,"y":13.43},{"name":"gift1","parent":"bone","x":1.37,"y":122.39},{"name":"bone2","parent":"bone4","rotation":1.33,"x":-7.58,"y":366.1,"color":"00ff11ff"},{"name":"coin","parent":"bone2","x":-3.56,"y":23.11},{"name":"light1","parent":"bone2","x":-1.57,"y":28.83},{"name":"light2","parent":"bone2","x":1.03,"y":26.17},{"name":"star2","parent":"bone4","rotation":1.33,"x":138.99,"y":498.54},{"name":"star1","parent":"root","x":419.77,"y":993.55},{"name":"star3","parent":"bone4","rotation":1.33,"x":138.99,"y":498.54},{"name":"star4","parent":"bone4","rotation":1.33,"x":138.99,"y":498.54},{"name":"gift2","parent":"bone4","rotation":1.33,"x":-5.93,"y":114.01},{"name":"star5","parent":"bone4","rotation":1.33,"x":-188.44,"y":507.62},{"name":"star6","parent":"bone4","rotation":1.33,"x":-188.44,"y":507.62},{"name":"star7","parent":"bone4","rotation":1.33,"x":-188.44,"y":507.62},{"name":"star8","parent":"bone4","rotation":1.33,"x":-185.9,"y":508.96},{"name":"star9","parent":"bone4","rotation":1.33,"x":-185.9,"y":508.96},{"name":"fx_colourJs01","parent":"bone4","rotation":1.33,"x":710.98,"y":249.22},{"name":"hqg4_01","parent":"bone4","length":100.24,"rotation":91.33,"x":597.55,"y":58.94},{"name":"hqg4_1","parent":"bone4","length":100.24,"rotation":91.33,"x":597.55,"y":58.94},{"name":"hqg4_3","parent":"bone4","length":100.24,"rotation":91.33,"x":597.55,"y":58.94},{"name":"hqg4_4","parent":"bone4","length":100.24,"rotation":91.33,"x":597.55,"y":58.94},{"name":"hqg4_5","parent":"bone4","length":100.24,"rotation":91.33,"x":597.55,"y":58.94},{"name":"hqg4_6","parent":"bone4","length":100.24,"rotation":91.33,"x":597.55,"y":58.94},{"name":"1_3_3_collection","parent":"root"},{"name":"qxxxx","parent":"1_3_3_collection"},{"name":"star41","parent":"qxxxx","scaleX":0.6249,"scaleY":0.6249},{"name":"star4_11","parent":"star41"},{"name":"qxx","parent":"qxxxx","x":-75.6,"y":45.69},{"name":"star51","parent":"qxx","x":61.28,"y":-0.23,"scaleX":1.209,"scaleY":1.209},{"name":"star61","parent":"qxx","x":61.28,"y":-0.23,"scaleX":1.1894,"scaleY":1.1894},{"name":"star71","parent":"qxx","x":61.28,"y":-0.23,"scaleX":1.0756,"scaleY":1.0756},{"name":"star81","parent":"qxx","x":61.28,"y":-0.23,"scaleX":1.945,"scaleY":1.945},{"name":"star91","parent":"qxx","x":61.28,"y":-0.23,"scaleX":1.4343,"scaleY":1.4343},{"name":"star101","parent":"qxx","x":61.28,"y":-0.23,"scaleX":0.4242,"scaleY":0.4242},{"name":"star111","parent":"qxx","x":61.28,"y":-0.23,"scaleX":2.0207,"scaleY":2.0207},{"name":"star121","parent":"qxx","x":61.28,"y":-0.23,"scaleX":0.7743,"scaleY":0.7743},{"name":"star131","parent":"qxx","x":61.28,"y":-0.23,"scaleX":1.2446,"scaleY":1.2446},{"name":"baodian","parent":"qxxxx"},{"name":"gift31","parent":"1_3_3_collection"},{"name":"500","parent":"root","x":568.84,"y":360.61}],"slots":[{"name":"light2","bone":"light2"},{"name":"light1","bone":"light1"},{"name":"star2","bone":"star2"},{"name":"star3","bone":"star3"},{"name":"star4","bone":"star4"},{"name":"star5","bone":"star5"},{"name":"star7","bone":"star6"},{"name":"star9","bone":"star7"},{"name":"star11","bone":"star8"},{"name":"star13","bone":"star9"},{"name":"star6","bone":"star5","blend":"additive"},{"name":"star8","bone":"star6","blend":"additive"},{"name":"star10","bone":"star7","blend":"additive"},{"name":"star12","bone":"star8","blend":"additive"},{"name":"star14","bone":"star9","blend":"additive"},{"name":"star1","bone":"star1"},{"name":"coin","bone":"coin"},{"name":"guft2","bone":"guft2"},{"name":"gift1","bone":"gift1"},{"name":"gift2","bone":"gift2"},{"name":"fx_colourJs01","bone":"fx_colourJs01","attachment":"fx_colourJs01"},{"name":"hqg4_01","bone":"hqg4_01","attachment":"hqg4_01","blend":"additive"},{"name":"hqg4_1","bone":"hqg4_1","attachment":"hqg4_01","blend":"additive"},{"name":"hqg4_3","bone":"hqg4_3","attachment":"hqg4_01","blend":"additive"},{"name":"hqg4_4","bone":"hqg4_4","attachment":"hqg4_01","blend":"additive"},{"name":"hqg4_5","bone":"hqg4_5","attachment":"hqg4_01","blend":"additive"},{"name":"hqg4_6","bone":"hqg4_6","attachment":"hqg4_01","blend":"additive"},{"name":"gift31","bone":"gift31"},{"name":"star16","bone":"star4_11"},{"name":"star17","bone":"star4_11","blend":"additive"},{"name":"star18","bone":"star51"},{"name":"star22","bone":"star91"},{"name":"star23","bone":"star101"},{"name":"star21","bone":"star81"},{"name":"star19","bone":"star61"},{"name":"star25","bone":"star121"},{"name":"star26","bone":"star131"},{"name":"star20","bone":"star71"},{"name":"star24","bone":"star111"},{"name":"star15","bone":"star41","color":"ffffff00","attachment":"star4"},{"name":"baodian","bone":"baodian","blend":"additive"},{"name":"500","bone":"500"},{"name":"250","bone":"500"},{"name":"180","bone":"500"},{"name":"+750","bone":"500"}],"skins":[{"name":"default","attachments":{"baodian":{"baodian":{"width":128,"height":128}},"coin":{"coin":{"x":1.09,"y":1.19,"width":234,"height":197}},"fx_colourJs01":{"fx_colourJs01":{"x":1.94,"y":28.3,"rotation":-89.19,"width":128,"height":208}},"gift1":{"gift1":{"x":2.75,"y":32.85,"width":208,"height":144}},"gift2":{"gift1":{"x":2.75,"y":32.85,"width":208,"height":144}},"gift31":{"gift":{"x":1.03,"y":56.45,"width":108,"height":114}},"guft2":{"guft2":{"x":-0.87,"y":53.32,"width":180,"height":117}},"hqg4_01":{"hqg4_01":{"x":59.61,"y":-0.62,"rotation":-90,"width":69,"height":255}},"hqg4_1":{"hqg4_01":{"x":59.61,"y":-0.62,"rotation":-90,"width":69,"height":255}},"hqg4_3":{"hqg4_01":{"x":59.61,"y":-0.62,"rotation":-90,"width":69,"height":255}},"hqg4_4":{"hqg4_01":{"x":59.61,"y":-0.62,"rotation":-90,"width":69,"height":255}},"hqg4_5":{"hqg4_01":{"x":59.61,"y":-0.62,"rotation":-90,"width":69,"height":255}},"hqg4_6":{"hqg4_01":{"x":59.61,"y":-0.62,"rotation":-90,"width":69,"height":255}},"light1":{"light1":{"x":0.1,"y":-0.03,"width":342,"height":342}},"light2":{"light2":{"x":-2.5,"y":2.13,"width":694,"height":693}},"star1":{"star1":{"x":0.73,"y":0.45,"width":25,"height":28}},"star2":{"star2":{"x":0.43,"y":0.8,"width":45,"height":50}},"star3":{"star2":{"x":0.43,"y":0.8,"width":45,"height":50}},"star4":{"star2":{"x":0.43,"y":0.8,"width":45,"height":50}},"star5":{"xx":{"x":0.43,"y":0.8,"width":90,"height":99}},"star6":{"xx":{"color":"ffffff3f","x":0.43,"y":0.8,"width":90,"height":99}},"star7":{"xx":{"x":0.43,"y":0.8,"width":90,"height":99}},"star8":{"xx":{"color":"ffffff3f","x":0.43,"y":0.8,"width":90,"height":99}},"star9":{"xx":{"x":0.43,"y":0.8,"width":90,"height":99}},"star10":{"xx":{"color":"ffffff3f","x":0.43,"y":0.8,"width":90,"height":99}},"star11":{"xx":{"color":"ffffff2d","x":0.43,"y":0.8,"width":90,"height":99}},"star12":{"xx":{"color":"ffffff2d","x":0.43,"y":0.8,"width":90,"height":99}},"star13":{"xx":{"color":"ffffff2d","x":0.43,"y":0.8,"width":90,"height":99}},"star14":{"xx":{"color":"ffffff2d","x":0.43,"y":0.8,"width":90,"height":99}},"star15":{"star4":{"width":231,"height":222}},"star16":{"star4_1":{"x":0.81,"width":275,"height":266}},"star17":{"star4_1":{"x":0.81,"width":275,"height":266}},"star18":{"xx":{"x":0.22,"y":-2.96,"width":90,"height":99}},"star19":{"xx":{"x":0.22,"y":-2.96,"width":90,"height":99}},"star20":{"xx":{"x":0.22,"y":-2.96,"width":90,"height":99}},"star21":{"xx":{"x":0.22,"y":-2.96,"width":90,"height":99}},"star22":{"xx":{"x":0.22,"y":-2.96,"width":90,"height":99}},"star23":{"xx":{"x":0.22,"y":-2.96,"width":90,"height":99}},"star24":{"xx":{"x":0.22,"y":-2.96,"width":90,"height":99}},"star25":{"xx":{"x":0.22,"y":-2.96,"width":90,"height":99}},"star26":{"xx":{"x":0.22,"y":-2.96,"width":90,"height":99}}}},{"name":"180","attachments":{"180":{"180":{"name":"+180","x":0.5,"width":145,"height":46}}}},{"name":"250","attachments":{"250":{"250":{"name":"+250","x":0.5,"width":153,"height":46}}}},{"name":"500","attachments":{"500":{"5001":{"name":"500","x":-10.5,"y":1.25,"width":156,"height":46}}}},{"name":"750","attachments":{"+750":{"750":{"name":"+750","width":150,"height":46}}}}],"animations":{"1":{"slots":{"+750":{"attachment":[{"name":"750"}]},"180":{"attachment":[{"name":"180"}]},"250":{"attachment":[{"name":"250"}]},"500":{"attachment":[{"name":"5001"}]},"coin":{"attachment":[{"time":1,"name":"coin"}]},"fx_colourJs01":{"color":[{"time":1,"color":"ffffffff"},{"time":1.2333,"color":"ffffff00"}],"attachment":[{"name":null},{"time":0.9333,"name":"fx_colourJs01"},{"time":1.4,"name":null}]},"gift1":{"attachment":[{"name":"gift1"},{"time":0.9667,"name":null}]},"gift2":{"color":[{"time":1.0333,"color":"ffffffff"},{"time":1.1333,"color":"ffffff00"}],"attachment":[{"time":0.9667,"name":"gift1"}]},"guft2":{"attachment":[{"name":"guft2"}]},"hqg4_01":{"color":[{"color":"ffffffb5"},{"time":1.1333,"color":"ffffff00"},{"time":1.2333,"color":"ffffffb5","curve":"stepped"},{"time":1.7333,"color":"ffffffb5"},{"time":2.2667,"color":"ffffff00"}],"attachment":[{"name":null},{"time":1.1333,"name":"hqg4_01"}]},"hqg4_1":{"color":[{"color":"ffffffb5","curve":"stepped"},{"time":1,"color":"ffffffb5"},{"time":1.4,"color":"ffffff00"},{"time":1.7333,"color":"ffffffb5"},{"time":2.1,"color":"ffffff00"}],"attachment":[{"name":null},{"time":1,"name":"hqg4_01"}]},"hqg4_3":{"color":[{"color":"ffffffb5"},{"time":1,"color":"ffffff00"},{"time":1.1333,"color":"ffffffb5","curve":"stepped"},{"time":1.6667,"color":"ffffffb5"},{"time":2.1,"color":"ffffff00"}],"attachment":[{"name":null},{"time":1,"name":"hqg4_01"}]},"hqg4_4":{"color":[{"color":"ffffffb5"},{"time":1.4,"color":"ffffff00","curve":"stepped"},{"time":1.4333,"color":"ffffff00"},{"time":1.7333,"color":"ffffffb5","curve":"stepped"},{"time":1.9,"color":"ffffffb5"},{"time":2.3333,"color":"ffffff00"}],"attachment":[{"name":null},{"time":1.4,"name":"hqg4_01"}]},"hqg4_5":{"color":[{"color":"ffffffb5"},{"time":1.2333,"color":"ffffff00"},{"time":1.4,"color":"ffffffb5","curve":"stepped"},{"time":1.6667,"color":"ffffffb5"},{"time":2.0667,"color":"ffffff00"}],"attachment":[{"name":null},{"time":1.2333,"name":"hqg4_01"}]},"hqg4_6":{"color":[{"color":"ffffffb5"},{"time":1.2,"color":"ffffff00"},{"time":1.4,"color":"ffffffb5","curve":"stepped"},{"time":1.7,"color":"ffffffb5"},{"time":2.1,"color":"ffffff00"}],"attachment":[{"name":null},{"time":1.2,"name":"hqg4_01"}]},"light1":{"attachment":[{"time":1,"name":"light1"}]},"light2":{"attachment":[{"time":1,"name":"light2"}]},"star2":{"color":[{"time":0.9333,"color":"ffffffff"},{"time":1.1333,"color":"ffffff00"}],"attachment":[{"time":0.8,"name":"star2"}]},"star3":{"color":[{"time":0.9333,"color":"ffffffff"},{"time":1.1333,"color":"ffffff00"}],"attachment":[{"time":0.8,"name":"star2"}]},"star4":{"color":[{"time":1,"color":"ffffffff"},{"time":1.2,"color":"ffffff00"}],"attachment":[{"time":0.8667,"name":"star2"}]},"star5":{"color":[{"color":"ffffff00","curve":"stepped"},{"time":1.2,"color":"ffffff00"},{"time":1.4,"color":"ffffffff","curve":0.25,"c3":0.75},{"time":1.6667,"color":"ffffff00","curve":0.25,"c3":0.75},{"time":1.9667,"color":"ffffffff","curve":0.25,"c3":0.75},{"time":2.2333,"color":"ffffff00","curve":0.25,"c3":0.75},{"time":2.5,"color":"ffffffff","curve":0.25,"c3":0.75},{"time":2.7667,"color":"ffffff00","curve":0.25,"c3":0.75},{"time":3.0667,"color":"ffffffff"}],"attachment":[{"time":1.2,"name":"xx"}]},"star6":{"color":[{"color":"ffffff00","curve":"stepped"},{"time":1.2,"color":"ffffff00"},{"time":1.4,"color":"ffffffff","curve":0.25,"c3":0.75},{"time":1.6667,"color":"ffffff00","curve":0.25,"c3":0.75},{"time":1.9667,"color":"ffffffff","curve":0.25,"c3":0.75},{"time":2.2333,"color":"ffffff00","curve":0.25,"c3":0.75},{"time":2.5,"color":"ffffffff","curve":0.25,"c3":0.75},{"time":2.7667,"color":"ffffff00","curve":0.25,"c3":0.75},{"time":3.0667,"color":"ffffffff"}],"attachment":[{"time":1.2,"name":"xx"}]},"star7":{"color":[{"time":1.1333,"color":"ffffff00"},{"time":1.4,"color":"ffffff2f","curve":0.333,"c2":0.33,"c3":0.758},{"time":1.6,"color":"ffffffff"},{"time":1.8333,"color":"ffffff00","curve":0.25,"c3":0.75},{"time":2.1333,"color":"ffffffff","curve":0.25,"c3":0.75},{"time":2.4333,"color":"ffffff00","curve":0.25,"c3":0.75},{"time":2.7333,"color":"ffffffff","curve":0.25,"c3":0.75},{"time":3,"color":"ffffff00","curve":0.276,"c3":0.621,"c4":0.4},{"time":3.0667,"color":"ffffff2f"}],"attachment":[{"time":1.1333,"name":"xx"}]},"star8":{"color":[{"time":1.1333,"color":"ffffff00"},{"time":1.4,"color":"ffffff2f","curve":0.333,"c2":0.33,"c3":0.758},{"time":1.6,"color":"ffffffff","curve":0.25,"c3":0.75},{"time":1.8333,"color":"ffffff00","curve":0.25,"c3":0.75},{"time":2.1333,"color":"ffffffff","curve":0.25,"c3":0.75},{"time":2.4333,"color":"ffffff00","curve":0.25,"c3":0.75},{"time":2.7333,"color":"ffffffff","curve":0.25,"c3":0.75},{"time":3,"color":"ffffff00","curve":0.276,"c3":0.621,"c4":0.4},{"time":3.0667,"color":"ffffff2f"}],"attachment":[{"time":1.1333,"name":"xx"}]},"star9":{"color":[{"time":1.2,"color":"ffffff00"},{"time":1.4,"color":"ffffff08","curve":0.286,"c2":0.15,"c3":0.755},{"time":1.7333,"color":"ffffffff","curve":0.25,"c3":0.75},{"time":1.9667,"color":"ffffff00","curve":0.25,"c3":0.75},{"time":2.2333,"color":"ffffffff","curve":0.25,"c3":0.75},{"time":2.5,"color":"ffffff00","curve":0.25,"c3":0.75},{"time":2.7333,"color":"ffffffff","curve":0.25,"c3":0.75},{"time":3.0333,"color":"ffffff00","curve":0.307,"c3":0.642,"c4":0.35},{"time":3.0667,"color":"ffffff08"}],"attachment":[{"time":1.2,"name":"xx"}]},"star10":{"color":[{"time":1.2,"color":"ffffff00"},{"time":1.4,"color":"ffffff08","curve":0.286,"c2":0.15,"c3":0.755},{"time":1.7333,"color":"ffffffff"},{"time":1.9667,"color":"ffffff00","curve":0.25,"c3":0.75},{"time":2.2333,"color":"ffffffff","curve":0.25,"c3":0.75},{"time":2.5,"color":"ffffff00","curve":0.25,"c3":0.75},{"time":2.7333,"color":"ffffffff","curve":0.25,"c3":0.75},{"time":3.0333,"color":"ffffff00","curve":0.307,"c3":0.642,"c4":0.35},{"time":3.0667,"color":"ffffff08"}],"attachment":[{"time":1.2,"name":"xx"}]},"star11":{"color":[{"time":1.3,"color":"ffffff00"},{"time":1.4,"color":"ffffff7f"},{"time":1.5333,"color":"ffffffff"},{"time":1.7667,"color":"ffffff00"},{"time":2.1,"color":"ffffffff"},{"time":2.4,"color":"ffffff00"},{"time":2.6333,"color":"ffffffff"},{"time":2.9333,"color":"ffffff00"},{"time":3.0667,"color":"ffffff7f"}],"attachment":[{"time":1.3,"name":"xx"}]},"star12":{"color":[{"time":1.3,"color":"ffffff00"},{"time":1.4,"color":"ffffff7f"},{"time":1.5333,"color":"ffffffff"},{"time":1.7667,"color":"ffffff00"},{"time":2.1,"color":"ffffffff"},{"time":2.4,"color":"ffffff00"},{"time":2.6333,"color":"ffffffff"},{"time":2.9333,"color":"ffffff00"},{"time":3.0667,"color":"ffffff7f"}],"attachment":[{"time":1.3,"name":"xx"}]},"star13":{"color":[{"time":1.2667,"color":"ffffff00"},{"time":1.4,"color":"ffffff7f"},{"time":1.5,"color":"ffffffff"},{"time":1.7333,"color":"ffffff00"},{"time":2,"color":"ffffffff"},{"time":2.2667,"color":"ffffff00"},{"time":2.5,"color":"ffffffff"},{"time":2.7667,"color":"ffffff00"},{"time":3.0667,"color":"ffffff7f"}],"attachment":[{"time":1.2667,"name":"xx"}]},"star14":{"color":[{"time":1.2667,"color":"ffffff00"},{"time":1.4,"color":"ffffff7f"},{"time":1.5,"color":"ffffffff"},{"time":1.7333,"color":"ffffff00"},{"time":2,"color":"ffffffff"},{"time":2.2667,"color":"ffffff00"},{"time":2.5,"color":"ffffffff"},{"time":2.7667,"color":"ffffff00"},{"time":3.0667,"color":"ffffff7f"}],"attachment":[{"time":1.2667,"name":"xx"}]}},"bones":{"bone":{"rotate":[{"curve":0.25,"c3":0.75},{"time":0.1667,"angle":6.6,"curve":0.25,"c3":0.75},{"time":0.3,"angle":-5.37,"curve":0.25,"c3":0.75},{"time":0.4333,"angle":8.37,"curve":0.25,"c3":0.75},{"time":0.5333,"angle":-5.37,"curve":0.25,"c3":0.75},{"time":0.6333,"angle":8.37,"curve":0.25,"c3":0.75},{"time":0.7333,"angle":-5.37,"curve":0.25,"c3":0.75},{"time":0.8,"angle":8.37,"curve":0.25,"c3":0.75},{"time":0.8667,"angle":-2.09,"curve":0.25,"c3":0.75},{"time":0.9}],"scale":[{"time":0.7333,"curve":0,"c3":0.514},{"time":0.9333,"x":1.441,"y":0.777,"curve":0.25,"c3":0.87},{"time":1.1,"x":0.748,"y":1.434,"curve":0.25,"c3":0.75},{"time":1.2333,"x":1.115,"y":0.901,"curve":0.25,"c3":0.75},{"time":1.4}]},"star2":{"rotate":[{"time":0.8},{"time":1.1667,"angle":95.87}],"translate":[{"x":-103.76,"y":-461.82,"curve":"stepped"},{"time":0.8,"x":-103.76,"y":-461.82,"curve":0,"c3":0.285},{"time":1.1667,"x":102.61,"y":-382.2}],"scale":[{"x":0.229,"y":0.229,"curve":"stepped"},{"time":0.8,"x":0.229,"y":0.229},{"time":1.1667,"x":1.087,"y":1.087}]},"star3":{"rotate":[{"time":0.8},{"time":1.1667,"angle":95.87}],"translate":[{"x":-103.76,"y":-461.82},{"time":0.8,"x":-176.09,"y":-434,"curve":0,"c3":0.285},{"time":1.1667,"x":-361.98,"y":-365.51}],"scale":[{"x":0.229,"y":0.229,"curve":"stepped"},{"time":0.8,"x":0.229,"y":0.229},{"time":1.1667,"x":2.062,"y":2.062}]},"star4":{"rotate":[{},{"time":0.8667,"angle":-46.91},{"time":1.2333,"angle":17.01}],"translate":[{"x":-103.76,"y":-461.82},{"time":0.8667,"x":-151.99,"y":-453.28,"curve":0,"c3":0.285},{"time":1.2333,"x":-275.22,"y":-404.07}],"scale":[{"x":0.229,"y":0.229,"curve":"stepped"},{"time":0.8667,"x":0.229,"y":0.229},{"time":1.2333,"x":0.987,"y":0.987}]},"bone2":{"translate":[{},{"time":0.9667,"x":2.38,"y":-290.73,"curve":0,"c3":0.448},{"time":1.1667}],"scale":[{},{"time":0.9667,"x":0.416,"y":0.416,"curve":0,"c3":0.448},{"time":1.1667}]},"light1":{"rotate":[{"time":0.9667},{"time":1.4,"angle":-22.8},{"time":3.0667,"angle":-67.75}]},"light2":{"scale":[{},{"time":1,"x":-0.001,"y":-0.001},{"time":1.1667}]},"gift2":{"translate":[{"x":-0.55,"y":-40.63,"curve":0.035,"c3":0.463,"c4":0.98},{"time":0.9667,"x":1.97,"y":10.84,"curve":0,"c3":0.75},{"time":1.1333,"x":-0.55,"y":523.84}],"scale":[{"x":0.611,"y":0.611,"curve":0.035,"c3":0.463,"c4":0.98},{"time":0.9667,"x":1.263,"y":1.057,"curve":0,"c3":0.75},{"time":1.1333}]},"star5":{"translate":[{"x":53.38,"y":-73.39},{"time":1.2,"x":23.95,"y":-216.4}],"scale":[{},{"time":1.4,"x":0.866,"y":0.866,"curve":0.25,"c3":0.75},{"time":1.6667,"x":0.784,"y":0.784,"curve":0.25,"c3":0.75},{"time":1.9667,"x":0.866,"y":0.866,"curve":0.25,"c3":0.75},{"time":2.2333,"x":0.784,"y":0.784,"curve":0.25,"c3":0.75},{"time":2.5,"x":0.866,"y":0.866,"curve":0.25,"c3":0.75},{"time":2.7667,"x":0.784,"y":0.784,"curve":0.25,"c3":0.75},{"time":3.0667,"x":0.866,"y":0.866}]},"star6":{"translate":[{"x":53.38,"y":-73.39},{"time":1.1333,"x":315.18,"y":-35.79}],"scale":[{},{"time":1.1333,"x":0.834,"y":0.834},{"time":1.4,"x":0.701,"y":0.701,"curve":0.333,"c2":0.33,"c3":0.758},{"time":1.6,"x":0.566,"y":0.566},{"time":1.8333,"x":0.731,"y":0.731,"curve":0.25,"c3":0.75},{"time":2.1333,"x":0.566,"y":0.566,"curve":0.25,"c3":0.75},{"time":2.4333,"x":0.731,"y":0.731,"curve":0.25,"c3":0.75},{"time":2.7333,"x":0.566,"y":0.566,"curve":0.25,"c3":0.75},{"time":3,"x":0.731,"y":0.731,"curve":0.276,"c3":0.621,"c4":0.4},{"time":3.0667,"x":0.701,"y":0.701}]},"star7":{"translate":[{"x":53.38,"y":-73.39},{"time":1.2,"x":43.54,"y":-122.61}],"scale":[{},{"time":1.2,"x":0.379,"y":0.379},{"time":1.4,"x":0.477,"y":0.477,"curve":0.286,"c2":0.15,"c3":0.755},{"time":1.7333,"x":0.379,"y":0.379},{"time":1.9667,"x":0.481,"y":0.481,"curve":0.25,"c3":0.75},{"time":2.2333,"x":0.379,"y":0.379,"curve":0.25,"c3":0.75},{"time":2.5,"x":0.481,"y":0.481,"curve":0.25,"c3":0.75},{"time":2.7333,"x":0.379,"y":0.379,"curve":0.25,"c3":0.75},{"time":3.0333,"x":0.481,"y":0.481,"curve":0.307,"c3":0.642,"c4":0.35},{"time":3.0667,"x":0.477,"y":0.477}]},"star8":{"translate":[{"x":53.38,"y":-73.39},{"time":1.3,"x":226.68,"y":2.7}],"scale":[{},{"time":1.3,"x":0.379,"y":0.379}]},"star9":{"translate":[{"x":53.38,"y":-73.39},{"time":1.2667,"x":137.18,"y":-214.3}],"scale":[{},{"time":1.2667,"x":0.379,"y":0.379}]},"fx_colourJs01":{"translate":[{"x":-717.05,"y":-174.17,"curve":"stepped"},{"time":0.9333,"x":-717.05,"y":-174.17,"curve":0,"c3":0.75},{"time":1.1667,"x":-717.05,"y":-2.26}],"scale":[{"x":2.194,"y":2.194,"curve":"stepped"},{"time":0.9333,"x":2.194,"y":2.194,"curve":0,"c3":0.75},{"time":1.1667,"x":6.764,"y":6.764}]},"hqg4_01":{"translate":[{"x":-659.88,"y":123.45},{"time":1.1333,"x":-636.98,"y":74.73,"curve":0.035,"c3":0.373,"c4":0.99},{"time":2.2667,"x":-637.56,"y":138.51}],"scale":[{"x":0.619,"y":0.348,"curve":"stepped"},{"time":1.1333,"x":0.619,"y":0.348},{"time":1.4,"x":0.519,"y":0.348},{"time":1.6333,"x":0.457,"y":0.348},{"time":2.2667,"x":0.619,"y":0.348}]},"hqg4_1":{"translate":[{"x":-507.6,"y":194.51},{"time":1,"x":-652.78,"y":164.96,"curve":0,"c3":0.358},{"time":2.1,"x":-652.78,"y":203.98}],"scale":[{"x":0.619,"y":0.348},{"time":1,"x":0.347,"y":0.227},{"time":1.4,"x":0.331,"y":0.254},{"time":2.1,"x":0.347,"y":0.227}]},"hqg4_3":{"translate":[{"x":-507.6,"y":194.51},{"time":1,"x":-530.14,"y":136.5,"curve":0.035,"c3":0.443},{"time":2.1,"x":-530.14,"y":201.53}],"scale":[{"x":0.619,"y":0.348},{"time":1,"x":0.435,"y":0.252},{"time":1.4,"x":0.419,"y":0.279},{"time":1.4333,"x":0.418,"y":0.281},{"time":2.1,"x":0.435,"y":0.252}]},"hqg4_4":{"translate":[{"x":-507.6,"y":194.51},{"time":1.4,"x":-585.12,"y":45.66},{"time":1.4333,"x":-586.96,"y":42.12,"curve":0.035,"c3":0.111},{"time":2.7,"x":-586.96,"y":107.15}],"scale":[{"x":0.619,"y":0.348},{"time":1.4,"x":0.44,"y":0.254},{"time":1.4333,"x":0.435,"y":0.252},{"time":2.0333,"x":0.418,"y":0.281},{"time":2.7,"x":0.435,"y":0.252}]},"hqg4_5":{"translate":[{"x":-507.6,"y":194.51},{"time":1.2333,"x":-672.2,"y":120.88,"curve":0.035,"c3":0.593,"c4":0.99},{"time":1.4,"x":-672.2,"y":160.53,"curve":0.294,"c2":0.47,"c3":0.679,"c4":0.99},{"time":2.0667,"x":-672.2,"y":185.91}],"scale":[{"x":0.619,"y":0.348},{"time":1.2333,"x":0.435,"y":0.252},{"time":1.4,"x":0.419,"y":0.28},{"time":1.4333,"x":0.418,"y":0.281},{"time":2.0667,"x":0.435,"y":0.252}]},"hqg4_6":{"translate":[{"x":-507.6,"y":194.51},{"time":1.2,"x":-561.43,"y":105.49,"curve":0,"c3":0.379},{"time":2.1,"x":-561.43,"y":170.52}],"scale":[{"x":0.619,"y":0.348},{"time":1.2,"x":0.637,"y":0.368},{"time":1.4,"x":0.621,"y":0.395},{"time":1.4667,"x":0.619,"y":0.398},{"time":2.1,"x":0.637,"y":0.368}]},"500":{"translate":[{"x":-568.62,"y":-286.42,"curve":"stepped"},{"time":1,"x":-568.62,"y":-286.42,"curve":0,"c2":0.02,"c3":0.65},{"time":1.1667,"x":-568.62,"y":-113.72}],"scale":[{"x":0.66,"y":0.66,"curve":"stepped"},{"time":1,"x":0.66,"y":0.66,"curve":0,"c2":0.02,"c3":0.65},{"time":1.1667}]}},"drawOrder":[{"offsets":[{"slot":"guft2","offset":10},{"slot":"gift1","offset":10},{"slot":"gift2","offset":10},{"slot":"fx_colourJs01","offset":10},{"slot":"500","offset":-18},{"slot":"250","offset":-18},{"slot":"180","offset":-18},{"slot":"+750","offset":-18}]},{"time":1,"offsets":[{"slot":"guft2","offset":10},{"slot":"gift1","offset":10},{"slot":"gift2","offset":10},{"slot":"fx_colourJs01","offset":10},{"slot":"500","offset":-19},{"slot":"250","offset":-19},{"slot":"180","offset":-19},{"slot":"+750","offset":-19}]},{"time":1.4,"offsets":[{"slot":"guft2","offset":6},{"slot":"gift1","offset":6},{"slot":"gift2","offset":6},{"slot":"fx_colourJs01","offset":6}]}]},"2":{"slots":{"+750":{"attachment":[{"name":"750"}]},"180":{"attachment":[{"name":"180"}]},"250":{"attachment":[{"name":"250"}]},"500":{"attachment":[{"name":"5001"}]},"coin":{"attachment":[{"name":"coin"}]},"fx_colourJs01":{"attachment":[{"name":null}]},"guft2":{"attachment":[{"name":"guft2"}]},"hqg4_01":{"attachment":[{"name":null}]},"hqg4_1":{"attachment":[{"name":null}]},"hqg4_3":{"attachment":[{"name":null}]},"hqg4_4":{"attachment":[{"name":null}]},"hqg4_5":{"attachment":[{"name":null}]},"hqg4_6":{"attachment":[{"name":null}]},"light1":{"attachment":[{"name":"light1"}]},"light2":{"attachment":[{"name":"light2"}]},"star5":{"color":[{"color":"ffffffff","curve":0.25,"c3":0.75},{"time":0.2667,"color":"ffffff00","curve":0.25,"c3":0.75},{"time":0.5667,"color":"ffffffff","curve":0.25,"c3":0.75},{"time":0.8333,"color":"ffffff00","curve":0.25,"c3":0.75},{"time":1.1,"color":"ffffffff","curve":0.25,"c3":0.75},{"time":1.3667,"color":"ffffff00","curve":0.25,"c3":0.75},{"time":1.6667,"color":"ffffffff"}],"attachment":[{"name":"xx"}]},"star6":{"color":[{"color":"ffffffff","curve":0.25,"c3":0.75},{"time":0.2667,"color":"ffffff00","curve":0.25,"c3":0.75},{"time":0.5667,"color":"ffffffff","curve":0.25,"c3":0.75},{"time":0.8333,"color":"ffffff00","curve":0.25,"c3":0.75},{"time":1.1,"color":"ffffffff","curve":0.25,"c3":0.75},{"time":1.3667,"color":"ffffff00","curve":0.25,"c3":0.75},{"time":1.6667,"color":"ffffffff"}],"attachment":[{"name":"xx"}]},"star7":{"color":[{"color":"ffffff2f","curve":0.333,"c2":0.33,"c3":0.758},{"time":0.2,"color":"ffffffff"},{"time":0.4333,"color":"ffffff00","curve":0.25,"c3":0.75},{"time":0.7333,"color":"ffffffff","curve":0.25,"c3":0.75},{"time":1.0333,"color":"ffffff00","curve":0.25,"c3":0.75},{"time":1.3333,"color":"ffffffff","curve":0.25,"c3":0.75},{"time":1.6,"color":"ffffff00","curve":0.276,"c3":0.621,"c4":0.4},{"time":1.6667,"color":"ffffff2f"}],"attachment":[{"name":"xx"}]},"star8":{"color":[{"color":"ffffff2f","curve":0.333,"c2":0.33,"c3":0.758},{"time":0.2,"color":"ffffffff","curve":0.25,"c3":0.75},{"time":0.4333,"color":"ffffff00","curve":0.25,"c3":0.75},{"time":0.7333,"color":"ffffffff","curve":0.25,"c3":0.75},{"time":1.0333,"color":"ffffff00","curve":0.25,"c3":0.75},{"time":1.3333,"color":"ffffffff","curve":0.25,"c3":0.75},{"time":1.6,"color":"ffffff00","curve":0.276,"c3":0.621,"c4":0.4},{"time":1.6667,"color":"ffffff2f"}],"attachment":[{"name":"xx"}]},"star9":{"color":[{"color":"ffffff08","curve":0.286,"c2":0.15,"c3":0.755},{"time":0.3333,"color":"ffffffff","curve":0.25,"c3":0.75},{"time":0.5667,"color":"ffffff00","curve":0.25,"c3":0.75},{"time":0.8333,"color":"ffffffff","curve":0.25,"c3":0.75},{"time":1.1,"color":"ffffff00","curve":0.25,"c3":0.75},{"time":1.3333,"color":"ffffffff","curve":0.25,"c3":0.75},{"time":1.6333,"color":"ffffff00","curve":0.307,"c3":0.642,"c4":0.35},{"time":1.6667,"color":"ffffff08"}],"attachment":[{"name":"xx"}]},"star10":{"color":[{"color":"ffffff08","curve":0.286,"c2":0.15,"c3":0.755},{"time":0.3333,"color":"ffffffff"},{"time":0.5667,"color":"ffffff00","curve":0.25,"c3":0.75},{"time":0.8333,"color":"ffffffff","curve":0.25,"c3":0.75},{"time":1.1,"color":"ffffff00","curve":0.25,"c3":0.75},{"time":1.3333,"color":"ffffffff","curve":0.25,"c3":0.75},{"time":1.6333,"color":"ffffff00","curve":0.307,"c3":0.642,"c4":0.35},{"time":1.6667,"color":"ffffff08"}],"attachment":[{"name":"xx"}]},"star11":{"color":[{"color":"ffffff7f"},{"time":0.1333,"color":"ffffffff"},{"time":0.3667,"color":"ffffff00"},{"time":0.7,"color":"ffffffff"},{"time":1,"color":"ffffff00"},{"time":1.2333,"color":"ffffffff"},{"time":1.5333,"color":"ffffff00"},{"time":1.6667,"color":"ffffff7f"}],"attachment":[{"name":"xx"}]},"star12":{"color":[{"color":"ffffff7f"},{"time":0.1333,"color":"ffffffff"},{"time":0.3667,"color":"ffffff00"},{"time":0.7,"color":"ffffffff"},{"time":1,"color":"ffffff00"},{"time":1.2333,"color":"ffffffff"},{"time":1.5333,"color":"ffffff00"},{"time":1.6667,"color":"ffffff7f"}],"attachment":[{"name":"xx"}]},"star13":{"color":[{"color":"ffffff7f"},{"time":0.1,"color":"ffffffff"},{"time":0.3333,"color":"ffffff00"},{"time":0.6,"color":"ffffffff"},{"time":0.8667,"color":"ffffff00"},{"time":1.1,"color":"ffffffff"},{"time":1.3667,"color":"ffffff00"},{"time":1.6667,"color":"ffffff7f"}],"attachment":[{"name":"xx"}]},"star14":{"color":[{"color":"ffffff7f"},{"time":0.1,"color":"ffffffff"},{"time":0.3333,"color":"ffffff00"},{"time":0.6,"color":"ffffffff"},{"time":0.8667,"color":"ffffff00"},{"time":1.1,"color":"ffffffff"},{"time":1.3667,"color":"ffffff00"},{"time":1.6667,"color":"ffffff7f"}],"attachment":[{"name":"xx"}]}},"bones":{"star2":{"rotate":[{"angle":95.87}],"translate":[{"x":102.61,"y":-382.2}],"scale":[{"x":1.087,"y":1.087}]},"star3":{"rotate":[{"angle":95.87}],"translate":[{"x":-361.98,"y":-365.51}],"scale":[{"x":2.062,"y":2.062}]},"star4":{"rotate":[{"angle":17.01}],"translate":[{"x":-275.22,"y":-404.07}],"scale":[{"x":0.987,"y":0.987}]},"light1":{"rotate":[{"angle":-22.8},{"time":1.6667,"angle":-67.75}]},"gift2":{"translate":[{"x":-0.55,"y":523.84}]},"star5":{"translate":[{"x":23.95,"y":-216.4}],"scale":[{"x":0.866,"y":0.866,"curve":0.25,"c3":0.75},{"time":0.2667,"x":0.784,"y":0.784,"curve":0.25,"c3":0.75},{"time":0.5667,"x":0.866,"y":0.866,"curve":0.25,"c3":0.75},{"time":0.8333,"x":0.784,"y":0.784,"curve":0.25,"c3":0.75},{"time":1.1,"x":0.866,"y":0.866,"curve":0.25,"c3":0.75},{"time":1.3667,"x":0.784,"y":0.784,"curve":0.25,"c3":0.75},{"time":1.6667,"x":0.866,"y":0.866}]},"star6":{"translate":[{"x":315.18,"y":-35.79}],"scale":[{"x":0.701,"y":0.701,"curve":0.333,"c2":0.33,"c3":0.758},{"time":0.2,"x":0.566,"y":0.566},{"time":0.4333,"x":0.731,"y":0.731,"curve":0.25,"c3":0.75},{"time":0.7333,"x":0.566,"y":0.566,"curve":0.25,"c3":0.75},{"time":1.0333,"x":0.731,"y":0.731,"curve":0.25,"c3":0.75},{"time":1.3333,"x":0.566,"y":0.566,"curve":0.25,"c3":0.75},{"time":1.6,"x":0.731,"y":0.731,"curve":0.276,"c3":0.621,"c4":0.4},{"time":1.6667,"x":0.701,"y":0.701}]},"star7":{"translate":[{"x":43.54,"y":-122.61}],"scale":[{"x":0.477,"y":0.477,"curve":0.286,"c2":0.15,"c3":0.755},{"time":0.3333,"x":0.379,"y":0.379},{"time":0.5667,"x":0.481,"y":0.481,"curve":0.25,"c3":0.75},{"time":0.8333,"x":0.379,"y":0.379,"curve":0.25,"c3":0.75},{"time":1.1,"x":0.481,"y":0.481,"curve":0.25,"c3":0.75},{"time":1.3333,"x":0.379,"y":0.379,"curve":0.25,"c3":0.75},{"time":1.6333,"x":0.481,"y":0.481,"curve":0.307,"c3":0.642,"c4":0.35},{"time":1.6667,"x":0.477,"y":0.477}]},"star8":{"translate":[{"x":226.68,"y":2.7}],"scale":[{"x":0.379,"y":0.379}]},"star9":{"translate":[{"x":137.18,"y":-214.3}],"scale":[{"x":0.379,"y":0.379}]},"fx_colourJs01":{"translate":[{"x":-717.05,"y":-2.26}],"scale":[{"x":6.764,"y":6.764}]},"500":{"translate":[{"x":-568.62,"y":-113.72}]}},"drawOrder":[{"offsets":[{"slot":"guft2","offset":6},{"slot":"gift1","offset":6},{"slot":"gift2","offset":6},{"slot":"fx_colourJs01","offset":6}]}]},"4":{"slots":{"+750":{"attachment":[{"name":"750"}]},"180":{"attachment":[{"name":"180"}]},"250":{"attachment":[{"name":"250"}]},"500":{"attachment":[{"name":"5001"}]},"coin":{"attachment":[{"time":1,"name":"coin"}]},"fx_colourJs01":{"color":[{"time":1,"color":"ffffffff"},{"time":1.2333,"color":"ffffff00"}],"attachment":[{"name":null},{"time":0.9333,"name":"fx_colourJs01"},{"time":1.4,"name":null}]},"gift1":{"attachment":[{"name":"gift1"},{"time":0.9667,"name":null}]},"gift2":{"color":[{"time":1.0333,"color":"ffffffff"},{"time":1.1333,"color":"ffffff00"}],"attachment":[{"time":0.9667,"name":"gift1"}]},"guft2":{"attachment":[{"name":"guft2"}]},"hqg4_01":{"color":[{"color":"ffffffb5"},{"time":1.1333,"color":"ffffff00"},{"time":1.2333,"color":"ffffffb5"}],"attachment":[{"name":null},{"time":1.1333,"name":"hqg4_01"}]},"hqg4_1":{"color":[{"color":"ffffffb5","curve":"stepped"},{"time":1,"color":"ffffffb5"},{"time":1.4,"color":"ffffff00"}],"attachment":[{"name":null},{"time":1,"name":"hqg4_01"}]},"hqg4_3":{"color":[{"color":"ffffffb5"},{"time":1,"color":"ffffff00"},{"time":1.1333,"color":"ffffffb5"}],"attachment":[{"name":null},{"time":1,"name":"hqg4_01"}]},"hqg4_4":{"color":[{"color":"ffffffb5"},{"time":1.4,"color":"ffffff00"}],"attachment":[{"name":null},{"time":1.4,"name":"hqg4_01"}]},"hqg4_5":{"color":[{"color":"ffffffb5"},{"time":1.2333,"color":"ffffff00"},{"time":1.4,"color":"ffffffb5"}],"attachment":[{"name":null},{"time":1.2333,"name":"hqg4_01"}]},"hqg4_6":{"color":[{"color":"ffffffb5"},{"time":1.2,"color":"ffffff00"},{"time":1.4,"color":"ffffffb5"}],"attachment":[{"name":null},{"time":1.2,"name":"hqg4_01"}]},"light1":{"attachment":[{"time":1,"name":"light1"}]},"light2":{"attachment":[{"time":1,"name":"light2"}]},"star2":{"color":[{"time":0.9333,"color":"ffffffff"},{"time":1.1333,"color":"ffffff00"}],"attachment":[{"time":0.8,"name":"star2"}]},"star3":{"color":[{"time":0.9333,"color":"ffffffff"},{"time":1.1333,"color":"ffffff00"}],"attachment":[{"time":0.8,"name":"star2"}]},"star4":{"color":[{"time":1,"color":"ffffffff"},{"time":1.2,"color":"ffffff00"}],"attachment":[{"time":0.8667,"name":"star2"}]},"star5":{"color":[{"color":"ffffff00","curve":"stepped"},{"time":1.2,"color":"ffffff00"},{"time":1.4,"color":"ffffffff"}],"attachment":[{"time":1.2,"name":"xx"}]},"star6":{"color":[{"color":"ffffff00","curve":"stepped"},{"time":1.2,"color":"ffffff00"},{"time":1.4,"color":"ffffffff"}],"attachment":[{"time":1.2,"name":"xx"}]},"star7":{"color":[{"time":1.1333,"color":"ffffff00"},{"time":1.4,"color":"ffffff2f"}],"attachment":[{"time":1.1333,"name":"xx"}]},"star8":{"color":[{"time":1.1333,"color":"ffffff00"},{"time":1.4,"color":"ffffff2f"}],"attachment":[{"time":1.1333,"name":"xx"}]},"star9":{"color":[{"time":1.2,"color":"ffffff00"},{"time":1.4,"color":"ffffff08"}],"attachment":[{"time":1.2,"name":"xx"}]},"star10":{"color":[{"time":1.2,"color":"ffffff00"},{"time":1.4,"color":"ffffff08"}],"attachment":[{"time":1.2,"name":"xx"}]},"star11":{"color":[{"time":1.3,"color":"ffffff00"},{"time":1.4,"color":"ffffff7f"}],"attachment":[{"time":1.3,"name":"xx"}]},"star12":{"color":[{"time":1.3,"color":"ffffff00"},{"time":1.4,"color":"ffffff7f"}],"attachment":[{"time":1.3,"name":"xx"}]},"star13":{"color":[{"time":1.2667,"color":"ffffff00"},{"time":1.4,"color":"ffffff7f"}],"attachment":[{"time":1.2667,"name":"xx"}]},"star14":{"color":[{"time":1.2667,"color":"ffffff00"},{"time":1.4,"color":"ffffff7f"}],"attachment":[{"time":1.2667,"name":"xx"}]}},"bones":{"bone":{"rotate":[{"curve":0.25,"c3":0.75},{"time":0.1667,"angle":6.6,"curve":0.25,"c3":0.75},{"time":0.3,"angle":-5.37,"curve":0.25,"c3":0.75},{"time":0.4333,"angle":8.37,"curve":0.25,"c3":0.75},{"time":0.5333,"angle":-5.37,"curve":0.25,"c3":0.75},{"time":0.6333,"angle":8.37,"curve":0.25,"c3":0.75},{"time":0.7333,"angle":-5.37,"curve":0.25,"c3":0.75},{"time":0.8,"angle":8.37,"curve":0.25,"c3":0.75},{"time":0.8667,"angle":-2.09,"curve":0.25,"c3":0.75},{"time":0.9}],"scale":[{"time":0.7333,"curve":0,"c3":0.514},{"time":0.9333,"x":1.441,"y":0.777,"curve":0.25,"c3":0.87},{"time":1.1,"x":0.748,"y":1.434,"curve":0.25,"c3":0.75},{"time":1.2333,"x":1.115,"y":0.901,"curve":0.25,"c3":0.75},{"time":1.4}]},"star2":{"rotate":[{"time":0.8},{"time":1.1667,"angle":95.87}],"translate":[{"x":-103.76,"y":-461.82,"curve":"stepped"},{"time":0.8,"x":-103.76,"y":-461.82,"curve":0,"c3":0.285},{"time":1.1667,"x":102.61,"y":-382.2}],"scale":[{"x":0.229,"y":0.229,"curve":"stepped"},{"time":0.8,"x":0.229,"y":0.229},{"time":1.1667,"x":1.087,"y":1.087}]},"star3":{"rotate":[{"time":0.8},{"time":1.1667,"angle":95.87}],"translate":[{"x":-103.76,"y":-461.82},{"time":0.8,"x":-176.09,"y":-434,"curve":0,"c3":0.285},{"time":1.1667,"x":-361.98,"y":-365.51}],"scale":[{"x":0.229,"y":0.229,"curve":"stepped"},{"time":0.8,"x":0.229,"y":0.229},{"time":1.1667,"x":2.062,"y":2.062}]},"star4":{"rotate":[{},{"time":0.8667,"angle":-46.91},{"time":1.2333,"angle":17.01}],"translate":[{"x":-103.76,"y":-461.82},{"time":0.8667,"x":-151.99,"y":-453.28,"curve":0,"c3":0.285},{"time":1.2333,"x":-275.22,"y":-404.07}],"scale":[{"x":0.229,"y":0.229,"curve":"stepped"},{"time":0.8667,"x":0.229,"y":0.229},{"time":1.2333,"x":0.987,"y":0.987}]},"bone2":{"translate":[{},{"time":0.9667,"x":2.38,"y":-290.73,"curve":0,"c3":0.448},{"time":1.1667}],"scale":[{},{"time":0.9667,"x":0.416,"y":0.416,"curve":0,"c3":0.448},{"time":1.1667}]},"light1":{"rotate":[{"time":0.9667},{"time":1.4,"angle":-22.8}]},"light2":{"scale":[{},{"time":1,"x":-0.001,"y":-0.001},{"time":1.1667}]},"gift2":{"translate":[{"x":-0.55,"y":-40.63,"curve":0.035,"c3":0.463,"c4":0.98},{"time":0.9667,"x":1.97,"y":10.84,"curve":0,"c3":0.75},{"time":1.1333,"x":-0.55,"y":523.84}],"scale":[{"x":0.611,"y":0.611,"curve":0.035,"c3":0.463,"c4":0.98},{"time":0.9667,"x":1.263,"y":1.057,"curve":0,"c3":0.75},{"time":1.1333}]},"star5":{"translate":[{"x":53.38,"y":-73.39},{"time":1.2,"x":23.95,"y":-216.4}]},"star6":{"translate":[{"x":53.38,"y":-73.39},{"time":1.1333,"x":315.18,"y":-35.79}],"scale":[{},{"time":1.1333,"x":0.834,"y":0.834},{"time":1.4,"x":0.969,"y":0.969}]},"star7":{"translate":[{"x":53.38,"y":-73.39},{"time":1.2,"x":43.54,"y":-122.61}],"scale":[{},{"time":1.2,"x":0.379,"y":0.379},{"time":1.4,"x":0.477,"y":0.477}]},"star8":{"translate":[{"x":53.38,"y":-73.39},{"time":1.3,"x":226.68,"y":2.7}],"scale":[{},{"time":1.3,"x":0.379,"y":0.379}]},"star9":{"translate":[{"x":53.38,"y":-73.39},{"time":1.2667,"x":137.18,"y":-214.3}],"scale":[{},{"time":1.2667,"x":0.379,"y":0.379}]},"fx_colourJs01":{"translate":[{"x":-717.05,"y":-174.17,"curve":"stepped"},{"time":0.9333,"x":-717.05,"y":-174.17,"curve":0,"c3":0.75},{"time":1.1667,"x":-717.05,"y":-2.26}],"scale":[{"x":2.194,"y":2.194,"curve":"stepped"},{"time":0.9333,"x":2.194,"y":2.194,"curve":0,"c3":0.75},{"time":1.1667,"x":6.764,"y":6.764}]},"hqg4_01":{"translate":[{"x":-659.88,"y":123.45},{"time":1.1333,"x":-636.98,"y":74.73,"curve":0.035,"c3":0.593,"c4":0.99},{"time":1.4,"x":-636.98,"y":90.8}],"scale":[{"x":0.619,"y":0.348,"curve":"stepped"},{"time":1.1333,"x":0.619,"y":0.348},{"time":1.4,"x":0.519,"y":0.348}]},"hqg4_1":{"translate":[{"x":-507.6,"y":194.51},{"time":1,"x":-652.78,"y":164.96,"curve":0,"c3":0.62},{"time":1.4,"x":-652.78,"y":188.45}],"scale":[{"x":0.619,"y":0.348},{"time":1,"x":0.347,"y":0.227},{"time":1.4,"x":0.331,"y":0.254}]},"hqg4_3":{"translate":[{"x":-507.6,"y":194.51},{"time":1,"x":-530.14,"y":136.5,"curve":0.035,"c3":0.593,"c4":0.99},{"time":1.4,"x":-530.14,"y":175.47}],"scale":[{"x":0.619,"y":0.348},{"time":1,"x":0.435,"y":0.252},{"time":1.4,"x":0.419,"y":0.279}]},"hqg4_4":{"translate":[{"x":-507.6,"y":194.51},{"time":1.4,"x":-585.12,"y":45.66}],"scale":[{"x":0.619,"y":0.348},{"time":1.4,"x":0.44,"y":0.254}]},"hqg4_5":{"translate":[{"x":-507.6,"y":194.51},{"time":1.2333,"x":-672.2,"y":120.88,"curve":0.035,"c3":0.593,"c4":0.99},{"time":1.4,"x":-672.2,"y":160.53}],"scale":[{"x":0.619,"y":0.348},{"time":1.2333,"x":0.435,"y":0.252},{"time":1.4,"x":0.419,"y":0.28}]},"hqg4_6":{"translate":[{"x":-507.6,"y":194.51},{"time":1.2,"x":-561.43,"y":105.49},{"time":1.4,"x":-561.43,"y":133.89}],"scale":[{"x":0.619,"y":0.348},{"time":1.2,"x":0.637,"y":0.368},{"time":1.4,"x":0.621,"y":0.395}]},"500":{"translate":[{"x":-568.62,"y":-286.42,"curve":"stepped"},{"time":1,"x":-568.62,"y":-286.42,"curve":0,"c2":0.02,"c3":0.65},{"time":1.1667,"x":-568.62,"y":-113.72}],"scale":[{"x":0.66,"y":0.66,"curve":"stepped"},{"time":1,"x":0.66,"y":0.66,"curve":0,"c2":0.02,"c3":0.65},{"time":1.1667}]}},"drawOrder":[{"offsets":[{"slot":"guft2","offset":10},{"slot":"gift1","offset":10},{"slot":"gift2","offset":10},{"slot":"fx_colourJs01","offset":10},{"slot":"500","offset":-18},{"slot":"250","offset":-18},{"slot":"180","offset":-18},{"slot":"+750","offset":-18}]},{"time":1,"offsets":[{"slot":"guft2","offset":10},{"slot":"gift1","offset":10},{"slot":"gift2","offset":10},{"slot":"fx_colourJs01","offset":10},{"slot":"500","offset":-19},{"slot":"250","offset":-19},{"slot":"180","offset":-19},{"slot":"+750","offset":-19}]},{"time":1.4,"offsets":[{"slot":"guft2","offset":6},{"slot":"gift1","offset":6},{"slot":"gift2","offset":6},{"slot":"fx_colourJs01","offset":6}]}]},"11":{"slots":{"baodian":{"color":[{"color":"ffffff5e","curve":"stepped"},{"time":0.0333,"color":"ffffff5e"},{"time":0.1,"color":"f3da5fff"},{"time":0.2,"color":"ffffff00"}],"attachment":[{"time":0.0333,"name":"baodian"}]},"fx_colourJs01":{"attachment":[{"name":null}]},"gift31":{"color":[{"color":"ffffff00"},{"time":0.1667,"color":"ffffffff"}],"attachment":[{"name":"gift"}]},"hqg4_01":{"attachment":[{"name":null}]},"hqg4_1":{"attachment":[{"name":null}]},"hqg4_3":{"attachment":[{"name":null}]},"hqg4_4":{"attachment":[{"name":null}]},"hqg4_5":{"attachment":[{"name":null}]},"hqg4_6":{"attachment":[{"name":null}]},"star10":{"color":[{"time":0.0667,"color":"ffffffff"},{"time":0.3667,"color":"ffffff00"}],"color":[{"time":0.6,"color":"ffffff00"}]},"star11":{"color":[{"time":0.0667,"color":"ffffffff"},{"time":0.2667,"color":"ffffff00"}],"color":[{"time":0.6,"color":"ffffff00"}]},"star12":{"color":[{"time":0.0333,"color":"ffffffff","curve":0,"c3":0.569},{"time":0.2667,"color":"ffffff00"}],"color":[{"time":0.6,"color":"ffffff00"}]},"star13":{"color":[{"color":"ffffffff","curve":0,"c3":0.569},{"time":0.0333,"color":"ffffff3b","curve":0,"c3":0.569},{"time":0.2667,"color":"ffffff00"}],"color":[{"time":0.0333,"color":"ffffff3b","curve":0,"c3":0.569},{"time":0.2667,"color":"ffffff00"}]},"star14":{"color":[{"time":0.2333,"color":"ffffffff"},{"time":0.4,"color":"ffffff00"}],"color":[{"time":0.6,"color":"ffffff00"}]},"star15":{"color":[{"time":0.2,"color":"ffffffff"},{"time":0.5667,"color":"ffffff00"}],"attachment":[{"name":null}],"attachment":[{"name":null}]},"star16":{"color":[{"time":0.2,"color":"ffffffff"},{"time":0.4667,"color":"ffffff00"}],"color":[{"color":"ffffffff","curve":0,"c3":0.569},{"time":0.0333,"color":"ffffff3b","curve":0,"c3":0.569},{"time":0.2667,"color":"ffffff00"}],"attachment":[{"time":0.0333,"name":"star4_1"}]},"star17":{"color":[{"color":"ffffffff","curve":0,"c3":0.569},{"time":0.0333,"color":"ffffff3b","curve":0,"c3":0.569},{"time":0.2667,"color":"ffffff00"}],"attachment":[{"time":0.0333,"name":"star4_1"}]},"star18":{"color":[{"time":0.1333,"color":"ffffffff"},{"time":0.3333,"color":"ffffff00"}],"attachment":[{"time":0.0667,"name":"xx"}]},"star19":{"color":[{"time":0.2667,"color":"ffffffff"},{"time":0.4333,"color":"ffffff00"}],"attachment":[{"time":0.1333,"name":"xx"}]},"star20":{"color":[{"time":0.1667,"color":"ffffffff"},{"time":0.4333,"color":"ffffff00"}],"attachment":[{"time":0.0667,"name":"xx"}]},"star21":{"color":[{"time":0.1667,"color":"ffffffff"},{"time":0.4333,"color":"ffffff00"}],"attachment":[{"time":0.0667,"name":"xx"}]},"star22":{"color":[{"time":0.0667,"color":"ffffffff"},{"time":0.3667,"color":"ffffff00"}],"attachment":[{"time":0.0667,"name":"xx"}]},"star23":{"color":[{"time":0.0667,"color":"ffffffff"},{"time":0.2667,"color":"ffffff00"}],"attachment":[{"time":0.0667,"name":"xx"}]},"star24":{"color":[{"time":0.2333,"color":"ffffffff"},{"time":0.4,"color":"ffffff00"}],"attachment":[{"time":0.1,"name":"xx"}]},"star25":{"color":[{"time":0.2,"color":"ffffffff"},{"time":0.5667,"color":"ffffff00"}],"attachment":[{"time":0.0667,"name":"xx"}]},"star26":{"color":[{"time":0.2,"color":"ffffffff"},{"time":0.4667,"color":"ffffff00"}],"attachment":[{"time":0.1,"name":"xx"}]}},"bones":{"star131":{"rotate":[{"time":0.1,"curve":0,"c3":0.66},{"time":0.3333,"angle":-171.36}],"translate":[{"x":23.41,"y":-21.79,"curve":"stepped"},{"time":0.0333,"x":23.41,"y":-21.79,"curve":0,"c3":0.66},{"time":0.1,"x":24.33,"y":-31.78,"curve":0.246,"c2":0.36,"c3":0.718},{"time":0.3667,"x":70.43,"y":-54.94}],"scale":[{"x":0.323,"y":0.323,"curve":"stepped"},{"time":0.1,"x":0.323,"y":0.323,"curve":0,"c3":0.66},{"time":0.2667,"x":0.153,"y":0.153}]},"star51":{"rotate":[{"time":0.0667,"curve":0,"c3":0.66},{"time":0.2667,"angle":-171.36}],"translate":[{"x":5.83,"y":-18.42,"curve":"stepped"},{"time":0.0667,"x":5.83,"y":-18.42,"curve":0,"c3":0.66},{"time":0.2667,"x":-12.53,"y":-10.51}],"scale":[{"x":0.323,"y":0.323,"curve":"stepped"},{"time":0.0667,"x":0.323,"y":0.323,"curve":0,"c3":0.66},{"time":0.2667,"x":0.167,"y":0.167}]},"star71":{"rotate":[{"time":0.0667,"curve":0,"c3":0.66},{"time":0.3667,"angle":-123.34}],"translate":[{"x":11.22,"y":-33.98,"curve":"stepped"},{"time":0.0667,"x":11.22,"y":-33.98,"curve":0,"c3":0.66},{"time":0.3667,"x":-41,"y":-18.85}],"scale":[{"x":0.289,"y":0.289,"curve":"stepped"},{"time":0.0333,"x":0.289,"y":0.289,"curve":0,"c3":0.66},{"time":0.0667,"x":0.408,"y":0.408,"curve":0,"c3":0.66},{"time":0.3667,"x":0.148,"y":0.148}]},"star91":{"rotate":[{"time":0.0667,"curve":0,"c3":0.66},{"time":0.3,"angle":-171.36}],"translate":[{"x":19.9,"y":-18.89,"curve":"stepped"},{"time":0.0667,"x":19.9,"y":-18.89,"curve":0,"c3":0.66},{"time":0.3667,"x":35.34,"y":8.95}],"scale":[{"x":0.323,"y":0.323,"curve":"stepped"},{"time":0.0667,"x":0.323,"y":0.323,"curve":0,"c3":0.66},{"time":0.3,"x":0.167,"y":0.167}]},"star81":{"rotate":[{"time":0.0667,"curve":0,"c3":0.66},{"time":0.3333,"angle":-171.36}],"translate":[{"x":20.56,"y":-33.66,"curve":"stepped"},{"time":0.0667,"x":20.56,"y":-33.66,"curve":0,"c3":0.66},{"time":0.3333,"x":37.43,"y":-70.83}],"scale":[{"x":0.323,"y":0.323,"curve":"stepped"},{"time":0.0667,"x":0.323,"y":0.323,"curve":0,"c3":0.66},{"time":0.3333,"x":0.122,"y":0.122}]},"star121":{"rotate":[{"time":0.0667,"curve":0,"c3":0.66},{"time":0.4333,"angle":-171.36}],"translate":[{"x":23.41,"y":-21.79,"curve":"stepped"},{"time":0.0333,"x":23.41,"y":-21.79,"curve":0,"c3":0.66},{"time":0.0667,"x":15.28,"y":-24.29,"curve":0,"c3":0.66},{"time":0.4333,"x":14.42,"y":24.68}],"scale":[{"x":0.323,"y":0.323,"curve":"stepped"},{"time":0.0667,"x":0.323,"y":0.323,"curve":0,"c3":0.66},{"time":0.4333,"x":0.293,"y":0.293}]},"star4_11":{"scale":[{"time":0.0333,"curve":0,"c3":0.569},{"time":0.2667,"x":2.642,"y":2.642}]},"qxxxx":{"translate":[{"y":37.62}],"scale":[{},{"time":0.2667,"x":1.548,"y":1.548}]},"star61":{"rotate":[{"time":0.1333,"curve":0,"c3":0.66},{"time":0.3333,"angle":-171.36}],"translate":[{"x":23.41,"y":-21.79,"curve":"stepped"},{"time":0.1333,"x":23.41,"y":-21.79,"curve":0,"c3":0.66},{"time":0.3333,"x":46.83,"y":-8.29}],"scale":[{"x":0.323,"y":0.323,"curve":"stepped"},{"time":0.1333,"x":0.323,"y":0.323,"curve":0,"c3":0.66},{"time":0.3333,"x":0.122,"y":0.122}]},"star101":{"rotate":[{"time":0.0667,"curve":0,"c3":0.66},{"time":0.2333,"angle":-171.36}],"translate":[{"x":19.9,"y":-18.89,"curve":"stepped"},{"time":0.0333,"x":19.9,"y":-18.89,"curve":0,"c3":0.66},{"time":0.0667,"x":15.68,"y":-36.19,"curve":0,"c3":0.66},{"time":0.2667,"x":12.56,"y":-59.57}],"scale":[{"x":0.323,"y":0.323,"curve":"stepped"},{"time":0.0333,"x":0.323,"y":0.323,"curve":0,"c3":0.66},{"time":0.0667,"x":0.496,"y":0.496,"curve":0,"c3":0.66},{"time":0.2667,"x":0.557,"y":0.557}]},"star41":{"scale":[{"x":0.243,"y":0.243,"curve":"stepped"},{"time":0.0333,"x":0.243,"y":0.243,"curve":0.25},{"time":0.2333,"x":0.315,"y":0.315}]},"star111":{"rotate":[{"time":0.1,"curve":0,"c3":0.66},{"time":0.4,"angle":-123.34}],"translate":[{"x":11.22,"y":-33.98,"curve":"stepped"},{"time":0.0333,"x":11.22,"y":-33.98,"curve":0,"c3":0.66},{"time":0.1,"x":15.04,"y":-36.53,"curve":0,"c3":0.497,"c4":0.6},{"time":0.3,"x":-11.11,"y":-61.11,"curve":0.361,"c2":0.57,"c3":0.724},{"time":0.4,"x":-15.58,"y":-67.6}],"scale":[{"x":0.289,"y":0.289,"curve":"stepped"},{"time":0.1,"x":0.289,"y":0.289,"curve":0,"c3":0.66},{"time":0.3333,"x":0.138,"y":0.138}]},"qxx":{"translate":[{"x":1.32,"y":-17.79}]},"baodian":{"scale":[{"x":0.203,"y":0.203,"curve":"stepped"},{"time":0.0333,"x":0.203,"y":0.203},{"time":0.1,"x":0.805,"y":0.805},{"time":0.2,"x":1.216,"y":1.216}]},"gift31":{"scale":[{"x":0.405,"y":0.405,"curve":0,"c3":0.75},{"time":0.2667,"x":1.1,"y":1.1,"curve":0.25,"c3":0.75},{"time":0.6}]},"1_3_3_collection":{"translate":[{"x":-2.09}],"scale":[{"x":1.895,"y":1.895}]}}},"21":{"slots":{"fx_colourJs01":{"attachment":[{"name":null}]},"gift31":{"attachment":[{"name":"gift"}]},"hqg4_01":{"attachment":[{"name":null}]},"hqg4_1":{"attachment":[{"name":null}]},"hqg4_3":{"attachment":[{"name":null}]},"hqg4_4":{"attachment":[{"name":null}]},"hqg4_5":{"attachment":[{"name":null}]},"hqg4_6":{"attachment":[{"name":null}]}},"bones":{"1_3_3_collection":{"translate":[{"x":-2.09}],"scale":[{"x":1.895,"y":1.895}]}}},"yizhen":{"slots":{"fx_colourJs01":{"attachment":[{"name":null}]},"gift1":{"attachment":[{"name":"gift1"}]},"guft2":{"attachment":[{"name":"guft2"}]},"hqg4_01":{"color":[{"color":"ffffffb5"}],"attachment":[{"name":null}]},"hqg4_1":{"color":[{"color":"ffffffb5"}],"attachment":[{"name":null}]},"hqg4_3":{"color":[{"color":"ffffffb5"}],"attachment":[{"name":null}]},"hqg4_4":{"color":[{"color":"ffffffb5"}],"attachment":[{"name":null}]},"hqg4_5":{"color":[{"color":"ffffffb5"}],"attachment":[{"name":null}]},"hqg4_6":{"color":[{"color":"ffffffb5"}],"attachment":[{"name":null}]}},"bones":{"star2":{"translate":[{"x":-103.76,"y":-461.82}],"scale":[{"x":0.229,"y":0.229}]},"star3":{"translate":[{"x":-103.76,"y":-461.82}],"scale":[{"x":0.229,"y":0.229}]},"star4":{"translate":[{"x":-103.76,"y":-461.82}],"scale":[{"x":0.229,"y":0.229}]},"gift2":{"translate":[{"x":-0.55,"y":-40.63}],"scale":[{"x":0.611,"y":0.611}]},"star5":{"translate":[{"x":53.38,"y":-73.39}]},"star6":{"translate":[{"x":53.38,"y":-73.39}]},"star7":{"translate":[{"x":53.38,"y":-73.39}]},"star8":{"translate":[{"x":53.38,"y":-73.39}]},"star9":{"translate":[{"x":53.38,"y":-73.39}]},"fx_colourJs01":{"translate":[{"x":-717.05,"y":-174.17}],"scale":[{"x":2.194,"y":2.194}]},"hqg4_01":{"translate":[{"x":-659.88,"y":123.45}],"scale":[{"x":0.619,"y":0.348}]},"hqg4_1":{"translate":[{"x":-507.6,"y":194.51}],"scale":[{"x":0.619,"y":0.348}]},"hqg4_3":{"translate":[{"x":-507.6,"y":194.51}],"scale":[{"x":0.619,"y":0.348}]},"hqg4_4":{"translate":[{"x":-507.6,"y":194.51}],"scale":[{"x":0.619,"y":0.348}]},"hqg4_5":{"translate":[{"x":-507.6,"y":194.51}],"scale":[{"x":0.619,"y":0.348}]},"hqg4_6":{"translate":[{"x":-507.6,"y":194.51}],"scale":[{"x":0.619,"y":0.348}]}},"drawOrder":[{"offsets":[{"slot":"guft2","offset":6},{"slot":"gift1","offset":6},{"slot":"gift2","offset":6},{"slot":"fx_colourJs01","offset":6}]}]}}}