{"skeleton":{"hash":"ae7IO6Omc5Oo7oKf7e9x8ha+rOQ","spine":"3.8.95","images":"./images/","audio":"E:/Art/UI/点开/images"},"bones":[{"name":"root"},{"name":"bone","parent":"root"},{"name":"bone9","parent":"bone","x":-114.6,"y":311.33},{"name":"bone10","parent":"bone","x":183.48,"y":406.37},{"name":"bone11","parent":"bone","x":-41.16,"y":438.77},{"name":"bone12","parent":"bone","x":-263.64,"y":108.29},{"name":"bone13","parent":"bone","x":-86.52,"y":-265.39},{"name":"bone14","parent":"bone","x":166.2,"y":-178.99},{"name":"bone15","parent":"bone","x":220.2,"y":-19.15},{"name":"bone17","parent":"bone","x":252.6,"y":315.65},{"name":"bone19","parent":"bone","x":265.56,"y":0.29},{"name":"bone20","parent":"bone","x":-253.58,"y":-228.02},{"name":"bone22","parent":"bone","x":254.69,"y":-244.33}],"slots":[{"name":"lizi","bone":"bone9"},{"name":"lizi2","bone":"bone10"},{"name":"lizi3","bone":"bone11"},{"name":"lizi4","bone":"bone12"},{"name":"lizi5","bone":"bone13"},{"name":"lizi6","bone":"bone14"},{"name":"lizi7","bone":"bone15"},{"name":"lizi9","bone":"bone17"},{"name":"lizi11","bone":"bone19"},{"name":"lizi12","bone":"bone20"},{"name":"lizi14","bone":"bone22"}],"skins":[{"name":"default","attachments":{"lizi":{"lizi":{"x":0.56,"y":-0.07,"width":27,"height":27}},"lizi2":{"lizi":{"x":0.56,"y":-0.07,"width":27,"height":27}},"lizi3":{"lizi":{"x":0.56,"y":-0.07,"width":27,"height":27}},"lizi4":{"lizi":{"x":0.56,"y":-0.07,"width":27,"height":27}},"lizi5":{"lizi":{"x":0.56,"y":-0.07,"width":27,"height":27}},"lizi6":{"lizi":{"x":0.56,"y":-0.07,"width":27,"height":27}},"lizi7":{"lizi":{"x":0.56,"y":-0.07,"width":27,"height":27}},"lizi9":{"lizi":{"x":0.56,"y":-0.07,"width":27,"height":27}},"lizi11":{"lizi":{"x":0.56,"y":-0.07,"width":27,"height":27}},"lizi12":{"lizi":{"x":0.56,"y":-0.07,"width":27,"height":27}},"lizi14":{"lizi":{"x":0.56,"y":-0.07,"width":27,"height":27}}}}],"animations":{"h_lizi":{"slots":{"lizi":{"color":[{"color":"ffffff00"},{"time":0.1333,"color":"ffffffff","curve":"stepped"},{"time":0.5,"color":"ffffffff"},{"time":1.0667,"color":"ffffff00","curve":"stepped"},{"time":2.1667,"color":"ffffff00"},{"time":2.3,"color":"ffffffff","curve":"stepped"},{"time":2.6667,"color":"ffffffff"},{"time":3.2333,"color":"ffffff00"}],"attachment":[{"name":"lizi"}]},"lizi2":{"color":[{"time":1.1667,"color":"ffffffff"},{"time":1.7333,"color":"ffffff00"}],"attachment":[{"time":0.6667,"name":"lizi"}]},"lizi4":{"color":[{"color":"ffffff00"},{"time":0.1667,"color":"ffffffff","curve":"stepped"},{"time":0.5,"color":"ffffffff"},{"time":0.9,"color":"ffffff00","curve":"stepped"},{"time":1.1,"color":"ffffff00"},{"time":1.1333,"color":"ffffffff","curve":"stepped"},{"time":1.6333,"color":"ffffffff"},{"time":2.0333,"color":"ffffff00","curve":"stepped"},{"time":2.2667,"color":"ffffff00"},{"time":2.4667,"color":"ffffffff","curve":"stepped"},{"time":2.7667,"color":"ffffffff"},{"time":3.1667,"color":"ffffff00"}],"attachment":[{"name":"lizi"}]},"lizi5":{"color":[{"time":0.1667,"color":"ffffff00"},{"time":0.3,"color":"ffffffff","curve":"stepped"},{"time":0.6667,"color":"ffffffff"},{"time":1.3333,"color":"ffffff00","curve":"stepped"},{"time":2.1333,"color":"ffffff00"},{"time":2.2667,"color":"ffffffff","curve":"stepped"},{"time":2.6333,"color":"ffffffff"},{"time":3.3,"color":"ffffff00"}],"attachment":[{"time":0.1667,"name":"lizi"}]},"lizi6":{"color":[{"time":3.4333,"color":"ffffffff"},{"time":4.0667,"color":"ffffff00"}],"attachment":[{"time":2.8667,"name":"lizi"}]},"lizi9":{"color":[{"time":3.4,"color":"ffffffff"},{"time":3.8,"color":"ffffff00"}],"attachment":[{"time":2.9,"name":"lizi"}]},"lizi11":{"color":[{"time":1.7,"color":"ffffffff"},{"time":2.1,"color":"ffffff00"}],"attachment":[{"time":1.2,"name":"lizi"}]},"lizi14":{"color":[{"time":0.7,"color":"ffffffff"},{"time":1.1,"color":"ffffff00","curve":"stepped"},{"time":1.8667,"color":"ffffff00"},{"time":1.9,"color":"ffffffff","curve":"stepped"},{"time":2.4,"color":"ffffffff"},{"time":2.8,"color":"ffffff00"}],"attachment":[{"time":0.2,"name":"lizi"}]}},"bones":{"bone9":{"translate":[{"x":-129.6,"y":138.24},{"time":1.0667,"x":-278.03,"y":279.57},{"time":2.1667,"x":-129.6,"y":138.24},{"time":3.2333,"x":-278.03,"y":279.57}]},"bone13":{"translate":[{"time":0.1667,"x":-6.48,"y":38.88},{"time":1.3333,"x":-158.04,"y":-217.39},{"time":2.1333,"x":-6.48,"y":38.88},{"time":3.3,"x":-158.04,"y":-217.39}]},"bone19":{"translate":[{"time":1.2},{"time":2.1,"x":143.26,"y":-12.25}]},"bone12":{"translate":[{"x":70.65,"y":-121.24},{"time":0.9,"x":-174.74,"y":-205.13},{"time":1.1333,"x":36.72,"y":2.16},{"time":2.0333,"x":-97.62,"y":-10.77},{"time":2.2667,"x":36.72,"y":2.16},{"time":3.1667,"x":-97.62,"y":-10.77}]},"bone10":{"translate":[{"time":0.6667},{"time":1.7333,"x":223.09,"y":162.93}]},"bone22":{"translate":[{"time":0.2},{"time":1.1,"x":107.31,"y":-107.5},{"time":1.9},{"time":2.8,"x":107.31,"y":-107.5}]},"bone17":{"translate":[{"time":2.9},{"time":3.8,"x":164.83,"y":1.32}]},"bone14":{"translate":[{"time":2.8667},{"time":4.0667,"x":122.7,"y":-269.97}]}}}}}