{"skeleton":{"hash":"yPRTX0VgCdaehGO1xRVbukStLz0","spine":"3.8.95","x":-47.84,"y":-0.24,"width":98,"height":6,"images":"./images/","audio":"E:/Art/UI/3_1_daily/images"},"bones":[{"name":"root"},{"name":"arrow","parent":"root"}],"slots":[{"name":"arrow","bone":"arrow","attachment":"arrow"}],"skins":[{"name":"default","attachments":{"arrow":{"arrow":{"type":"mesh","uvs":[1,1,0.48631,1,0,1,0,0,0.48631,0,1,0],"triangles":[1,2,3,4,1,3,4,5,0,1,4,0],"vertices":[50.16,-0.24,-0.18,-0.24,-47.84,-0.24,-47.84,5.76,-0.18,5.76,50.16,5.76],"hull":6,"edges":[4,6,0,10,6,8,8,10,0,2,2,4,8,2],"width":98,"height":6}}}}],"animations":{"heng1":{"deform":{"default":{"arrow":{"arrow":[{"curve":0,"c3":0.75},{"time":0.1333,"offset":3,"vertices":[9.418,0,0,0,0,0,9.418]}]}}}},"heng2":{"deform":{"default":{"arrow":{"arrow":[{"offset":3,"vertices":[9.418,0,0,0,0,0,9.418],"curve":0,"c3":0.75},{"time":0.1333}]}}}}}}