{"skeleton":{"hash":"rWL4656MBBASXMBdItrzqHD48MQ","spine":"3.8.95","x":-45.13,"y":-38.49,"width":90,"height":93,"images":"./images/","audio":""},"bones":[{"name":"root"},{"name":"hint","parent":"root","x":-0.35,"y":-15.27}],"slots":[{"name":"hintbg","bone":"root","attachment":"hintbg"},{"name":"hint","bone":"hint","attachment":"hint"},{"name":"hint2","bone":"hint","attachment":"hint"},{"name":"hint_1","bone":"hint","color":"ffffff00","attachment":"hint_1","blend":"additive"}],"skins":[{"name":"default","attachments":{"hint":{"hint":{"type":"mesh","uvs":[1,1,0,1,0,0,1,0],"triangles":[1,2,3,1,3,0],"vertices":[21.35,-13.73,-20.65,-13.73,-20.65,44.27,21.35,44.27],"hull":4,"edges":[0,2,2,4,4,6,0,6],"width":42,"height":58}},"hint2":{"hint":{"type":"mesh","uvs":[1,1,0,1,0,0,1,0],"triangles":[1,2,3,1,3,0],"vertices":[21.35,-13.73,-20.65,-13.73,-20.65,44.27,21.35,44.27],"hull":4,"edges":[0,2,2,4,4,6,0,6],"width":42,"height":58}},"hint_1":{"hint_1":{"type":"mesh","uvs":[1,1,0,1,0,0,1,0],"triangles":[1,2,3,1,3,0],"vertices":[45.23,-23.22,-44.77,-23.22,-44.77,69.78,45.23,69.78],"hull":4,"edges":[0,2,2,4,4,6,0,6],"width":90,"height":93}},"hintbg":{"hintbg":{"width":72,"height":72}}}}],"animations":{"2":{"slots":{"hint_1":{"color":[{"color":"ffffff00","curve":0.25,"c3":0.75},{"time":0.6667,"color":"ffffff29","curve":0.25,"c3":0.75},{"time":1.3333,"color":"ffffff00","curve":0.25,"c3":0.75},{"time":2,"color":"ffffff29","curve":0.25,"c3":0.75},{"time":2.6667,"color":"ffffff00"}]}},"bones":{"hint":{"scale":[{"curve":0.25,"c3":0.75},{"time":0.6667,"x":1.161,"y":1.161,"curve":0.25,"c3":0.75},{"time":1.3333,"curve":0.25,"c3":0.75},{"time":2,"x":1.161,"y":1.161,"curve":0.25,"c3":0.75},{"time":2.6667}]}}},"fankui":{"slots":{"hint":{"color":[{"color":"ffffff9a"},{"time":0.4667,"color":"ffffff00"}]},"hint_1":{"color":[{"color":"ffffff00","curve":0.25,"c3":0.75},{"time":0.2333,"color":"ffffff5c","curve":"stepped"},{"time":0.3667,"color":"ffffff5c"},{"time":0.6,"color":"ffffff00"}]}},"bones":{"hint":{"scale":[{"curve":0,"c3":0.75},{"time":0.2333,"x":1.336,"y":1.336,"curve":0.25,"c3":0.75},{"time":0.5,"x":0.893,"y":0.893,"curve":0.25,"c3":0.867},{"time":0.7}]}},"deform":{"default":{"hint":{"hint":[{"curve":0.25,"c3":0.75},{"time":0.4667,"vertices":[12.76323,-17.6254,-12.76322,-17.6254,-12.76322,17.62539,12.76324,17.62539]}]}}}}}}