{"skeleton":{"hash":"iZkFX2LB3z/EoHXzevsyBxexeDY","spine":"3.8.95","x":-96.5,"y":-100.5,"width":193,"height":201,"images":"./images/","audio":""},"bones":[{"name":"root"},{"name":"trophy1","parent":"root"},{"name":"trophy_bg","parent":"root"},{"name":"trophy","parent":"root"},{"name":"trophy2_tx","parent":"root"},{"name":"light","parent":"trophy1","x":-1.52,"y":38.05,"scaleX":0.7449,"scaleY":0.7449}],"slots":[{"name":"1_4_4_finish","bone":"root"},{"name":"light","bone":"light","blend":"additive"},{"name":"trophy1","bone":"trophy1","attachment":"trophy1"},{"name":"trophy_bg","bone":"trophy_bg"},{"name":"trophy","bone":"trophy"},{"name":"trophy2","bone":"trophy2_tx"}],"skins":[{"name":"default","attachments":{"light":{"light":{"width":342,"height":345}},"trophy":{"trophy":{"width":56,"height":47}},"trophy2":{"trophy":{"width":56,"height":47}},"trophy_bg":{"trophy_bg":{"width":72,"height":72}}}},{"name":"fen","attachments":{"trophy1":{"trophy1":{"name":"trophy4","width":193,"height":201}}}},{"name":"jin","attachments":{"trophy1":{"trophy1":{"width":193,"height":201}}}},{"name":"tong","attachments":{"trophy1":{"trophy1":{"name":"trophy3","width":193,"height":201}}}},{"name":"yin","attachments":{"trophy1":{"trophy1":{"name":"trophy2","width":193,"height":201}}}}],"animations":{"animation":{"slots":{"1_4_4_finish":{"attachment":[{"time":0.3667,"name":null}]},"light":{"color":[{"color":"ffffff00"},{"time":0.1667,"color":"ffffffff","curve":"stepped"},{"time":0.2,"color":"ffffffff"},{"time":0.4333,"color":"ffffff00"}],"attachment":[{"time":0.3667,"name":"light"}]},"trophy":{"color":[{"color":"ffffff00"},{"time":0.0667,"color":"ffffffff","curve":"stepped"},{"time":1.1333,"color":"ffffffff"},{"time":1.2,"color":"ffffff00"}],"attachment":[{"time":0.3667,"name":"trophy"}]},"trophy1":{"color":[{"color":"ffffff00"},{"time":0.1333,"color":"ffffffff","curve":"stepped"},{"time":0.9333,"color":"ffffffff"},{"time":1,"color":"ffffff00"}]},"trophy2":{"color":[{"time":1,"color":"ffffffff","curve":0,"c2":0.03,"c3":0.391,"c4":0.45},{"time":1.2,"color":"ffffff00"}],"attachment":[{"time":0.9667,"name":"trophy"}]},"trophy_bg":{"color":[{"color":"ffffff00"},{"time":0.0667,"color":"ffffffff","curve":"stepped"},{"time":1.1333,"color":"ffffffff"},{"time":1.2,"color":"ffffff00"}]}},"bones":{"trophy1":{"rotate":[{"time":0.6667,"curve":0,"c3":0.75},{"time":0.7667,"angle":11.9,"curve":0.25},{"time":1}],"translate":[{"time":0.4667,"curve":0,"c3":0.515},{"time":0.6667,"x":-87.9,"y":-82.41,"curve":0.432},{"time":0.9667,"x":306.98,"y":457.89}],"scale":[{"x":0.8,"y":0.8,"curve":0,"c3":0.75},{"time":0.1333,"curve":"stepped"},{"time":0.6667,"curve":0.432},{"time":0.9667,"x":0.383,"y":0.383}]},"trophy":{"scale":[{"x":0.4,"y":0.4,"curve":0.25,"c3":0.75},{"time":0.1667,"x":1.1,"y":1.1,"curve":0.25,"c3":0.75},{"time":0.3333}]},"trophy2_tx":{"scale":[{"time":0.9667,"curve":0,"c2":0.02,"c3":0.6},{"time":1.1333,"x":1.624,"y":1.624}]},"light":{"rotate":[{},{"time":0.8333,"angle":-68.8}]}}},"guang":{"slots":{"light":{"color":[{"color":"ffffff00"},{"time":0.1667,"color":"ffffffff"}],"attachment":[{"name":"light"}]},"trophy1":{"attachment":[{"name":null}]}},"bones":{"light":{"rotate":[{},{"time":0.8333,"angle":-70}],"translate":[{"x":1.52,"y":-38.05}]}}},"guang_idle":{"slots":{"light":{"attachment":[{"name":"light"}]},"trophy1":{"attachment":[{"name":null}]}},"bones":{"light":{"rotate":[{"angle":-70},{"time":1.4333,"angle":180},{"time":4.1},{"time":4.9333,"angle":-70}],"translate":[{"x":1.52,"y":-38.05}]}}},"jaingbei":{"slots":{"light":{"color":[{"color":"ffffff00"},{"time":0.1667,"color":"ffffffff","curve":"stepped"},{"time":0.2,"color":"ffffffff"},{"time":0.4333,"color":"ffffff00"}],"attachment":[{"name":"light"}]},"trophy1":{"color":[{"color":"ffffff00"},{"time":0.1333,"color":"ffffffff","curve":"stepped"},{"time":0.9333,"color":"ffffffff"},{"time":1,"color":"ffffff00"}]}},"bones":{"trophy1":{"rotate":[{"time":0.6667,"curve":0,"c3":0.75},{"time":0.7667,"angle":11.9,"curve":0.25},{"time":1}],"scale":[{"x":0.8,"y":0.8,"curve":0,"c3":0.75},{"time":0.1333,"curve":"stepped"},{"time":0.6667,"curve":0.432},{"time":0.9667,"x":0.383,"y":0.383}]},"light":{"rotate":[{},{"time":0.8333,"angle":-68.8}]}}},"jiangbei_chuxian":{"slots":{"trophy":{"color":[{"color":"ffffff00"},{"time":0.0667,"color":"ffffffff"}],"attachment":[{"name":"trophy"}]},"trophy1":{"attachment":[{"name":null}]},"trophy_bg":{"color":[{"color":"ffffff00"},{"time":0.0667,"color":"ffffffff"}],"attachment":[{"name":"trophy_bg"}]}},"bones":{"trophy":{"scale":[{"x":0.4,"y":0.4,"curve":0.25,"c3":0.75},{"time":0.1667,"x":1.1,"y":1.1,"curve":0.25,"c3":0.75},{"time":0.3333}]}}},"jiangbei_fankui":{"slots":{"trophy":{"color":[{"time":0.2,"color":"ffffffff"},{"time":0.3,"color":"ffffff00"}],"attachment":[{"name":"trophy"}]},"trophy2":{"color":[{"time":0.0333,"color":"ffffffff","curve":0,"c2":0.03,"c3":0.391,"c4":0.45},{"time":0.2333,"color":"ffffff00"}],"attachment":[{"name":"trophy"}]},"trophy_bg":{"color":[{"time":0.2,"color":"ffffffff"},{"time":0.3,"color":"ffffff00"}],"attachment":[{"name":"trophy_bg"}]}},"bones":{"trophy2_tx":{"scale":[{"curve":0,"c2":0.02,"c3":0.6},{"time":0.1667,"x":1.624,"y":1.624}]}}},"jiangbei_idle":{"slots":{"trophy":{"attachment":[{"name":"trophy"}]},"trophy_bg":{"attachment":[{"name":"trophy_bg"}]}}}}}