{"skeleton":{"hash":"Fp352C2BG4+rBO5mzpSyDNfzPsw","spine":"3.8.95","x":-72.04,"y":-152.37,"width":136.54,"height":287.36,"images":"./images/","audio":""},"bones":[{"name":"root"},{"name":"trophy1","parent":"root","y":2.48},{"name":"sg","parent":"root","rotation":-43.06,"x":-94.5,"y":-42.39},{"name":"ssx","parent":"root","x":-163.7,"y":36.2},{"name":"star","parent":"root","x":-49.54,"y":-130.87},{"name":"star_bg","parent":"root","x":-48.45,"y":-131.13},{"name":"30","parent":"root","x":-2.75,"y":-131.41}],"slots":[{"name":"1_4_1_leaderboard","bone":"root"},{"name":"trophy1","bone":"trophy1","attachment":"trophy1"},{"name":"ssx","bone":"ssx","blend":"additive"},{"name":"star_bg","bone":"star_bg","attachment":"star_bg"},{"name":"30","bone":"30"},{"name":"star","bone":"star","attachment":"star"},{"name":"c1","bone":"trophy1","attachment":"c1"},{"name":"sg","bone":"sg","attachment":"sg","blend":"additive"}],"skins":[{"name":"default","attachments":{"c1":{"c1":{"type":"clipping","end":"c1","vertexCount":50,"vertices":[-23.02,23.8,-23.56,28.98,-19.35,29.9,-17.3,34.01,-13.47,37.69,-10.83,39.01,-10.83,45.18,-12,48.42,-16.41,50.92,-26.41,54.44,-33.47,60.18,-39.79,60.32,-47.43,62.53,-54.49,68.56,-59.49,76.35,-62.72,89.42,-64.48,110.88,-61.1,114.71,-45.81,114.71,-45.81,120.44,-50.96,120.29,-52.28,122.64,-51.84,130.14,-49.49,131.17,-40.52,131.46,-13.63,132.38,19.15,132.24,51.05,130.47,51.93,121.21,49.72,119.89,45.61,120.48,45.9,115.18,61.19,114.6,64.72,110.77,63.4,94.75,59.43,76.08,56.34,70.64,50.9,65.06,42.67,60.94,32.97,60.35,26.33,54.96,19.13,51.58,12.8,49.96,10.6,46.58,10.75,38.49,16.04,35.41,20.01,29.53,23.09,29.38,23.09,24.38,20.45,23.35],"color":"ce3a3aff"}},"sg":{"sg":{"x":56.8,"y":45.73,"scaleX":2.7282,"scaleY":0.5479,"width":236,"height":163}},"ssx":{"ssx":{"width":100,"height":99}},"star":{"star":{"width":45,"height":43}},"star_bg":{"star_bg":{"type":"mesh","uvs":[1,1,0.77977,1,0,1,0,0,0.77524,0,1,0],"triangles":[2,3,4,1,4,5,2,4,1,1,5,0],"vertices":[87.98,-19.83,68.6,-19.83,-0.02,-19.83,-0.02,20.17,68.2,20.17,87.98,20.17],"hull":6,"edges":[4,6,0,10,6,8,8,10,0,2,2,4,8,2],"width":88,"height":40}}}},{"name":"jin","attachments":{"trophy1":{"trophy1":{"y":65.01,"width":129,"height":135}}}},{"name":"tong","attachments":{"trophy1":{"trophy1":{"name":"trophy3","y":65.01,"width":129,"height":135}}}},{"name":"yin","attachments":{"trophy1":{"trophy1":{"name":"trophy2","y":65.01,"width":129,"height":135}}}}],"animations":{"cankao":{"slots":{"30":{"color":[{"color":"ffffff00","curve":"stepped"},{"time":0.2333,"color":"ffffff00","curve":0,"c3":0.75},{"time":0.3,"color":"ffffffff"}]},"ssx":{"color":[{"color":"ffffff00","curve":"stepped"},{"time":0.7667,"color":"ffffff00"},{"time":0.8667,"color":"ffffffff","curve":"stepped"},{"time":1.1667,"color":"ffffffff"},{"time":1.2667,"color":"ffffff00"}],"attachment":[{"time":0.7667,"name":"ssx"}]},"star":{"color":[{"color":"ffffff00","curve":"stepped"},{"time":0.1667,"color":"ffffff00","curve":0,"c3":0.75},{"time":0.2333,"color":"ffffffff"}]},"star_bg":{"color":[{"color":"ffffff00","curve":"stepped"},{"time":0.2333,"color":"ffffff00"},{"time":0.3,"color":"ffffffff"}]},"trophy1":{"color":[{"color":"ffffff00"},{"time":0.0667,"color":"ffffffff"}]}},"bones":{"trophy1":{"translate":[{"y":150.26,"curve":0.358,"c4":0.98},{"time":0.1333,"y":-1.2,"curve":0.25,"c3":0.75},{"time":0.2333}],"scale":[{"curve":0.25},{"time":0.1333,"x":1.01,"y":0.99,"curve":0.25,"c3":0.75},{"time":0.2333}]},"sg":{"translate":[{"x":-34.85,"y":-25.97,"curve":"stepped"},{"time":0.3333,"x":-34.85,"y":-25.97},{"time":0.8667,"x":171.32,"y":123.93}]},"ssx":{"translate":[{"x":208.44,"y":93.6}],"scale":[{"x":0.372,"y":0.372,"curve":"stepped"},{"time":0.7667,"x":0.372,"y":0.372,"curve":0,"c3":0.301},{"time":0.9333,"x":1.183,"y":1.183,"curve":0.71},{"time":1.2333,"x":0.158,"y":0.158}]},"star":{"rotate":[{"angle":176.21,"curve":"stepped"},{"time":0.1667,"angle":176.21,"curve":0,"c3":0.75},{"time":0.3333}],"scale":[{"x":0.4,"y":0.4,"curve":"stepped"},{"time":0.1667,"x":0.4,"y":0.4,"curve":0,"c3":0.75},{"time":0.3333}]},"30":{"translate":[{"x":-35.8,"curve":"stepped"},{"time":0.2333,"x":-35.8,"curve":0,"c3":0.75},{"time":0.3333}]}},"deform":{"default":{"c1":{"c1":[{"time":0.1333,"offset":1,"vertices":[1.21617,0,1.21617,0,1.21617,0,1.21617,0,1.21617,0,1.21617,0,1.21617,0,1.21617,0,1.21617,0,1.21617,0,1.21617,0,1.21617,0,1.21617,0,1.21617,0,1.21617,0,1.21617,0,1.21617,0,1.21617,0,1.21617,0,1.21617,0,1.21617,0,1.21617,0,1.21617,0,1.21617,0,1.21617,0,1.21617,0,1.21617,0,1.21617,0,1.21617,0,1.21617,0,1.21617,0,1.21617,0,1.21617,0,1.21617,0,1.21617,0,1.21617,0,1.21617,0,1.21617,0,1.21617,0,1.21617,0,1.21617,0,1.21617,0,1.21617,0,1.21617,0,1.21617,0,1.21617,0,1.21617,0,1.21617,0,1.21617,0,1.21617]}]},"star_bg":{"star_bg":[{"vertices":[-67.47295,0,-67.47295,0,0,0,0,0,-67.47295,0,-67.47295],"curve":"stepped"},{"time":0.2333,"vertices":[-67.47295,0,-67.47295,0,0,0,0,0,-67.47295,0,-67.47295]},{"time":0.3333}]}}}},"idle_jiangbei":{"slots":{"30":{"attachment":[{"name":null}]},"star":{"attachment":[{"name":null}]},"star_bg":{"attachment":[{"name":null}]}}},"idle_star":{"slots":{"30":{"attachment":[{"name":null}]},"star_bg":{"attachment":[{"name":null}]},"trophy1":{"attachment":[{"name":null}]}},"bones":{"star_bg":{"translate":[{"x":48.45,"y":131.13}]},"star":{"translate":[{"x":49.54,"y":130.87}]}}},"jaingbei_idle":{"slots":{"30":{"attachment":[{"name":null}]},"star":{"attachment":[{"name":null}]},"star_bg":{"attachment":[{"name":null}]}},"bones":{"sg":{"translate":[{"x":-34.85,"y":-25.97},{"time":0.5333,"x":171.32,"y":123.93}]}}},"jiangbei":{"slots":{"30":{"attachment":[{"name":null}]},"ssx":{"color":[{"color":"ffffff00","curve":"stepped"},{"time":0.7667,"color":"ffffff00"},{"time":0.8667,"color":"ffffffff","curve":"stepped"},{"time":1.1667,"color":"ffffffff"},{"time":1.2667,"color":"ffffff00"}],"attachment":[{"time":0.7667,"name":"ssx"}]},"star":{"attachment":[{"name":null}]},"star_bg":{"attachment":[{"name":null}]},"trophy1":{"color":[{"color":"ffffff00"},{"time":0.0667,"color":"ffffffff"}]}},"bones":{"trophy1":{"translate":[{"y":150.26,"curve":0.358,"c4":0.98},{"time":0.1333,"y":-1.2,"curve":0.25,"c3":0.75},{"time":0.2333}],"scale":[{"curve":0.25},{"time":0.1333,"x":1.01,"y":0.99,"curve":0.25,"c3":0.75},{"time":0.2333}]},"sg":{"translate":[{"x":-34.85,"y":-25.97,"curve":"stepped"},{"time":0.3333,"x":-34.85,"y":-25.97},{"time":0.8667,"x":171.32,"y":123.93}]},"ssx":{"translate":[{"x":208.44,"y":93.6}],"scale":[{"x":0.372,"y":0.372,"curve":"stepped"},{"time":0.7667,"x":0.372,"y":0.372,"curve":0,"c3":0.301},{"time":0.9333,"x":1.183,"y":1.183,"curve":0.71},{"time":1.2333,"x":0.158,"y":0.158}]}},"deform":{"default":{"c1":{"c1":[{"time":0.1333,"offset":1,"vertices":[1.21617,0,1.21617,0,1.21617,0,1.21617,0,1.21617,0,1.21617,0,1.21617,0,1.21617,0,1.21617,0,1.21617,0,1.21617,0,1.21617,0,1.21617,0,1.21617,0,1.21617,0,1.21617,0,1.21617,0,1.21617,0,1.21617,0,1.21617,0,1.21617,0,1.21617,0,1.21617,0,1.21617,0,1.21617,0,1.21617,0,1.21617,0,1.21617,0,1.21617,0,1.21617,0,1.21617,0,1.21617,0,1.21617,0,1.21617,0,1.21617,0,1.21617,0,1.21617,0,1.21617,0,1.21617,0,1.21617,0,1.21617,0,1.21617,0,1.21617,0,1.21617,0,1.21617,0,1.21617,0,1.21617,0,1.21617,0,1.21617,0,1.21617]}]}}}},"star":{"slots":{"30":{"color":[{"color":"ffffff00"}]},"star":{"color":[{"color":"ffffff00","curve":"stepped"},{"time":0.1667,"color":"ffffff00","curve":0,"c3":0.75},{"time":0.2333,"color":"ffffffff"}]},"star_bg":{"attachment":[{"name":null}]},"trophy1":{"attachment":[{"name":null}]}},"bones":{"star":{"rotate":[{"angle":176.21,"curve":"stepped"},{"time":0.1667,"angle":176.21,"curve":0,"c3":0.75},{"time":0.3333}],"translate":[{"x":49.54,"y":130.87}],"scale":[{"x":0.4,"y":0.4,"curve":"stepped"},{"time":0.1667,"x":0.4,"y":0.4,"curve":0,"c3":0.75},{"time":0.3333}]},"30":{"translate":[{"x":-35.8}]}}}}}