{"skeleton":{"hash":"CeRfVhTVVohOB2+L6Qpo37+sWNY","spine":"3.8.95","x":-324,"y":-324,"width":648,"height":648,"images":"./images/","audio":"E:/Art/UI/加载图片/images"},"bones":[{"name":"root"},{"name":"tx2","parent":"root","scaleX":0.9605,"scaleY":0.9605}],"slots":[{"name":"123213","bone":"root"},{"name":"js1_00000","bone":"tx2","attachment":"js1_00043"}],"skins":[{"name":"default","attachments":{"js1_00000":{"js1_00000":{"width":230,"height":230},"js1_00001":{"width":230,"height":230},"js1_00002":{"width":230,"height":230},"js1_00003":{"width":230,"height":230},"js1_00004":{"width":230,"height":230},"js1_00005":{"width":230,"height":230},"js1_00006":{"width":230,"height":230},"js1_00007":{"width":230,"height":230},"js1_00008":{"width":230,"height":230},"js1_00009":{"width":230,"height":230},"js1_00010":{"width":230,"height":230},"js1_00011":{"width":230,"height":230},"js1_00012":{"width":230,"height":230},"js1_00013":{"width":230,"height":230},"js1_00014":{"width":230,"height":230},"js1_00015":{"width":230,"height":230},"js1_00016":{"width":230,"height":230},"js1_00017":{"width":230,"height":230},"js1_00018":{"width":230,"height":230},"js1_00019":{"width":230,"height":230},"js1_00020":{"width":230,"height":230},"js1_00021":{"width":230,"height":230},"js1_00022":{"width":230,"height":230},"js1_00023":{"width":230,"height":230},"js1_00024":{"width":230,"height":230},"js1_00025":{"width":230,"height":230},"js1_00026":{"width":230,"height":230},"js1_00027":{"width":230,"height":230},"js1_00028":{"width":230,"height":230},"js1_00029":{"width":230,"height":230},"js1_00030":{"width":230,"height":230},"js1_00031":{"width":230,"height":230},"js1_00032":{"width":230,"height":230},"js1_00033":{"width":230,"height":230},"js1_00034":{"width":230,"height":230},"js1_00035":{"width":230,"height":230},"js1_00036":{"width":230,"height":230},"js1_00037":{"width":230,"height":230},"js1_00038":{"width":230,"height":230},"js1_00039":{"width":230,"height":230},"js1_00040":{"width":230,"height":230},"js1_00041":{"width":230,"height":230},"js1_00042":{"width":230,"height":230},"js1_00043":{"width":230,"height":230},"js1_00044":{"width":230,"height":230},"js1_00045":{"width":230,"height":230},"js1_00046":{"width":230,"height":230},"js1_00047":{"width":230,"height":230},"js1_00048":{"width":230,"height":230},"js1_00049":{"width":230,"height":230},"js1_00050":{"width":230,"height":230},"js1_00051":{"width":230,"height":230},"js1_00052":{"width":230,"height":230},"js1_00053":{"width":230,"height":230},"js1_00054":{"width":230,"height":230},"js1_00055":{"width":230,"height":230},"js1_00056":{"width":230,"height":230},"js1_00057":{"width":230,"height":230},"js1_00058":{"width":230,"height":230},"js1_00059":{"width":230,"height":230}}}}],"animations":{"1":{"slots":{"123213":{"attachment":[{"name":null}]},"js1_00000":{"attachment":[{"name":"js1_00000"},{"time":0.0333,"name":"js1_00001"},{"time":0.0667,"name":"js1_00002"},{"time":0.1,"name":"js1_00003"},{"time":0.1333,"name":"js1_00004"},{"time":0.1667,"name":"js1_00005"},{"time":0.2,"name":"js1_00006"},{"time":0.2333,"name":"js1_00007"},{"time":0.2667,"name":"js1_00008"},{"time":0.3,"name":"js1_00009"},{"time":0.3333,"name":"js1_00010"},{"time":0.3667,"name":"js1_00011"},{"time":0.4,"name":"js1_00012"},{"time":0.4333,"name":"js1_00013"},{"time":0.4667,"name":"js1_00014"},{"time":0.5,"name":"js1_00015"},{"time":0.5333,"name":"js1_00016"},{"time":0.5667,"name":"js1_00017"},{"time":0.6,"name":"js1_00018"},{"time":0.6333,"name":"js1_00019"},{"time":0.6667,"name":"js1_00020"},{"time":0.7,"name":"js1_00021"},{"time":0.7333,"name":"js1_00022"},{"time":0.7667,"name":"js1_00023"},{"time":0.8,"name":"js1_00024"},{"time":0.8333,"name":"js1_00025"},{"time":0.8667,"name":"js1_00026"},{"time":0.9,"name":"js1_00027"},{"time":0.9333,"name":"js1_00028"},{"time":0.9667,"name":"js1_00029"},{"time":1,"name":"js1_00030"},{"time":1.0333,"name":"js1_00031"},{"time":1.0667,"name":"js1_00032"},{"time":1.1,"name":"js1_00033"},{"time":1.1333,"name":"js1_00034"},{"time":1.1667,"name":"js1_00035"},{"time":1.2,"name":"js1_00036"},{"time":1.2333,"name":"js1_00037"},{"time":1.2667,"name":"js1_00038"},{"time":1.3,"name":"js1_00039"},{"time":1.3333,"name":"js1_00040"},{"time":1.3667,"name":"js1_00041"},{"time":1.4,"name":"js1_00042"},{"time":1.4333,"name":"js1_00043"},{"time":1.4667,"name":"js1_00044"},{"time":1.5,"name":"js1_00045"},{"time":1.5333,"name":"js1_00046"},{"time":1.5667,"name":"js1_00047"},{"time":1.6,"name":"js1_00048"},{"time":1.6333,"name":"js1_00049"},{"time":1.6667,"name":"js1_00050"},{"time":1.7,"name":"js1_00051"},{"time":1.7333,"name":"js1_00052"},{"time":1.7667,"name":"js1_00053"},{"time":1.8,"name":"js1_00054"},{"time":1.8333,"name":"js1_00055"},{"time":1.8667,"name":"js1_00056"},{"time":1.9,"name":"js1_00057"},{"time":1.9333,"name":"js1_00058"},{"time":1.9667,"name":"js1_00059"}]}},"bones":{"root":{"scale":[{"x":0.5,"y":0.5}]}}}}}