{"skeleton":{"hash":"NgM6XRq06nJBqeF4TwQFs+10Lnc","spine":"3.8.95","x":-14.22,"y":-14.69,"width":29.05,"height":34,"images":"./images/","audio":"E:/Art/UI/解锁动画/images"},"bones":[{"name":"root"},{"name":"bone","parent":"root"},{"name":"1_lock","parent":"bone","x":0.14,"y":-0.57},{"name":"s1","parent":"1_lock","x":-0.14,"y":-2.68},{"name":"s2","parent":"bone","x":-0.37,"y":1.94}],"slots":[{"name":"1_lock","bone":"1_lock","attachment":"1_lock"},{"name":"s1","bone":"s1","attachment":"s1"},{"name":"s2","bone":"s2","attachment":"s2"}],"skins":[{"name":"default","attachments":{"1_lock":{"1_lock":{"x":0.19,"y":2.88,"width":29,"height":34}},"s1":{"s1":{"x":0.28,"y":0.09,"width":29,"height":23}},"s2":{"s2":{"x":0.94,"y":6.8,"width":20,"height":21}}}}],"animations":{"animation":{"slots":{"1_lock":{"attachment":[{"time":1,"name":null}]},"s1":{"color":[{"time":1.2333,"color":"ffffffff"},{"time":1.5667,"color":"ffffff00"}]},"s2":{"color":[{"time":1.3,"color":"ffffffff"},{"time":1.6333,"color":"ffffff00"}],"attachment":[{"name":null},{"time":1,"name":"s2"}]}},"bones":{"1_lock":{"rotate":[{"curve":0,"c3":0.75},{"time":0.2133,"angle":6.52,"curve":0.25,"c3":0.75},{"time":0.3733,"angle":-12.46,"curve":0.25,"c3":0.75},{"time":0.5333,"angle":6.52,"curve":0.25,"c3":0.75},{"time":0.64,"angle":-12.46,"curve":0.25,"c3":0.75},{"time":0.8,"angle":6.52,"curve":0.25,"c3":0.75},{"time":0.9,"angle":-12.46,"curve":0.25,"c3":0.75},{"time":1}],"translate":[{"time":0.9667,"curve":0,"c3":0.75},{"time":1.2,"y":21.42,"curve":0.25},{"time":1.6,"y":-99.41}],"scale":[{"time":0.2667,"curve":0,"c3":0.469},{"time":0.9,"x":0.8,"y":0.8,"curve":0.25},{"time":1,"x":1.05,"y":1.05}]},"s2":{"translate":[{"time":1,"curve":0,"c3":0.313},{"time":1.3,"y":64.05,"curve":0.25,"c3":0.75},{"time":1.8333,"y":-148.6}],"scale":[{"time":1,"x":1.05,"y":1.05}]}}}}}