{"skeleton":{"hash":"awAPcqxnhywWGjnCnw2rM5iuPws","spine":"3.8.95","images":"./images/","audio":"E:/Art/UI/2_5_reward/images"},"bones":[{"name":"root"},{"name":"bone","parent":"root"},{"name":"bone4","parent":"root","length":23.74,"rotation":-1.33,"x":9.25,"y":173.85,"color":"2eff00ff"},{"name":"bone2","parent":"bone4","rotation":1.33,"x":-7.58,"y":-26.79,"color":"00ff11ff"},{"name":"coin","parent":"bone2","x":-3.56,"y":23.11},{"name":"light1","parent":"bone2","x":-1.57,"y":28.83},{"name":"light2","parent":"bone2","x":1.03,"y":26.17},{"name":"star5","parent":"bone4","rotation":1.33,"x":-188.44,"y":114.73},{"name":"star6","parent":"bone4","rotation":1.33,"x":-188.44,"y":114.73},{"name":"star7","parent":"bone4","rotation":1.33,"x":-188.44,"y":114.73},{"name":"star8","parent":"bone4","rotation":1.33,"x":-185.91,"y":116.07},{"name":"star9","parent":"bone4","rotation":1.33,"x":-185.91,"y":116.07},{"name":"500","parent":"bone4","rotation":1.33,"x":-5.69,"y":-153.94}],"slots":[{"name":"light2","bone":"light2"},{"name":"light1","bone":"light1"},{"name":"star5","bone":"star5"},{"name":"star7","bone":"star6"},{"name":"star9","bone":"star7"},{"name":"star11","bone":"star8"},{"name":"star13","bone":"star9"},{"name":"star6","bone":"star5","blend":"additive"},{"name":"star8","bone":"star6","blend":"additive"},{"name":"star10","bone":"star7","blend":"additive"},{"name":"star12","bone":"star8","blend":"additive"},{"name":"star14","bone":"star9","blend":"additive"},{"name":"coin2","bone":"coin"},{"name":"100","bone":"500"}],"skins":[{"name":"default","attachments":{"100":{"100":{"width":144,"height":46}},"coin2":{"coin":{"x":1.09,"y":1.19,"width":234,"height":197}},"light1":{"light1":{"x":0.1,"y":-0.03,"width":342,"height":342}},"light2":{"light2":{"x":-2.5,"y":2.13,"width":694,"height":693}},"star5":{"xx":{"x":0.43,"y":0.8,"width":90,"height":99}},"star6":{"xx":{"color":"ffffff3f","x":0.43,"y":0.8,"width":90,"height":99}},"star7":{"xx":{"x":0.43,"y":0.8,"width":90,"height":99}},"star8":{"xx":{"color":"ffffff3f","x":0.43,"y":0.8,"width":90,"height":99}},"star9":{"xx":{"x":0.43,"y":0.8,"width":90,"height":99}},"star10":{"xx":{"color":"ffffff3f","x":0.43,"y":0.8,"width":90,"height":99}},"star11":{"xx":{"color":"ffffff2d","x":0.43,"y":0.8,"width":90,"height":99}},"star12":{"xx":{"color":"ffffff2d","x":0.43,"y":0.8,"width":90,"height":99}},"star13":{"xx":{"color":"ffffff2d","x":0.43,"y":0.8,"width":90,"height":99}},"star14":{"xx":{"color":"ffffff2d","x":0.43,"y":0.8,"width":90,"height":99}}}}],"animations":{"1":{"slots":{"100":{"color":[{"color":"ffffff00"},{"time":0.3,"color":"ffffffff"}],"attachment":[{"name":"100"}]},"coin2":{"color":[{"color":"ffffff00"},{"time":0.3,"color":"ffffffff"}],"attachment":[{"name":"coin"}]},"light1":{"color":[{"color":"ffffff00"},{"time":0.3,"color":"ffffffff"}],"attachment":[{"name":"light1"}]},"light2":{"attachment":[{"name":"light2"}]},"star5":{"color":[{"color":"ffffff00","curve":"stepped"},{"time":0.2,"color":"ffffff00"},{"time":0.4,"color":"ffffffff","curve":0.25,"c3":0.75},{"time":0.8,"color":"ffffff74","curve":0.25,"c3":0.75},{"time":1.2667,"color":"ffffffff","curve":0.25,"c3":0.75},{"time":1.6667,"color":"ffffff74","curve":0.25,"c3":0.75},{"time":2.0667,"color":"ffffffff"}],"attachment":[{"time":0.2,"name":"xx"}]},"star6":{"color":[{"color":"ffffff00","curve":"stepped"},{"time":0.2,"color":"ffffff00"},{"time":0.4,"color":"ffffffff","curve":0.25,"c3":0.75},{"time":0.8,"color":"ffffff74","curve":0.25,"c3":0.75},{"time":1.2667,"color":"ffffffff","curve":0.25,"c3":0.75},{"time":1.6667,"color":"ffffff74","curve":0.25,"c3":0.75},{"time":2.0667,"color":"ffffffff"}],"attachment":[{"time":0.2,"name":"xx"}]},"star7":{"color":[{"time":0.1333,"color":"ffffff00"},{"time":0.4,"color":"ffffff2f","curve":0.333,"c2":0.33,"c3":0.758},{"time":0.6,"color":"ffffffff"},{"time":0.8333,"color":"ffffff5b","curve":0.25,"c3":0.75},{"time":1.1333,"color":"ffffffff","curve":0.25,"c3":0.75},{"time":1.4333,"color":"ffffff5b","curve":0.25,"c3":0.75},{"time":1.7333,"color":"ffffffff","curve":0.25,"c3":0.75},{"time":2,"color":"ffffff5b","curve":0.25,"c3":0.75},{"time":2.0667,"color":"ffffff2f"}],"attachment":[{"time":0.1333,"name":"xx"}]},"star8":{"color":[{"time":0.1333,"color":"ffffff00"},{"time":0.4,"color":"ffffff2f","curve":0.333,"c2":0.33,"c3":0.758},{"time":0.6,"color":"ffffffff","curve":0.25,"c3":0.75},{"time":0.8333,"color":"ffffff5b","curve":0.25,"c3":0.75},{"time":1.1333,"color":"ffffffff","curve":0.25,"c3":0.75},{"time":1.4333,"color":"ffffff5b","curve":0.25,"c3":0.75},{"time":1.7333,"color":"ffffffff","curve":0.25,"c3":0.75},{"time":2,"color":"ffffff5b","curve":0.25,"c3":0.75},{"time":2.0667,"color":"ffffff2f"}],"attachment":[{"time":0.1333,"name":"xx"}]},"star9":{"color":[{"time":0.2,"color":"ffffff00"},{"time":0.4,"color":"ffffff08","curve":0.286,"c2":0.15,"c3":0.755},{"time":0.7333,"color":"ffffffff","curve":0.25,"c3":0.75},{"time":0.9667,"color":"ffffff15","curve":0.25,"c3":0.75},{"time":1.2333,"color":"ffffffff","curve":0.25,"c3":0.75},{"time":1.5,"color":"ffffff15","curve":0.25,"c3":0.75},{"time":1.7333,"color":"ffffffff","curve":0.25,"c3":0.75},{"time":2.0333,"color":"ffffff15","curve":0.25,"c3":0.75},{"time":2.0667,"color":"ffffff08"}],"attachment":[{"time":0.2,"name":"xx"}]},"star10":{"color":[{"time":0.2,"color":"ffffff00"},{"time":0.4,"color":"ffffff08","curve":0.286,"c2":0.15,"c3":0.755},{"time":0.7333,"color":"ffffffff"},{"time":0.9667,"color":"ffffff15","curve":0.25,"c3":0.75},{"time":1.2333,"color":"ffffffff","curve":0.25,"c3":0.75},{"time":1.5,"color":"ffffff15","curve":0.25,"c3":0.75},{"time":1.7333,"color":"ffffffff","curve":0.25,"c3":0.75},{"time":2.0333,"color":"ffffff15","curve":0.25,"c3":0.75},{"time":2.0667,"color":"ffffff08"}],"attachment":[{"time":0.2,"name":"xx"}]},"star11":{"color":[{"time":0.3,"color":"ffffff00"},{"time":0.4,"color":"ffffff7f"},{"time":0.5333,"color":"ffffffff"},{"time":0.7667,"color":"ffffff00"},{"time":1.1,"color":"ffffffff"},{"time":1.4,"color":"ffffff00"},{"time":1.6333,"color":"ffffffff"},{"time":1.9333,"color":"ffffff00"},{"time":2.0667,"color":"ffffff7f"}],"attachment":[{"time":0.3,"name":"xx"}]},"star12":{"color":[{"time":0.3,"color":"ffffff00"},{"time":0.4,"color":"ffffff7f"},{"time":0.5333,"color":"ffffffff"},{"time":0.7667,"color":"ffffff00"},{"time":1.1,"color":"ffffffff"},{"time":1.4,"color":"ffffff00"},{"time":1.6333,"color":"ffffffff"},{"time":1.9333,"color":"ffffff00"},{"time":2.0667,"color":"ffffff7f"}],"attachment":[{"time":0.3,"name":"xx"}]},"star13":{"color":[{"time":0.2667,"color":"ffffff00"},{"time":0.4,"color":"ffffff7f"},{"time":0.5,"color":"ffffffff"},{"time":0.7333,"color":"ffffff00"},{"time":1,"color":"ffffffff"},{"time":1.2667,"color":"ffffff00"},{"time":1.5,"color":"ffffffff"},{"time":1.7667,"color":"ffffff00"},{"time":2.0667,"color":"ffffff7f"}],"attachment":[{"time":0.2667,"name":"xx"}]},"star14":{"color":[{"time":0.2667,"color":"ffffff00"},{"time":0.4,"color":"ffffff7f"},{"time":0.5,"color":"ffffffff"},{"time":0.7333,"color":"ffffff00"},{"time":1,"color":"ffffffff"},{"time":1.2667,"color":"ffffff00"},{"time":1.5,"color":"ffffffff"},{"time":1.7667,"color":"ffffff00"},{"time":2.0667,"color":"ffffff7f"}],"attachment":[{"time":0.2667,"name":"xx"}]}},"bones":{"bone2":{"scale":[{"x":0.416,"y":0.416,"curve":0,"c3":0.75},{"time":0.1667,"x":1.04,"y":1.04,"curve":0.25,"c3":0.75},{"time":0.4,"x":0.99,"y":0.99,"curve":0.25,"c3":0.75},{"time":0.5667}]},"light1":{"rotate":[{"angle":-8.39},{"time":0.4,"angle":-22.8},{"time":2.0667,"angle":-67.75}]},"light2":{"scale":[{"x":-0.001,"y":-0.001},{"time":0.1667}]},"star5":{"translate":[{"x":53.38,"y":-73.39},{"time":0.2,"x":23.95,"y":-216.4}],"scale":[{},{"time":0.4,"x":0.866,"y":0.866,"curve":0.25,"c3":0.75},{"time":0.8,"x":0.784,"y":0.784,"curve":0.25,"c3":0.75},{"time":1.2667,"x":0.866,"y":0.866,"curve":0.25,"c3":0.75},{"time":1.6667,"x":0.784,"y":0.784,"curve":0.25,"c3":0.75},{"time":2.0667,"x":0.866,"y":0.866}]},"star6":{"translate":[{"x":53.38,"y":-73.39},{"time":0.1333,"x":315.18,"y":-35.79}],"scale":[{},{"time":0.1333,"x":0.834,"y":0.834},{"time":0.4,"x":0.701,"y":0.701,"curve":0.333,"c2":0.33,"c3":0.758},{"time":0.6,"x":0.566,"y":0.566},{"time":0.8333,"x":0.731,"y":0.731,"curve":0.25,"c3":0.75},{"time":1.1333,"x":0.566,"y":0.566,"curve":0.25,"c3":0.75},{"time":1.4333,"x":0.731,"y":0.731,"curve":0.25,"c3":0.75},{"time":1.7333,"x":0.566,"y":0.566,"curve":0.25,"c3":0.75},{"time":2,"x":0.731,"y":0.731,"curve":0.276,"c3":0.621,"c4":0.4},{"time":2.0667,"x":0.701,"y":0.701}]},"star7":{"translate":[{"x":53.38,"y":-73.39},{"time":0.2,"x":43.54,"y":-122.61}],"scale":[{},{"time":0.2,"x":0.379,"y":0.379},{"time":0.4,"x":0.477,"y":0.477,"curve":0.286,"c2":0.15,"c3":0.755},{"time":0.7333,"x":0.379,"y":0.379},{"time":0.9667,"x":0.481,"y":0.481,"curve":0.25,"c3":0.75},{"time":1.2333,"x":0.379,"y":0.379,"curve":0.25,"c3":0.75},{"time":1.5,"x":0.481,"y":0.481,"curve":0.25,"c3":0.75},{"time":1.7333,"x":0.379,"y":0.379,"curve":0.25,"c3":0.75},{"time":2.0333,"x":0.481,"y":0.481,"curve":0.307,"c3":0.642,"c4":0.35},{"time":2.0667,"x":0.477,"y":0.477}]},"star8":{"translate":[{"x":53.38,"y":-73.39},{"time":0.3,"x":226.68,"y":2.7}],"scale":[{},{"time":0.3,"x":0.379,"y":0.379}]},"star9":{"translate":[{"x":53.38,"y":-73.39},{"time":0.2667,"x":137.18,"y":-214.3}],"scale":[{},{"time":0.2667,"x":0.379,"y":0.379}]},"500":{"scale":[{"x":0.66,"y":0.66,"curve":0,"c2":0.02,"c3":0.65},{"time":0.1667}]}}},"2":{"slots":{"100":{"attachment":[{"name":"100"}]},"coin2":{"attachment":[{"name":"coin"}]},"light1":{"attachment":[{"name":"light1"}]},"light2":{"attachment":[{"name":"light2"}]},"star5":{"color":[{"color":"ffffffff","curve":0.25,"c3":0.75},{"time":0.2667,"color":"ffffff76","curve":0.25,"c3":0.75},{"time":0.5667,"color":"ffffffff","curve":0.25,"c3":0.75},{"time":0.8333,"color":"ffffff76","curve":0.25,"c3":0.75},{"time":1.1,"color":"ffffffff","curve":0.25,"c3":0.75},{"time":1.3667,"color":"ffffff76","curve":0.25,"c3":0.75},{"time":1.6667,"color":"ffffffff"}],"attachment":[{"name":"xx"}]},"star6":{"color":[{"color":"ffffffff","curve":0.25,"c3":0.75},{"time":0.2667,"color":"ffffff76","curve":0.25,"c3":0.75},{"time":0.5667,"color":"ffffffff","curve":0.25,"c3":0.75},{"time":0.8333,"color":"ffffff76","curve":0.25,"c3":0.75},{"time":1.1,"color":"ffffffff","curve":0.25,"c3":0.75},{"time":1.3667,"color":"ffffff76","curve":0.25,"c3":0.75},{"time":1.6667,"color":"ffffffff"}],"attachment":[{"name":"xx"}]},"star7":{"color":[{"color":"ffffff2f","curve":0.333,"c2":0.33,"c3":0.758},{"time":0.2,"color":"ffffffff"},{"time":0.4333,"color":"ffffff58","curve":0.25,"c3":0.75},{"time":0.7333,"color":"ffffffff","curve":0.25,"c3":0.75},{"time":1.0333,"color":"ffffff58","curve":0.25,"c3":0.75},{"time":1.3333,"color":"ffffffff","curve":0.25,"c3":0.75},{"time":1.6,"color":"ffffff58","curve":0.25,"c3":0.75},{"time":1.6667,"color":"ffffff2f"}],"attachment":[{"name":"xx"}]},"star8":{"color":[{"color":"ffffff2f","curve":0.333,"c2":0.33,"c3":0.758},{"time":0.2,"color":"ffffffff","curve":0.25,"c3":0.75},{"time":0.4333,"color":"ffffff58","curve":0.25,"c3":0.75},{"time":0.7333,"color":"ffffffff","curve":0.25,"c3":0.75},{"time":1.0333,"color":"ffffff58","curve":0.25,"c3":0.75},{"time":1.3333,"color":"ffffffff","curve":0.25,"c3":0.75},{"time":1.6,"color":"ffffff58","curve":0.25,"c3":0.75},{"time":1.6667,"color":"ffffff2f"}],"attachment":[{"name":"xx"}]},"star9":{"color":[{"color":"ffffff08","curve":0.286,"c2":0.15,"c3":0.755},{"time":0.3333,"color":"ffffffff","curve":0.25,"c3":0.75},{"time":0.5667,"color":"ffffff4a","curve":0.25,"c3":0.75},{"time":0.8333,"color":"ffffffff","curve":0.25,"c3":0.75},{"time":1.1,"color":"ffffff4a","curve":0.25,"c3":0.75},{"time":1.3333,"color":"ffffffff","curve":0.25,"c3":0.75},{"time":1.6333,"color":"ffffff4a","curve":0.25,"c3":0.75},{"time":1.6667,"color":"ffffff08"}],"attachment":[{"name":"xx"}]},"star10":{"color":[{"color":"ffffff08","curve":0.286,"c2":0.15,"c3":0.755},{"time":0.3333,"color":"ffffffff"},{"time":0.5667,"color":"ffffff4a","curve":0.25,"c3":0.75},{"time":0.8333,"color":"ffffffff","curve":0.25,"c3":0.75},{"time":1.1,"color":"ffffff4a","curve":0.25,"c3":0.75},{"time":1.3333,"color":"ffffffff","curve":0.25,"c3":0.75},{"time":1.6333,"color":"ffffff4a","curve":0.25,"c3":0.75},{"time":1.6667,"color":"ffffff08"}],"attachment":[{"name":"xx"}]},"star11":{"color":[{"color":"ffffff7f"},{"time":0.1333,"color":"ffffffff"},{"time":0.3667,"color":"ffffff00"},{"time":0.7,"color":"ffffffff"},{"time":1,"color":"ffffff00"},{"time":1.2333,"color":"ffffffff"},{"time":1.5333,"color":"ffffff00"},{"time":1.6667,"color":"ffffff7f"}],"attachment":[{"name":"xx"}]},"star12":{"color":[{"color":"ffffff7f"},{"time":0.1333,"color":"ffffffff"},{"time":0.3667,"color":"ffffff00"},{"time":0.7,"color":"ffffffff"},{"time":1,"color":"ffffff00"},{"time":1.2333,"color":"ffffffff"},{"time":1.5333,"color":"ffffff00"},{"time":1.6667,"color":"ffffff7f"}],"attachment":[{"name":"xx"}]},"star13":{"color":[{"color":"ffffff7f"},{"time":0.1,"color":"ffffffff"},{"time":0.3333,"color":"ffffff00"},{"time":0.6,"color":"ffffffff"},{"time":0.8667,"color":"ffffff00"},{"time":1.1,"color":"ffffffff"},{"time":1.3667,"color":"ffffff00"},{"time":1.6667,"color":"ffffff7f"}],"attachment":[{"name":"xx"}]},"star14":{"color":[{"color":"ffffff7f"},{"time":0.1,"color":"ffffffff"},{"time":0.3333,"color":"ffffff00"},{"time":0.6,"color":"ffffffff"},{"time":0.8667,"color":"ffffff00"},{"time":1.1,"color":"ffffffff"},{"time":1.3667,"color":"ffffff00"},{"time":1.6667,"color":"ffffff7f"}],"attachment":[{"name":"xx"}]}},"bones":{"light1":{"rotate":[{"angle":-22.8},{"time":1.6667,"angle":-67.75}]},"star5":{"translate":[{"x":23.95,"y":-216.4}],"scale":[{"x":0.866,"y":0.866,"curve":0.25,"c3":0.75},{"time":0.2667,"x":0.784,"y":0.784,"curve":0.25,"c3":0.75},{"time":0.5667,"x":0.866,"y":0.866,"curve":0.25,"c3":0.75},{"time":0.8333,"x":0.784,"y":0.784,"curve":0.25,"c3":0.75},{"time":1.1,"x":0.866,"y":0.866,"curve":0.25,"c3":0.75},{"time":1.3667,"x":0.784,"y":0.784,"curve":0.25,"c3":0.75},{"time":1.6667,"x":0.866,"y":0.866}]},"star6":{"translate":[{"x":315.18,"y":-35.79}],"scale":[{"x":0.701,"y":0.701,"curve":0.333,"c2":0.33,"c3":0.758},{"time":0.2,"x":0.566,"y":0.566},{"time":0.4333,"x":0.731,"y":0.731,"curve":0.25,"c3":0.75},{"time":0.7333,"x":0.566,"y":0.566,"curve":0.25,"c3":0.75},{"time":1.0333,"x":0.731,"y":0.731,"curve":0.25,"c3":0.75},{"time":1.3333,"x":0.566,"y":0.566,"curve":0.25,"c3":0.75},{"time":1.6,"x":0.731,"y":0.731,"curve":0.276,"c3":0.621,"c4":0.4},{"time":1.6667,"x":0.701,"y":0.701}]},"star7":{"translate":[{"x":43.54,"y":-122.61}],"scale":[{"x":0.477,"y":0.477,"curve":0.286,"c2":0.15,"c3":0.755},{"time":0.3333,"x":0.379,"y":0.379},{"time":0.5667,"x":0.481,"y":0.481,"curve":0.25,"c3":0.75},{"time":0.8333,"x":0.379,"y":0.379,"curve":0.25,"c3":0.75},{"time":1.1,"x":0.481,"y":0.481,"curve":0.25,"c3":0.75},{"time":1.3333,"x":0.379,"y":0.379,"curve":0.25,"c3":0.75},{"time":1.6333,"x":0.481,"y":0.481,"curve":0.307,"c3":0.642,"c4":0.35},{"time":1.6667,"x":0.477,"y":0.477}]},"star8":{"translate":[{"x":226.68,"y":2.7}],"scale":[{"x":0.379,"y":0.379}]},"star9":{"translate":[{"x":137.18,"y":-214.3}],"scale":[{"x":0.379,"y":0.379}]}}}}}