{"skeleton":{"hash":"nw1hthB7k8l4PyqDTtxmv3DGUJg","spine":"3.8.95","images":"./images/","audio":"E:/Art/UI/1_1_1home/images"},"bones":[{"name":"root"},{"name":"1111","parent":"root"},{"name":"daily","parent":"1111"},{"name":"gallery","parent":"1111"},{"name":"gallery1","parent":"gallery","x":0.48,"y":55.3},{"name":"gallery3","parent":"gallery1","length":10.36,"rotation":-90.87,"x":-4.06,"y":6.87},{"name":"Gallery","parent":"gallery","x":-0.58,"y":22.09},{"name":"daily1","parent":"daily","x":-0.57,"y":52.55},{"name":"kuai1","parent":"daily1","x":-8.81,"y":23.97},{"name":"kuai2","parent":"daily1","x":10.03,"y":23.85},{"name":"kuai4","parent":"daily1","x":10.03,"y":12.93},{"name":"kuai3","parent":"daily1","x":-9.05,"y":13.05},{"name":"Daily","parent":"daily","x":2.04,"y":21.39},{"name":"barbg1","parent":"daily","y":94.86},{"name":"barbg2","parent":"gallery","x":0.61,"y":94.86},{"name":"myworks","parent":"1111"},{"name":"work3","parent":"myworks","x":2.07,"y":62.39},{"name":"My Works1","parent":"myworks","x":2.61,"y":21.89},{"name":"bone2","parent":"myworks"},{"name":"My Works","parent":"bone2","x":1.64,"y":21.89},{"name":"work2","parent":"bone2","length":17.1,"rotation":-47.16,"x":15,"y":68.53},{"name":"work1","parent":"bone2","length":12.49,"rotation":134.34,"x":13.82,"y":69.67},{"name":"Leaderboard","parent":"1111"},{"name":"daily3","parent":"Leaderboard","x":-0.57,"y":52.55},{"name":"kuai5","parent":"daily3","x":12.81,"y":12.21},{"name":"kuai6","parent":"daily3","x":0.8,"y":11.97},{"name":"kuai7","parent":"daily3","x":-11.18,"y":12.21},{"name":"Daily2","parent":"Leaderboard","x":1.27,"y":24.76},{"name":"barbg3","parent":"Leaderboard","y":94.86}],"slots":[{"name":"barbg","bone":"daily"},{"name":"barbg2","bone":"Leaderboard"},{"name":"barbg3","bone":"gallery"},{"name":"Gallery","bone":"Gallery"},{"name":"barbg5","bone":"barbg2"},{"name":"barbg7","bone":"barbg1"},{"name":"barbg8","bone":"barbg3"},{"name":"barbg4","bone":"barbg2"},{"name":"barbg6","bone":"barbg1"},{"name":"barbg9","bone":"barbg3"},{"name":"gallery2","bone":"gallery3"},{"name":"gallery1","bone":"gallery1"},{"name":"Daily","bone":"Daily"},{"name":"Daily3","bone":"Daily2"},{"name":"gallery3","bone":"gallery"},{"name":"daily3","bone":"daily"},{"name":"daily4","bone":"Leaderboard"},{"name":"daily1","bone":"daily1"},{"name":"daily2","bone":"daily3"},{"name":"kuai1","bone":"kuai1"},{"name":"kuai5","bone":"kuai5"},{"name":"kuai2","bone":"kuai2"},{"name":"kuai6","bone":"kuai6"},{"name":"kuai3","bone":"kuai3"},{"name":"kuai4","bone":"kuai4"},{"name":"kuai7","bone":"kuai7"},{"name":"Daily2","bone":"Daily","color":"ffffff00"},{"name":"Daily4","bone":"Daily2"},{"name":"Gallery2","bone":"Gallery"},{"name":"work3","bone":"work3"},{"name":"work1","bone":"work1"},{"name":"work2","bone":"work2"},{"name":"My Works1","bone":"My Works1"},{"name":"My Works","bone":"My Works"},{"name":"barbg_collected11","bone":"root","color":"ffffff63"}],"skins":[{"name":"default","attachments":{"Daily":{"Daily":{"x":-1.79,"y":-0.39,"width":58,"height":24}},"Daily2":{"Daily_h":{"x":-2,"width":58,"height":24}},"Daily3":{"Leaderboard_h":{"x":-1.79,"y":-0.39,"width":153,"height":19}},"Daily4":{"Leaderboard":{"x":-2,"width":153,"height":19}},"Gallery":{"Gallery":{"x":0.55,"y":-1.59,"width":84,"height":23}},"Gallery2":{"Gallery_h":{"y":-1.18,"width":84,"height":23}},"My Works":{"My Works":{"x":2.55,"y":-1.73,"width":117,"height":23}},"My Works1":{"My Works1":{"x":1.06,"y":-1.64,"width":117,"height":23}},"barbg4":{"leader_yuanhu":{"type":"mesh","uvs":[1,1,0,1,0,0,1,0],"triangles":[1,2,3,1,3,0],"vertices":[103,0.85,-103,0.85,-103,63.85,103,63.85],"hull":4,"edges":[0,2,2,4,4,6,0,6],"width":206,"height":63}},"barbg6":{"leader_yuanhu":{"type":"mesh","uvs":[1,1,0,1,0,0,1,0],"triangles":[1,2,3,1,3,0],"vertices":[103,0.85,-103,0.85,-103,63.85,103,63.85],"hull":4,"edges":[0,2,2,4,4,6,0,6],"width":206,"height":63}},"barbg9":{"leader_yuanhu":{"type":"mesh","uvs":[1,1,0,1,0,0,1,0],"triangles":[1,2,3,1,3,0],"vertices":[103,0.85,-103,0.85,-103,63.85,103,63.85],"hull":4,"edges":[0,2,2,4,4,6,0,6],"width":206,"height":63}},"daily1":{"daily1":{"x":0.82,"y":25.95,"width":50,"height":53}},"daily2":{"Leaderboard_t1":{"x":0.82,"y":25.95,"width":50,"height":50}},"daily3":{"daily3":{"x":0.3,"y":63.77,"width":40,"height":42}},"daily4":{"tournament_1":{"x":0.3,"y":63.77,"width":40,"height":40}},"gallery1":{"gallery1":{"x":0.49,"y":22.7,"width":44,"height":50}},"gallery2":{"gallery2":{"x":7.16,"y":0.66,"rotation":90.87,"width":16,"height":16}},"gallery3":{"gallery3":{"x":1.24,"y":60.8,"width":36,"height":44}},"kuai1":{"kuai1":{"x":0.13,"y":-0.02,"width":9,"height":7}},"kuai2":{"kuai2":{"x":0.29,"y":0.1,"width":9,"height":7}},"kuai3":{"kuai3":{"x":0.37,"y":-0.1,"width":9,"height":7}},"kuai4":{"kuai4":{"x":0.29,"y":0.02,"width":9,"height":7}},"kuai5":{"Leaderboard_t2":{"y":11.68,"width":6,"height":24}},"kuai6":{"Leaderboard_t3":{"y":14.19,"width":6,"height":29}},"kuai7":{"Leaderboard_t4":{"y":8.72,"width":6,"height":18}},"work1":{"work1":{"x":14.75,"y":2.35,"rotation":-134.34,"width":44,"height":46}},"work2":{"work2":{"x":-7.04,"y":-2.4,"rotation":47.16,"width":45,"height":41}},"work3":{"work3":{"x":2.44,"y":-0.79,"width":41,"height":40}}}}],"animations":{"Leaderboard1":{"slots":{"Daily2":{"color":[{"color":"ffffffff"}]},"Daily4":{"attachment":[{"name":"Leaderboard"}]},"daily4":{"attachment":[{"name":"tournament_1"}]}}},"Leaderboard2":{"slots":{"Daily3":{"attachment":[{"name":"Leaderboard_h"}]},"Daily4":{"color":[{"color":"ffffff00"}]},"barbg9":{"attachment":[{"name":"leader_yuanhu"}]},"daily2":{"attachment":[{"name":"Leaderboard_t1"}]},"daily3":{"color":[{"color":"ffffff00"}]},"daily4":{"color":[{"color":"ffffff00"}]},"kuai5":{"attachment":[{"name":"Leaderboard_t2"}]},"kuai6":{"attachment":[{"name":"Leaderboard_t3"}]},"kuai7":{"attachment":[{"name":"Leaderboard_t4"}]}},"bones":{"daily1":{"scale":[{"x":1.03,"y":1.03}]},"Daily":{"scale":[{"x":1.176,"y":1.176}]},"daily3":{"scale":[{"x":1.03,"y":1.03}]},"Daily2":{"scale":[{"x":1.176,"y":1.176}]}}},"Leaderboard_in":{"slots":{"Daily":{"color":[{"color":"ffffff00"},{"time":0.2,"color":"ffffffff"}]},"Daily2":{"color":[{"color":"ffffffff"},{"time":0.2,"color":"ffffff00"}]},"Daily3":{"color":[{"color":"ffffff00"},{"time":0.2,"color":"ffffffff"}],"attachment":[{"name":"Leaderboard_h"}]},"Daily4":{"color":[{"color":"ffffffff"},{"time":0.2,"color":"ffffff00"}],"attachment":[{"name":"Leaderboard"}]},"barbg9":{"attachment":[{"name":"leader_yuanhu"}]},"daily1":{"color":[{"color":"ffffff00"},{"time":0.2,"color":"ffffffff"}]},"daily2":{"color":[{"color":"ffffff00"},{"time":0.2,"color":"ffffffff"}],"attachment":[{"name":"Leaderboard_t1"}]},"daily3":{"color":[{"color":"ffffffff"},{"time":0.0667,"color":"ffffff00"}]},"daily4":{"color":[{"color":"ffffffff"},{"time":0.0667,"color":"ffffff00"}],"attachment":[{"name":"tournament_1"}]},"kuai1":{"color":[{"color":"ffffff00","curve":"stepped"},{"time":0.1,"color":"ffffff00"},{"time":0.3,"color":"ffffffff"}]},"kuai2":{"color":[{"color":"ffffff00","curve":"stepped"},{"time":0.1667,"color":"ffffff00"},{"time":0.3667,"color":"ffffffff"}]},"kuai3":{"color":[{"color":"ffffff00","curve":"stepped"},{"time":0.3,"color":"ffffff00"},{"time":0.5,"color":"ffffffff"}]},"kuai4":{"color":[{"color":"ffffff00","curve":"stepped"},{"time":0.2333,"color":"ffffff00"},{"time":0.4333,"color":"ffffffff"}]},"kuai5":{"color":[{"color":"ffffff00","curve":"stepped"},{"time":0.1667,"color":"ffffff00"},{"time":0.3667,"color":"ffffffff"}],"attachment":[{"name":"Leaderboard_t2"}]},"kuai6":{"color":[{"color":"ffffff00","curve":"stepped"},{"time":0.1,"color":"ffffff00"},{"time":0.3,"color":"ffffffff"}],"attachment":[{"name":"Leaderboard_t3"}]},"kuai7":{"color":[{"color":"ffffff00","curve":"stepped"},{"time":0.2333,"color":"ffffff00"},{"time":0.4333,"color":"ffffffff"}],"attachment":[{"name":"Leaderboard_t4"}]}},"bones":{"barbg1":{"scale":[{"y":0,"curve":0,"c3":0.75},{"time":0.2}]},"daily1":{"translate":[{"y":-8.4},{"time":0.2}],"scale":[{"x":0.768,"y":0.768,"curve":0,"c3":0.75},{"time":0.2,"x":1.03,"y":1.03}]},"kuai1":{"scale":[{"x":0.4,"y":0.4,"curve":"stepped"},{"time":0.1,"x":0.4,"y":0.4,"curve":0,"c3":0.75},{"time":0.3,"x":1.1,"y":1.1,"curve":0.25},{"time":0.4667}]},"kuai2":{"scale":[{"x":0.4,"y":0.4,"curve":"stepped"},{"time":0.1667,"x":0.4,"y":0.4,"curve":0,"c3":0.75},{"time":0.3667,"x":1.1,"y":1.1,"curve":0.25},{"time":0.5333}]},"kuai4":{"scale":[{"x":0.4,"y":0.4,"curve":"stepped"},{"time":0.2333,"x":0.4,"y":0.4,"curve":0,"c3":0.75},{"time":0.4333,"x":1.1,"y":1.1,"curve":0.25},{"time":0.6}]},"kuai3":{"scale":[{"x":0.4,"y":0.4,"curve":"stepped"},{"time":0.3,"x":0.4,"y":0.4,"curve":0,"c3":0.75},{"time":0.5,"x":1.1,"y":1.1,"curve":0.25},{"time":0.6667}]},"Daily":{"scale":[{"curve":0.001,"c3":0.75},{"time":0.2333,"x":1.176,"y":1.176}]},"Gallery":{"translate":[{"x":0.38}]},"daily3":{"translate":[{"y":-8.4},{"time":0.2}],"scale":[{"x":0.768,"y":0.768,"curve":0,"c3":0.75},{"time":0.2,"x":1.03,"y":1.03}]},"kuai5":{"scale":[{"x":0.4,"y":0.4,"curve":"stepped"},{"time":0.1667,"x":0.4,"y":0.4,"curve":0,"c3":0.75},{"time":0.3667,"x":1.1,"y":1.1,"curve":0.25},{"time":0.5333}]},"kuai6":{"scale":[{"x":0.4,"y":0.4,"curve":"stepped"},{"time":0.1,"x":0.4,"y":0.4,"curve":0,"c3":0.75},{"time":0.3,"x":1.1,"y":1.1,"curve":0.25},{"time":0.4667}]},"kuai7":{"scale":[{"x":0.4,"y":0.4,"curve":"stepped"},{"time":0.2333,"x":0.4,"y":0.4,"curve":0,"c3":0.75},{"time":0.4333,"x":1.1,"y":1.1,"curve":0.25},{"time":0.6}]},"Daily2":{"scale":[{"curve":0.001,"c3":0.75},{"time":0.2333,"x":1.176,"y":1.176}]},"barbg3":{"scale":[{"y":0,"curve":0,"c3":0.75},{"time":0.2}]}}},"Leaderboard_out":{"slots":{"Daily":{"color":[{"color":"ffffffff"},{"time":0.2333,"color":"ffffff00"}]},"Daily2":{"color":[{"color":"ffffff00"},{"time":0.2333,"color":"ffffffff"}]},"Daily3":{"color":[{"color":"ffffffff"},{"time":0.2333,"color":"ffffff00"}],"attachment":[{"name":"Leaderboard_h"}]},"Daily4":{"color":[{"color":"ffffff00"},{"time":0.2333,"color":"ffffffff"}],"attachment":[{"name":"Leaderboard"}]},"barbg9":{"attachment":[{"name":"leader_yuanhu"}]},"daily1":{"color":[{"color":"ffffffff","curve":0,"c3":0.75},{"time":0.2333,"color":"ffffff00"}]},"daily2":{"color":[{"color":"ffffffff","curve":0,"c3":0.75},{"time":0.2333,"color":"ffffff00"}],"attachment":[{"name":"Leaderboard_t1"}]},"daily3":{"color":[{"color":"ffffff00","curve":"stepped"},{"time":0.1667,"color":"ffffff00"},{"time":0.3667,"color":"ffffffff"}]},"daily4":{"color":[{"color":"ffffff00","curve":"stepped"},{"time":0.1667,"color":"ffffff00"},{"time":0.3667,"color":"ffffffff"}],"attachment":[{"name":"tournament_1"}]},"kuai1":{"color":[{"color":"ffffffff"},{"time":0.2333,"color":"ffffff00"}]},"kuai2":{"color":[{"color":"ffffffff"},{"time":0.2333,"color":"ffffff00"}]},"kuai3":{"color":[{"color":"ffffffff"},{"time":0.2333,"color":"ffffff00"}]},"kuai4":{"color":[{"color":"ffffffff"},{"time":0.2333,"color":"ffffff00"}]},"kuai5":{"color":[{"color":"ffffffff"},{"time":0.2333,"color":"ffffff00"}],"attachment":[{"name":"Leaderboard_t2"}]},"kuai6":{"color":[{"color":"ffffffff"},{"time":0.2333,"color":"ffffff00"}],"attachment":[{"name":"Leaderboard_t3"}]},"kuai7":{"color":[{"color":"ffffffff"},{"time":0.2333,"color":"ffffff00"}],"attachment":[{"name":"Leaderboard_t4"}]}},"bones":{"daily1":{"translate":[{"curve":0,"c3":0.75},{"time":0.2333,"y":-8.96}],"scale":[{"x":1.03,"y":1.03,"curve":0.25,"c3":0.75},{"time":0.2333,"x":0.804,"y":0.804}]},"Daily":{"scale":[{"x":1.176,"y":1.176,"curve":0.25,"c3":0.75},{"time":0.1667}]},"barbg1":{"scale":[{},{"time":0.2,"y":0}]},"daily3":{"translate":[{"curve":0,"c3":0.75},{"time":0.2333,"y":-8.96}],"scale":[{"x":1.03,"y":1.03,"curve":0.25,"c3":0.75},{"time":0.2333,"x":0.804,"y":0.804}]},"Daily2":{"scale":[{"x":1.176,"y":1.176,"curve":0.25,"c3":0.75},{"time":0.1667}]},"barbg3":{"scale":[{},{"time":0.2,"y":0}]}}},"daily1":{"slots":{"Daily2":{"color":[{"color":"ffffffff"}],"attachment":[{"name":"Daily_h"}]},"daily3":{"attachment":[{"name":"daily3"}]}}},"daily2":{"slots":{"Daily":{"attachment":[{"name":"Daily"}]},"Daily4":{"color":[{"color":"ffffff00"}]},"barbg6":{"attachment":[{"name":"leader_yuanhu"}]},"barbg7":{"attachment":[{"name":null}]},"daily1":{"attachment":[{"name":"daily1"}]},"daily3":{"color":[{"color":"ffffff00"}]},"daily4":{"color":[{"color":"ffffff00"}]},"kuai1":{"attachment":[{"name":"kuai1"}]},"kuai2":{"attachment":[{"name":"kuai2"}]},"kuai3":{"attachment":[{"name":"kuai3"}]},"kuai4":{"attachment":[{"name":"kuai4"}]}},"bones":{"daily1":{"scale":[{"x":1.03,"y":1.03}]},"Daily":{"scale":[{"x":1.176,"y":1.176}]},"daily3":{"scale":[{"x":1.03,"y":1.03}]},"Daily2":{"scale":[{"x":1.176,"y":1.176}]}}},"daily_in":{"slots":{"Daily":{"color":[{"color":"ffffff00"},{"time":0.2,"color":"ffffffff"}],"attachment":[{"name":"Daily"}]},"Daily2":{"color":[{"color":"ffffffff"},{"time":0.2,"color":"ffffff00"}],"attachment":[{"name":"Daily_h"}]},"Daily3":{"color":[{"color":"ffffff00"},{"time":0.2,"color":"ffffffff"}]},"Daily4":{"color":[{"color":"ffffffff"},{"time":0.2,"color":"ffffff00"}]},"barbg6":{"attachment":[{"name":"leader_yuanhu"}]},"daily1":{"color":[{"color":"ffffff00"},{"time":0.2,"color":"ffffffff"}],"attachment":[{"name":"daily1"}]},"daily2":{"color":[{"color":"ffffff00"},{"time":0.2,"color":"ffffffff"}]},"daily3":{"color":[{"color":"ffffffff"},{"time":0.0667,"color":"ffffff00"}],"attachment":[{"name":"daily3"}]},"daily4":{"color":[{"color":"ffffffff"},{"time":0.0667,"color":"ffffff00"}]},"kuai1":{"color":[{"color":"ffffff00","curve":"stepped"},{"time":0.1,"color":"ffffff00"},{"time":0.3,"color":"ffffffff"}],"attachment":[{"name":"kuai1"}]},"kuai2":{"color":[{"color":"ffffff00","curve":"stepped"},{"time":0.1667,"color":"ffffff00"},{"time":0.3667,"color":"ffffffff"}],"attachment":[{"name":"kuai2"}]},"kuai3":{"color":[{"color":"ffffff00","curve":"stepped"},{"time":0.3,"color":"ffffff00"},{"time":0.5,"color":"ffffffff"}],"attachment":[{"name":"kuai3"}]},"kuai4":{"color":[{"color":"ffffff00","curve":"stepped"},{"time":0.2333,"color":"ffffff00"},{"time":0.4333,"color":"ffffffff"}],"attachment":[{"name":"kuai4"}]},"kuai5":{"color":[{"color":"ffffff00","curve":"stepped"},{"time":0.1,"color":"ffffff00"},{"time":0.3,"color":"ffffffff"}]},"kuai6":{"color":[{"color":"ffffff00","curve":"stepped"},{"time":0.1667,"color":"ffffff00"},{"time":0.3667,"color":"ffffffff"}]},"kuai7":{"color":[{"color":"ffffff00","curve":"stepped"},{"time":0.2333,"color":"ffffff00"},{"time":0.4333,"color":"ffffffff"}]}},"bones":{"barbg1":{"scale":[{"y":0,"curve":0,"c3":0.75},{"time":0.2}]},"daily1":{"translate":[{"y":-8.4},{"time":0.2}],"scale":[{"x":0.768,"y":0.768,"curve":0,"c3":0.75},{"time":0.2,"x":1.03,"y":1.03}]},"kuai1":{"scale":[{"x":0.4,"y":0.4,"curve":"stepped"},{"time":0.1,"x":0.4,"y":0.4,"curve":0,"c3":0.75},{"time":0.3,"x":1.1,"y":1.1,"curve":0.25},{"time":0.4667}]},"kuai2":{"scale":[{"x":0.4,"y":0.4,"curve":"stepped"},{"time":0.1667,"x":0.4,"y":0.4,"curve":0,"c3":0.75},{"time":0.3667,"x":1.1,"y":1.1,"curve":0.25},{"time":0.5333}]},"kuai4":{"scale":[{"x":0.4,"y":0.4,"curve":"stepped"},{"time":0.2333,"x":0.4,"y":0.4,"curve":0,"c3":0.75},{"time":0.4333,"x":1.1,"y":1.1,"curve":0.25},{"time":0.6}]},"kuai3":{"scale":[{"x":0.4,"y":0.4,"curve":"stepped"},{"time":0.3,"x":0.4,"y":0.4,"curve":0,"c3":0.75},{"time":0.5,"x":1.1,"y":1.1,"curve":0.25},{"time":0.6667}]},"Daily":{"scale":[{"curve":0.001,"c3":0.75},{"time":0.2333,"x":1.176,"y":1.176}]},"Gallery":{"translate":[{"x":0.38}]},"daily3":{"translate":[{"y":-8.4},{"time":0.2}],"scale":[{"x":0.768,"y":0.768,"curve":0,"c3":0.75},{"time":0.2,"x":1.03,"y":1.03}]},"kuai5":{"scale":[{"x":0.4,"y":0.4,"curve":"stepped"},{"time":0.1,"x":0.4,"y":0.4,"curve":0,"c3":0.75},{"time":0.3,"x":1.1,"y":1.1,"curve":0.25},{"time":0.4667}]},"kuai6":{"scale":[{"x":0.4,"y":0.4,"curve":"stepped"},{"time":0.1667,"x":0.4,"y":0.4,"curve":0,"c3":0.75},{"time":0.3667,"x":1.1,"y":1.1,"curve":0.25},{"time":0.5333}]},"kuai7":{"scale":[{"x":0.4,"y":0.4,"curve":"stepped"},{"time":0.2333,"x":0.4,"y":0.4,"curve":0,"c3":0.75},{"time":0.4333,"x":1.1,"y":1.1,"curve":0.25},{"time":0.6}]},"Daily2":{"scale":[{"curve":0.001,"c3":0.75},{"time":0.2333,"x":1.176,"y":1.176}]},"barbg3":{"scale":[{"y":0,"curve":0,"c3":0.75},{"time":0.2}]}}},"daily_out":{"slots":{"Daily":{"color":[{"color":"ffffffff"},{"time":0.2333,"color":"ffffff00"}],"attachment":[{"name":"Daily"}]},"Daily2":{"color":[{"color":"ffffff00"},{"time":0.2333,"color":"ffffffff"}],"attachment":[{"name":"Daily_h"}]},"Daily3":{"color":[{"color":"ffffffff"},{"time":0.2333,"color":"ffffff00"}]},"Daily4":{"color":[{"color":"ffffff00"},{"time":0.2333,"color":"ffffffff"}]},"barbg6":{"attachment":[{"name":"leader_yuanhu"}]},"barbg7":{"attachment":[{"name":null}]},"daily1":{"color":[{"color":"ffffffff","curve":0,"c3":0.75},{"time":0.2333,"color":"ffffff00"}],"attachment":[{"name":"daily1"}]},"daily2":{"color":[{"color":"ffffffff","curve":0,"c3":0.75},{"time":0.2333,"color":"ffffff00"}]},"daily3":{"color":[{"color":"ffffff00","curve":"stepped"},{"time":0.1667,"color":"ffffff00"},{"time":0.3667,"color":"ffffffff"}],"attachment":[{"name":"daily3"}]},"daily4":{"color":[{"color":"ffffff00","curve":"stepped"},{"time":0.1667,"color":"ffffff00"},{"time":0.3667,"color":"ffffffff"}]},"kuai1":{"color":[{"color":"ffffffff"},{"time":0.2333,"color":"ffffff00"}],"attachment":[{"name":"kuai1"}]},"kuai2":{"color":[{"color":"ffffffff"},{"time":0.2333,"color":"ffffff00"}],"attachment":[{"name":"kuai2"}]},"kuai3":{"color":[{"color":"ffffffff"},{"time":0.2333,"color":"ffffff00"}],"attachment":[{"name":"kuai3"}]},"kuai4":{"color":[{"color":"ffffffff"},{"time":0.2333,"color":"ffffff00"}],"attachment":[{"name":"kuai4"}]},"kuai5":{"color":[{"color":"ffffffff"},{"time":0.2333,"color":"ffffff00"}]},"kuai6":{"color":[{"color":"ffffffff"},{"time":0.2333,"color":"ffffff00"}]},"kuai7":{"color":[{"color":"ffffffff"},{"time":0.2333,"color":"ffffff00"}]}},"bones":{"daily1":{"translate":[{"curve":0,"c3":0.75},{"time":0.2333,"y":-8.96}],"scale":[{"x":1.03,"y":1.03,"curve":0.25,"c3":0.75},{"time":0.2333,"x":0.804,"y":0.804}]},"Daily":{"scale":[{"x":1.176,"y":1.176,"curve":0.25,"c3":0.75},{"time":0.1667}]},"barbg1":{"scale":[{},{"time":0.2,"y":0}]},"daily3":{"translate":[{"curve":0,"c3":0.75},{"time":0.2333,"y":-8.96}],"scale":[{"x":1.03,"y":1.03,"curve":0.25,"c3":0.75},{"time":0.2333,"x":0.804,"y":0.804}]},"Daily2":{"scale":[{"x":1.176,"y":1.176,"curve":0.25,"c3":0.75},{"time":0.1667}]},"barbg3":{"scale":[{},{"time":0.2,"y":0}]}}},"gallery1":{"slots":{"Daily2":{"color":[{"color":"ffffffff"}]},"Gallery":{"color":[{"color":"ffffff00"}],"attachment":[{"name":"Gallery"}]},"Gallery2":{"attachment":[{"name":"Gallery_h"}]},"gallery1":{"color":[{"color":"ffffff00"}],"attachment":[{"name":"gallery1"}]},"gallery2":{"color":[{"color":"ffffff00"}],"attachment":[{"name":"gallery2"}]},"gallery3":{"attachment":[{"name":"gallery3"}]},"kuai1":{"color":[{"color":"ffffff00"}]},"kuai2":{"color":[{"color":"ffffff00"}]},"kuai3":{"color":[{"color":"ffffff00"}]},"kuai4":{"color":[{"color":"ffffff00"}]},"kuai5":{"color":[{"color":"ffffff00"}]},"kuai6":{"color":[{"color":"ffffff00"}]},"kuai7":{"color":[{"color":"ffffff00"}]}},"bones":{"barbg2":{"scale":[{"y":-0.01}]},"gallery1":{"translate":[{"y":-8.4}],"scale":[{"x":0.768,"y":0.768}]},"gallery3":{"translate":[{"x":16.69,"y":-0.25}]}}},"gallery2":{"slots":{"Daily2":{"color":[{"color":"ffffffff"}]},"Gallery":{"attachment":[{"name":"Gallery"}]},"Gallery2":{"color":[{"color":"ffffff00"}],"attachment":[{"name":"Gallery_h"}]},"barbg4":{"attachment":[{"name":"leader_yuanhu"}]},"gallery1":{"attachment":[{"name":"gallery1"}]},"gallery2":{"attachment":[{"name":"gallery2"}]},"gallery3":{"color":[{"color":"ffffff00"}]}},"bones":{"gallery1":{"scale":[{"x":1.03,"y":1.03}]},"Gallery":{"scale":[{"x":1.176,"y":1.176}]}}},"gallery_in":{"slots":{"Daily2":{"color":[{"color":"ffffffff"}]},"Gallery":{"color":[{"color":"ffffff00"},{"time":0.2333,"color":"ffffffff"}],"attachment":[{"name":"Gallery"}]},"Gallery2":{"color":[{"color":"ffffffff"},{"time":0.2333,"color":"ffffff00"}],"attachment":[{"name":"Gallery_h"}]},"barbg4":{"attachment":[{"name":"leader_yuanhu"}]},"barbg5":{"attachment":[{"name":null}]},"gallery1":{"color":[{"color":"ffffff00"},{"time":0.2,"color":"ffffffff"}],"attachment":[{"name":"gallery1"}]},"gallery2":{"color":[{"color":"ffffff00","curve":"stepped"},{"time":0.0667,"color":"ffffff00"},{"time":0.3333,"color":"ffffffff"}],"attachment":[{"name":"gallery2"}]},"gallery3":{"color":[{"color":"ffffffff"},{"time":0.1333,"color":"ffffff00"}],"attachment":[{"name":"gallery3"}]},"kuai1":{"color":[{"color":"ffffff00"}]},"kuai2":{"color":[{"color":"ffffff00"}]},"kuai3":{"color":[{"color":"ffffff00"}]},"kuai4":{"color":[{"color":"ffffff00"}]},"kuai5":{"color":[{"color":"ffffff00"}]},"kuai6":{"color":[{"color":"ffffff00"}]},"kuai7":{"color":[{"color":"ffffff00"}]}},"bones":{"barbg2":{"scale":[{"y":0,"curve":0,"c3":0.75},{"time":0.2}]},"gallery1":{"translate":[{"y":-8.4,"curve":0,"c3":0.75},{"time":0.2}],"scale":[{"x":0.768,"y":0.768,"curve":0,"c3":0.75},{"time":0.2,"x":1.03,"y":1.03}]},"gallery3":{"translate":[{"x":16.69,"y":-0.25,"curve":"stepped"},{"time":0.0667,"x":16.69,"y":-0.25,"curve":0,"c2":0.02,"c3":0.75},{"time":0.3333,"x":-1.9,"y":0.03,"curve":0.25,"c3":0.75},{"time":0.5}]},"Gallery":{"scale":[{"curve":0.001,"c3":0.75},{"time":0.2333,"x":1.176,"y":1.176}]}}},"gallery_out":{"slots":{"Daily2":{"color":[{"color":"ffffffff"}]},"Gallery":{"color":[{"color":"ffffffff"},{"time":0.2,"color":"ffffff00"}],"attachment":[{"name":"Gallery"}]},"Gallery2":{"color":[{"color":"ffffff00"},{"time":0.2,"color":"ffffffff"}],"attachment":[{"name":"Gallery_h"}]},"barbg4":{"attachment":[{"name":"leader_yuanhu"}]},"barbg5":{"attachment":[{"name":null}]},"gallery1":{"color":[{"color":"ffffffff"},{"time":0.2,"color":"ffffff00"}],"attachment":[{"name":"gallery1"}]},"gallery2":{"color":[{"color":"ffffffff"},{"time":0.2333,"color":"ffffff00"}],"attachment":[{"name":"gallery2"}]},"gallery3":{"color":[{"color":"ffffff00","curve":"stepped"},{"time":0.1667,"color":"ffffff00"},{"time":0.3333,"color":"ffffffff"}],"attachment":[{"name":"gallery3"}]}},"bones":{"gallery1":{"translate":[{"curve":0,"c3":0.75},{"time":0.2,"y":-8.96}],"scale":[{"x":1.03,"y":1.03,"curve":0.25,"c3":0.75},{"time":0.2,"x":0.804,"y":0.804}]},"Gallery":{"scale":[{"x":1.176,"y":1.176,"curve":0.25,"c3":0.75},{"time":0.1667}]},"barbg2":{"scale":[{"curve":0,"c3":0.75},{"time":0.2,"y":0}]}}},"myworks1":{"slots":{"My Works1":{"attachment":[{"name":"My Works1"}]},"work3":{"attachment":[{"name":"work3"}]}}},"myworks2":{"slots":{"My Works":{"attachment":[{"name":"My Works"}]},"barbg6":{"attachment":[{"name":"leader_yuanhu"}]},"barbg9":{"attachment":[{"name":"leader_yuanhu"}]},"work1":{"attachment":[{"name":"work1"}]},"work2":{"attachment":[{"name":"work2"}]}},"bones":{"My Works":{"scale":[{"x":1.1,"y":1.1}]}}},"myworks_in":{"slots":{"My Works":{"color":[{"color":"ffffff00","curve":0.25,"c3":0.75},{"time":0.2,"color":"ffffffff"}],"attachment":[{"name":"My Works"}]},"My Works1":{"color":[{"color":"ffffffff","curve":0.25,"c3":0.75},{"time":0.1333,"color":"ffffff00"}],"attachment":[{"name":"My Works1"}]},"barbg6":{"attachment":[{"name":"leader_yuanhu"}]},"barbg9":{"attachment":[{"name":"leader_yuanhu"}]},"work1":{"color":[{"color":"ffffff00","curve":0,"c2":0.01,"c3":0.75},{"time":0.2,"color":"ffffffff"}],"attachment":[{"name":"work1"}]},"work2":{"color":[{"color":"ffffff00","curve":0,"c3":0.75},{"time":0.2,"color":"ffffffff"}],"attachment":[{"name":"work2"}]},"work3":{"color":[{"color":"ffffffff","curve":0.25,"c3":0.75},{"time":0.1333,"color":"ffffff00"}],"attachment":[{"name":"work3"}]}},"bones":{"work3":{"translate":[{},{"time":0.2333,"x":0.72,"y":12.17}],"scale":[{},{"time":0.2333,"x":1.222,"y":1.222}]},"My Works":{"scale":[{"curve":0.25,"c3":0.75},{"time":0.2,"x":1.1,"y":1.1}]},"work1":{"translate":[{"x":0.71,"y":-16.83,"curve":0,"c2":0.01,"c3":0.75},{"time":0.2,"x":-1.19,"y":1.03,"curve":0.25,"c3":0.75},{"time":0.5}],"scale":[{"x":0.803,"y":0.803,"curve":0,"c2":0.01,"c3":0.75},{"time":0.2,"x":1.05,"y":1.05,"curve":0.25,"c3":0.75},{"time":0.5}]},"work2":{"translate":[{"x":-4.92,"y":-10.91,"curve":0.25,"c3":0.75},{"time":0.2,"x":1.5,"y":-3.46,"curve":0.25,"c3":0.75},{"time":0.5}],"scale":[{"x":0.803,"y":0.803,"curve":0,"c3":0.75},{"time":0.2,"x":1.07,"y":1.07,"curve":0.25,"c3":0.75},{"time":0.5}]},"barbg1":{"scale":[{"y":0,"curve":0,"c3":0.75},{"time":0.2}]},"barbg2":{"scale":[{"y":0,"curve":0,"c3":0.75},{"time":0.2667}]},"barbg3":{"scale":[{"y":0,"curve":0,"c3":0.75},{"time":0.2}]}}},"myworks_out":{"slots":{"My Works":{"color":[{"color":"ffffffff","curve":0.25,"c3":0.75},{"time":0.2333,"color":"ffffff00"}],"attachment":[{"name":"My Works"}]},"My Works1":{"color":[{"color":"ffffff00","curve":0.25,"c3":0.75},{"time":0.2,"color":"ffffffff"}],"attachment":[{"name":"My Works1"}]},"barbg6":{"attachment":[{"name":"leader_yuanhu"}]},"barbg7":{"attachment":[{"name":null}]},"barbg8":{"attachment":[{"name":null}]},"barbg9":{"attachment":[{"name":"leader_yuanhu"}]},"work1":{"color":[{"color":"ffffffff","curve":0.25,"c3":0.75},{"time":0.2667,"color":"ffffff00"}],"attachment":[{"name":"work1"}]},"work2":{"color":[{"color":"ffffffff","curve":0.25,"c3":0.75},{"time":0.2667,"color":"ffffff00"}],"attachment":[{"name":"work2"}]},"work3":{"color":[{"color":"ffffff00"},{"time":0.2333,"color":"ffffffff"}],"attachment":[{"name":"work3"}]}},"bones":{"work3":{"translate":[{"x":0.65,"y":14.26},{"time":0.2333}],"scale":[{"x":1.261,"y":1.261},{"time":0.2333}]},"My Works":{"scale":[{"x":1.1,"y":1.1,"curve":0.25,"c3":0.75},{"time":0.2333}]},"work2":{"translate":[{"curve":0.25,"c3":0.75},{"time":0.2667,"x":-2.65,"y":-13.35}],"scale":[{"curve":0.25,"c3":0.75},{"time":0.2667,"x":0.803,"y":0.803}]},"work1":{"translate":[{"curve":0.25,"c3":0.75},{"time":0.2667,"x":-1.8,"y":-14.26}],"scale":[{"curve":0.25,"c3":0.75},{"time":0.2667,"x":0.803,"y":0.803}]},"barbg1":{"scale":[{"curve":0,"c3":0.75},{"time":0.2333,"y":0}]},"barbg2":{"scale":[{"y":0,"curve":0,"c3":0.75},{"time":0.2667}]},"barbg3":{"scale":[{"curve":0,"c3":0.75},{"time":0.2333,"y":0}]}}}}}