{"skeleton":{"hash":"IX58bnN3THGiVGpl2KGex5a/MCQ","spine":"3.8.95","x":-51.44,"y":-53.8,"width":102,"height":102,"images":"./images/","audio":"E:/Art/UI/1_3_setting/images"},"bones":[{"name":"root"},{"name":"bg_1","parent":"root"},{"name":"iconbg3","parent":"bg_1"},{"name":"bg_2","parent":"iconbg3","length":100,"rotation":-44.94,"x":-46.87,"y":44.39}],"slots":[{"name":"iconbg3","bone":"iconbg3","attachment":"iconbg3"},{"name":"iconbg3line","bone":"bg_2","attachment":"iconbg3line"}],"skins":[{"name":"default","attachments":{"iconbg3":{"iconbg3":{"x":-0.44,"y":-2.8,"width":102,"height":102}},"iconbg3line":{"iconbg3line":{"x":66.2,"y":-0.6,"rotation":44.94,"width":98,"height":98}}}}],"animations":{"dakai":{"slots":{"iconbg3":{"color":[{"time":0.1333,"color":"ffffffff"},{"time":0.2667,"color":"ffffff00"}]},"iconbg3line":{"color":[{"time":0.1,"color":"ffffffff"},{"time":0.2333,"color":"ffffff00"}]}},"bones":{"bg_2":{"scale":[{"curve":0,"c3":0.75},{"time":0.2333,"x":0}]}}},"dakai2":{"slots":{"iconbg3":{"attachment":[{"name":null}]},"iconbg3line":{"attachment":[{"name":null}]}}},"guanbi":{"slots":{"iconbg3":{"color":[{"color":"ffffff00"},{"time":0.2,"color":"ffffffff"}]},"iconbg3line":{"color":[{"color":"ffffff00","curve":"stepped"},{"time":0.1,"color":"ffffff00"},{"time":0.2,"color":"ffffffff"}]}},"bones":{"bg_2":{"scale":[{"x":0,"curve":"stepped"},{"time":0.1,"x":0},{"time":0.2667}]}}},"guanbi2":{}}}