{"skeleton":{"hash":"COoehzGnAyfETdfoKRuAuBNyAIE","spine":"3.8.95","images":"./images/","audio":"E:/Art/UI/点开/images"},"bones":[{"name":"root"},{"name":"bone","parent":"root"},{"name":"light_kuang","parent":"bone","x":-3.79,"y":102.64}],"slots":[{"name":"light_kuang","bone":"light_kuang"}],"skins":[{"name":"default","attachments":{"light_kuang":{"light_kuang":{"width":720,"height":954}}}}],"animations":{"light_kuang":{"slots":{"light_kuang":{"color":[{"time":0.2333,"color":"ffffffff"},{"time":0.5333,"color":"ffffff00"}],"attachment":[{"time":0.0333,"name":"light_kuang"},{"time":0.5333,"name":null}]}},"bones":{"light_kuang":{"scale":[{"x":0.838,"y":0.838,"curve":0,"c2":0.01,"c3":0.455},{"time":0.5333,"x":1.528,"y":1.528}]}}},"light_kuang2":{"slots":{"light_kuang":{"attachment":[{"name":"light_kuang"}]}}}}}