{"skeleton":{"hash":"JQdFrhOMELz0GscFgeQCeAisHp8","spine":"3.8.95","images":"./images/","audio":"E:/Art/UI/9.22/每日结算光圈/images"},"bones":[{"name":"root"},{"name":"all","parent":"root"}],"slots":[{"name":"gift","bone":"all"}],"skins":[{"name":"default","attachments":{"gift":{"gift":{"x":1.63,"y":74.23,"width":144,"height":151}}}}],"animations":{"animation":{"slots":{"gift":{"color":[{"color":"ffffff00"},{"time":0.2,"color":"ffffffff"}],"attachment":[{"name":"gift"}]}},"bones":{"all":{"scale":[{"x":1.07,"y":0.448,"curve":0,"c3":0.75},{"time":0.2,"x":0.789,"y":1.11,"curve":0.25,"c3":0.75},{"time":0.3667,"x":1.138,"y":0.91,"curve":0.25,"c3":0.75},{"time":0.5333}]}}}}}