{"skeleton":{"hash":"mEMjjfTEmPf/cdgieb6I6gqq120","spine":"3.8.95","x":-291,"y":-380.5,"width":582,"height":761,"images":"./image/","audio":"F:/1任务/2023/art puzz/背景星光"},"bones":[{"name":"root"},{"name":"xx","parent":"root"},{"name":"xx2","parent":"root"},{"name":"xx3","parent":"root"},{"name":"xx4","parent":"root"},{"name":"xx5","parent":"root"},{"name":"xx6","parent":"root"},{"name":"xx7","parent":"root"},{"name":"xx8","parent":"root"},{"name":"xx9","parent":"root"},{"name":"xx10","parent":"root"},{"name":"xx11","parent":"root"},{"name":"xx12","parent":"root"}],"slots":[{"name":"图层 14","bone":"root"},{"name":"xx","bone":"xx"},{"name":"xx9","bone":"xx5"},{"name":"xx19","bone":"xx10"},{"name":"xx23","bone":"xx12"},{"name":"xx21","bone":"xx11"},{"name":"xx17","bone":"xx9"},{"name":"xx11","bone":"xx6"},{"name":"xx3","bone":"xx2"},{"name":"xx5","bone":"xx3"},{"name":"xx7","bone":"xx4"},{"name":"xx13","bone":"xx7"},{"name":"xx15","bone":"xx8"},{"name":"xx2","bone":"xx","blend":"additive"},{"name":"xx10","bone":"xx5","blend":"additive"},{"name":"xx20","bone":"xx10","blend":"additive"},{"name":"xx24","bone":"xx12","blend":"additive"},{"name":"xx22","bone":"xx11","blend":"additive"},{"name":"xx18","bone":"xx9","blend":"additive"},{"name":"xx12","bone":"xx6","blend":"additive"},{"name":"xx4","bone":"xx2","blend":"additive"},{"name":"xx6","bone":"xx3","color":"ffffff14","blend":"additive"},{"name":"xx8","bone":"xx4","color":"ffffff14","blend":"additive"},{"name":"xx14","bone":"xx7","color":"ffffff14","blend":"additive"},{"name":"xx16","bone":"xx8","color":"ffffff14","blend":"additive"}],"skins":[{"name":"default","attachments":{"xx":{"xx":{"width":100,"height":100}},"xx2":{"xx":{"width":100,"height":100}},"xx3":{"xx":{"width":100,"height":100}},"xx4":{"xx":{"width":100,"height":100}},"xx5":{"xx":{"width":100,"height":100}},"xx6":{"xx":{"width":100,"height":100}},"xx7":{"xx":{"width":100,"height":100}},"xx8":{"xx":{"width":100,"height":100}},"xx9":{"xx":{"width":100,"height":100}},"xx10":{"xx":{"width":100,"height":100}},"xx11":{"xx":{"width":100,"height":100}},"xx12":{"xx":{"width":100,"height":100}},"xx13":{"xx":{"width":100,"height":100}},"xx14":{"xx":{"width":100,"height":100}},"xx15":{"xx":{"width":100,"height":100}},"xx16":{"xx":{"width":100,"height":100}},"xx17":{"xx":{"width":100,"height":100}},"xx18":{"xx":{"width":100,"height":100}},"xx19":{"xx":{"width":100,"height":100}},"xx20":{"xx":{"width":100,"height":100}},"xx21":{"xx":{"width":100,"height":100}},"xx22":{"xx":{"width":100,"height":100}},"xx23":{"xx":{"width":100,"height":100}},"xx24":{"xx":{"width":100,"height":100}}}}],"animations":{"animation":{"slots":{"xx":{"color":[{"time":0.1667,"color":"ffffffff"},{"time":0.3333,"color":"ffffff00"},{"time":0.5,"color":"ffffffff"}],"attachment":[{"name":"xx"}]},"xx2":{"color":[{"color":"ffffff55","curve":"stepped"},{"time":0.1667,"color":"ffffff55"},{"time":0.3333,"color":"ffffff00"},{"time":0.5,"color":"ffffff55"}],"attachment":[{"name":"xx"}]},"xx3":{"color":[{"color":"ffffff00"},{"time":0.2333,"color":"ffffffff"},{"time":0.6,"color":"ffffff00"}],"attachment":[{"name":"xx"}]},"xx4":{"color":[{"color":"ffffff00"},{"time":0.2333,"color":"ffffffff"},{"time":0.6,"color":"ffffff00"}],"attachment":[{"name":"xx"}]},"xx5":{"color":[{"color":"ffffffa9"}],"attachment":[{"name":"xx"}]},"xx6":{"color":[{"color":"ffffff3b"}],"attachment":[{"name":"xx"}]},"xx7":{"attachment":[{"name":"xx"}]},"xx8":{"color":[{"color":"ffffff54"}],"attachment":[{"name":"xx"}]},"xx9":{"color":[{"time":0.2667,"color":"ffffffff"},{"time":0.4333,"color":"ffffff00","curve":"stepped"},{"time":0.5,"color":"ffffff00"},{"time":0.5333,"color":"ffffff55"},{"time":0.6,"color":"ffffffff"}],"attachment":[{"name":"xx"}]},"xx10":{"color":[{"color":"ffffff55","curve":"stepped"},{"time":0.2667,"color":"ffffff55"},{"time":0.4333,"color":"ffffff00","curve":"stepped"},{"time":0.5,"color":"ffffff00"},{"time":0.5333,"color":"ffffff1c"},{"time":0.6,"color":"ffffff55"}],"attachment":[{"name":"xx"}]},"xx11":{"attachment":[{"name":"xx"}]},"xx12":{"color":[{"color":"ffffff45"}],"attachment":[{"name":"xx"}]},"xx13":{"color":[{"color":"ffffffff"},{"time":0.2,"color":"ffffff00","curve":"stepped"},{"time":0.3,"color":"ffffff00"},{"time":0.6667,"color":"ffffffff"}],"attachment":[{"name":"xx"}]},"xx14":{"color":[{"color":"ffffff14"},{"time":0.2,"color":"ffffff00","curve":"stepped"},{"time":0.3,"color":"ffffff00"},{"time":0.6667,"color":"ffffff14"}],"attachment":[{"name":"xx"}]},"xx15":{"color":[{"time":0.3333,"color":"ffffffff"},{"time":0.4333,"color":"ffffff00","curve":"stepped"},{"time":0.6,"color":"ffffff00"},{"time":0.6667,"color":"ffffffff"}],"attachment":[{"name":"xx"}]},"xx16":{"color":[{"color":"ffffff14","curve":"stepped"},{"time":0.3333,"color":"ffffff14"},{"time":0.4333,"color":"ffffff00","curve":"stepped"},{"time":0.6,"color":"ffffff00"},{"time":0.6667,"color":"ffffff14"}],"attachment":[{"name":"xx"}]},"xx17":{"color":[{"time":0.0667,"color":"ffffffff"},{"time":0.1333,"color":"ffffff00","curve":"stepped"},{"time":0.3,"color":"ffffff00"},{"time":0.3667,"color":"ffffffff","curve":"stepped"},{"time":0.4667,"color":"ffffffff","curve":0.25,"c3":0.75},{"time":0.5333,"color":"ffffff00","curve":0.25,"c3":0.75},{"time":0.6,"color":"ffffffff"}],"attachment":[{"name":"xx"}]},"xx18":{"color":[{"color":"ffffff55","curve":"stepped"},{"time":0.0667,"color":"ffffff55"},{"time":0.1333,"color":"ffffff00","curve":"stepped"},{"time":0.3,"color":"ffffff00"},{"time":0.3667,"color":"ffffff55","curve":"stepped"},{"time":0.4667,"color":"ffffff55","curve":0.25,"c3":0.75},{"time":0.5333,"color":"ffffff00","curve":0.25,"c3":0.75},{"time":0.6,"color":"ffffff55"}],"attachment":[{"name":"xx"}]},"xx19":{"color":[{"color":"ffffff00"},{"time":0.1667,"color":"ffffffff","curve":"stepped"},{"time":0.5,"color":"ffffffff"},{"time":0.6667,"color":"ffffff00"}],"attachment":[{"name":"xx"}]},"xx20":{"color":[{"color":"ffffff00"},{"time":0.1667,"color":"ffffff55","curve":"stepped"},{"time":0.5,"color":"ffffff55"},{"time":0.6667,"color":"ffffff00"}],"attachment":[{"name":"xx"}]},"xx21":{"color":[{"color":"ffffff00"},{"time":0.1667,"color":"ffffffff","curve":"stepped"},{"time":0.5,"color":"ffffffff"},{"time":0.6667,"color":"ffffff00"}],"attachment":[{"name":"xx"}]},"xx22":{"color":[{"color":"ffffff00"},{"time":0.1667,"color":"ffffff55","curve":"stepped"},{"time":0.5,"color":"ffffff55"},{"time":0.6667,"color":"ffffff00"}],"attachment":[{"name":"xx"}]},"xx23":{"color":[{"color":"ffffff00"},{"time":0.1667,"color":"ffffffff","curve":"stepped"},{"time":0.5,"color":"ffffffff"},{"time":0.6667,"color":"ffffff00"}],"attachment":[{"name":"xx"}]},"xx24":{"color":[{"color":"ffffff00"},{"time":0.1667,"color":"ffffff55","curve":"stepped"},{"time":0.5,"color":"ffffff55"},{"time":0.6667,"color":"ffffff00"}],"attachment":[{"name":"xx"}]}},"bones":{"xx":{"translate":[{"x":-142.68,"y":232.86}],"scale":[{"x":1.404,"y":1.404,"curve":0.25,"c3":0.75},{"time":0.3333,"x":0.815,"y":0.815,"curve":0.25,"c3":0.75},{"time":0.6667,"x":1.404,"y":1.404}]},"xx2":{"translate":[{"x":176.09,"y":-279.36},{"time":0.6,"x":170.89,"y":-274.39,"curve":"stepped"},{"time":0.6667,"x":176.09,"y":-279.36}],"scale":[{"x":1.033,"y":1.033},{"time":0.2333,"x":0.695,"y":0.695},{"time":0.6,"x":1.033,"y":1.033}]},"xx3":{"translate":[{"x":-158.54,"y":-127.82}],"scale":[{"x":0.668,"y":0.668},{"time":0.3333,"x":0.206,"y":0.206},{"time":0.6667,"x":0.668,"y":0.668}]},"xx4":{"translate":[{"x":-95.97,"y":-299.25}],"scale":[{"x":0.727,"y":0.727,"curve":0.25,"c3":0.75},{"time":0.3333,"x":0.527,"y":0.292,"curve":0.289,"c2":0.17,"c3":0.755},{"time":0.6667,"x":0.727,"y":0.727}]},"xx5":{"translate":[{"x":-28.14,"y":-33.14},{"time":0.4333,"x":-31.11,"y":-27.19,"curve":"stepped"},{"time":0.5,"x":-26.65,"y":-36.12},{"time":0.5333,"x":-26.95,"y":-35.52},{"time":0.6667,"x":-28.14,"y":-33.14}],"scale":[{"x":1.269,"y":1.269,"curve":0.381,"c2":0.59,"c3":0.729},{"time":0.0667,"x":1.404,"y":1.404,"curve":0.25,"c3":0.75},{"time":0.4333,"x":0.815,"y":0.815,"curve":"stepped"},{"time":0.5,"x":0.815,"y":0.815,"curve":0.295,"c3":0.633,"c4":0.37},{"time":0.5333,"x":0.86,"y":0.86,"curve":0.289,"c2":0.19,"c3":0.673,"c4":0.69},{"time":0.6667,"x":1.269,"y":1.269}]},"xx6":{"translate":[{"x":153.22,"y":105.61}],"scale":[{"x":0.808,"y":0.808,"curve":0.25,"c3":0.75},{"time":0.1667,"x":0.345,"y":0.345,"curve":0.25,"c3":0.75},{"time":0.3333,"x":0.808,"y":0.808,"curve":0.25,"c3":0.75},{"time":0.5,"x":0.345,"y":0.345,"curve":0.25,"c3":0.75},{"time":0.6667,"x":0.808,"y":0.808}]},"xx7":{"translate":[{"x":217.26,"y":308.51},{"time":0.2,"x":219.58,"y":310.83,"curve":"stepped"},{"time":0.3,"x":210.88,"y":302.12},{"time":0.6667,"x":217.26,"y":308.51}],"scale":[{"x":0.667,"y":0.667,"curve":0.375,"c2":0.5,"c3":0.75},{"time":0.2,"x":0.946,"y":0.946,"curve":"stepped"},{"time":0.3,"x":0.946,"y":0.946,"curve":0.25,"c3":0.75},{"time":0.5333,"x":0.388,"y":0.388,"curve":0.25,"c3":0.625,"c4":0.5},{"time":0.6667,"x":0.667,"y":0.667}]},"xx8":{"translate":[{"x":-238.4,"y":329.75},{"time":0.4333,"x":-229.07,"y":320.94,"curve":"stepped"},{"time":0.6,"x":-239.83,"y":331.1},{"time":0.6667,"x":-238.4,"y":329.75}],"scale":[{"x":0.667,"y":0.667,"curve":"stepped"},{"time":0.1,"x":0.667,"y":0.667,"curve":0.25,"c3":0.75},{"time":0.2333,"x":0.455,"y":0.455,"curve":0.25,"c3":0.75},{"time":0.4,"x":0.667,"y":0.667}]},"xx9":{"translate":[{"x":-234.02,"y":-323.9},{"time":0.1333,"x":-234.5,"y":-322.47,"curve":"stepped"},{"time":0.3,"x":-232.72,"y":-327.81},{"time":0.6667,"x":-234.02,"y":-323.9}],"scale":[{"x":0.277,"y":0.277,"curve":0.38,"c2":0.59,"c3":0.727},{"time":0.1333,"x":0.218,"y":0.218},{"time":0.3,"x":0.508,"y":0.508,"curve":0.242,"c3":0.663,"c4":0.65},{"time":0.6667,"x":0.277,"y":0.277}]},"xx10":{"translate":[{"x":86.58,"y":-125.91}],"scale":[{"x":0.206,"y":0.206,"curve":0.25,"c3":0.75},{"time":0.3333,"x":0.531,"y":0.531,"curve":0.25,"c3":0.75},{"time":0.6667,"x":0.206,"y":0.206}]},"xx11":{"translate":[{"x":-209.69,"y":122.37}],"scale":[{"x":0.206,"y":0.206,"curve":0.25,"c3":0.75},{"time":0.3333,"x":0.531,"y":0.531,"curve":0.25,"c3":0.75},{"time":0.6667,"x":0.206,"y":0.206}]},"xx12":{"translate":[{"x":72.87,"y":174.38}],"scale":[{"x":0.206,"y":0.206,"curve":0.25,"c3":0.75},{"time":0.3333,"x":0.531,"y":0.531,"curve":0.25,"c3":0.75},{"time":0.6667,"x":0.206,"y":0.206}]}}}}}