{"skeleton":{"hash":"j8frlO3C1UGvJ8xJvPqf+m0MWhA","spine":"3.8.95","x":-596.31,"y":-1208.24,"width":720,"height":1280,"images":"./images/","audio":"E:/Art/UI/9.22/每日任务/images"},"bones":[{"name":"root"},{"name":"all","parent":"root","x":-0.42,"y":2.05},{"name":"bg2","parent":"all","x":-4.64,"y":37.78},{"name":"bg4","parent":"all","x":4.25,"y":51.83},{"name":"bg3","parent":"bg4","length":5.86,"rotation":-79.88,"x":-1.65,"y":-10.09},{"name":"line","parent":"bg3","x":14.46,"y":1.29},{"name":"bg6","parent":"all","length":5.86,"rotation":-79.85,"x":2.25,"y":42.18},{"name":"line2","parent":"bg6","x":14.46,"y":1.29},{"name":"bg7","parent":"bg2","x":-13.74,"y":-0.01},{"name":"bg1","parent":"bg2","x":-11.03,"y":-4.85}],"slots":[{"name":"bg","bone":"root"},{"name":"bg1","bone":"bg1","attachment":"bg1"},{"name":"bg2","bone":"bg7","attachment":"bg2"},{"name":"bg6","bone":"bg6","attachment":"bg3"},{"name":"line2","bone":"line2","attachment":"line"},{"name":"bg3","bone":"bg3","attachment":"bg3"},{"name":"bg4","bone":"bg4","attachment":"bg4"},{"name":"line","bone":"line"},{"name":"tick","bone":"line","attachment":"tick"},{"name":"tick2","bone":"line2"}],"skins":[{"name":"default","attachments":{"bg1":{"bg1":{"x":16.25,"y":-15.35,"width":36,"height":35}},"bg2":{"bg2":{"x":14.46,"y":-16.19,"width":35,"height":35}},"bg3":{"bg3":{"x":14.14,"y":1.52,"rotation":79.88,"width":40,"height":40}},"bg4":{"bg4":{"x":0.33,"y":-3.75,"width":12,"height":18}},"bg6":{"bg3":{"x":14.14,"y":1.52,"rotation":79.88,"width":40,"height":40}},"line":{"line":{"x":0.84,"y":1.04,"rotation":79.88,"width":24,"height":22}},"line2":{"line":{"x":0.84,"y":1.04,"rotation":79.88,"width":24,"height":22}},"tick":{"tick":{"x":-1.21,"y":0.9,"rotation":79.88,"width":21,"height":18}},"tick2":{"tick":{"x":-1.21,"y":0.9,"rotation":79.88,"width":21,"height":18}}}}],"animations":{"1":{"slots":{"bg6":{"attachment":[{"name":null}]},"line":{"attachment":[{"name":"line"}]},"line2":{"attachment":[{"name":null}]},"tick":{"attachment":[{"name":null}]}}},"2":{"slots":{"bg6":{"attachment":[{"name":null}]},"line2":{"attachment":[{"name":null}]}}},"animation":{"slots":{"bg1":{"color":[{"color":"ffffff00","curve":"stepped"},{"time":0.3667,"color":"ffffff00"},{"time":0.5,"color":"ffffffff"}],"attachment":[{"name":null},{"time":0.3667,"name":"bg1"}]},"bg3":{"color":[{"time":0.2333,"color":"ffffffff"},{"time":0.3667,"color":"ffffff00"}]},"line":{"color":[{"time":0.2333,"color":"ffffffff"},{"time":0.3667,"color":"ffffff00"}]},"tick":{"color":[{"time":0.2333,"color":"ffffffff"},{"time":0.3667,"color":"ffffff00"}]}},"bones":{"bg3":{"translate":[{"time":0.1333},{"time":0.3333,"x":8.12,"y":-45.47}],"scale":[{},{"time":0.1333,"x":0.881,"y":1.196},{"time":0.2667,"x":1.455,"y":0.827}]},"bg6":{"rotate":[{"angle":-10.45,"curve":"stepped"},{"time":0.2333,"angle":-10.45,"curve":0.25,"c3":0.75},{"time":0.3333,"angle":-11.64,"curve":0.25,"c3":0.75},{"time":0.4667,"angle":10.09,"curve":0.25,"c3":0.75},{"time":0.5667}],"translate":[{"x":-7.36,"y":-6.05,"curve":"stepped"},{"time":0.2333,"x":-7.36,"y":-6.05,"curve":0.25,"c3":0.75},{"time":0.4,"x":0.12,"y":-0.69}]},"bg7":{"translate":[{"x":4.22,"y":-4.73,"curve":"stepped"},{"time":0.3,"x":4.22,"y":-4.73,"curve":0,"c3":0.75},{"time":0.5,"x":-1.27,"y":1.52,"curve":0.25},{"time":0.6}]},"bg1":{"translate":[{"x":4.82,"y":-3.86},{"time":0.3667,"x":4.22,"y":-4.73,"curve":0,"c3":0.75},{"time":0.5667,"x":-1.27,"y":1.52,"curve":0.25},{"time":0.6667}]}}}}}