{"skeleton":{"hash":"pdjEraOBZxfwIqzftLMlsBVZdj8","spine":"3.8.95","x":-119.5,"y":-24,"width":239,"height":48,"images":"./images/","audio":""},"bones":[{"name":"root"},{"name":"bone","parent":"root"},{"name":"Playzi","parent":"root"}],"slots":[{"name":"play_bg","bone":"bone","attachment":"play_bg"},{"name":"Playzi","bone":"Playzi","attachment":"Playzi"}],"skins":[{"name":"default","attachments":{"Playzi":{"Playzi":{"x":2.75,"y":-1.99,"width":66,"height":31}},"play_bg":{"play_bg":{"width":239,"height":48}}}}],"animations":{"animation":{"slots":{"Playzi":{"color":[{"color":"ffffff00","curve":"stepped"},{"time":0.0667,"color":"ffffff00"},{"time":0.2,"color":"ffffffff"}]}},"bones":{"bone":{"scale":[{"x":0,"curve":0,"c3":0.75},{"time":0.2667}]},"Playzi":{"scale":[{"x":0.533,"y":0.533,"curve":"stepped"},{"time":0.0667,"x":0.533,"y":0.533,"curve":0,"c2":0.01,"c3":0.75},{"time":0.2,"x":1.1,"y":1.1,"curve":0.25,"c3":0.75},{"time":0.4}]}}}}}