{"skeleton":{"hash":"QWOca5x3eeFI8U/Vim0E15g4ft4","spine":"3.8.95","x":-22.5,"y":-24.5,"width":45,"height":49,"images":"./images/","audio":""},"bones":[{"name":"root"},{"name":"all","parent":"root"}],"slots":[{"name":"regroup","bone":"all","attachment":"regroup"}],"skins":[{"name":"default","attachments":{"regroup":{"regroup":{"width":45,"height":49}}}}],"animations":{"animation":{"bones":{"all":{"rotate":[{"curve":0.25},{"time":0.2333,"angle":-14.11},{"time":0.4,"angle":139.07},{"time":0.5667,"angle":-83.17,"curve":0,"c3":0.75},{"time":0.7,"angle":18.5,"curve":0.25,"c3":0.75},{"time":0.9667}],"scale":[{"curve":0,"c3":0.75},{"time":0.1667,"x":0.8,"y":0.8,"curve":0.25,"c3":0.52},{"time":0.3333,"x":1.2,"y":1.2,"curve":0.494,"c3":0.75},{"time":0.6333,"x":0.95,"y":0.95,"curve":0.15,"c3":0.75},{"time":0.8333}]}}},"idle":{}}}