{"skeleton":{"hash":"r+Gi+2Ii6dY4+KGy+qCSvEvYUJU","spine":"3.8.95","x":-321,"y":-432,"width":642,"height":864,"images":"./images(2)/","audio":"E:/Art/UI/点开/images"},"bones":[{"name":"root"},{"name":"bone4","parent":"root","x":-3.2,"y":-61.29},{"name":"bone","parent":"bone4","x":3.2,"y":61.29},{"name":"bone2","parent":"bone","y":105.5},{"name":"bone3","parent":"bone","y":101},{"name":"sg","parent":"bone2","rotation":-25.56,"x":-398.49,"y":-490.14},{"name":"zxx","parent":"bone2","x":-376.94,"y":-640.06,"color":"ff0000ff"},{"name":"sgxx","parent":"bone4","x":-832.35,"y":-570.69,"scaleX":0.2514,"scaleY":0.2514},{"name":"sgxx2","parent":"zxx","x":-400.04,"y":-327.82,"scaleX":0.1619,"scaleY":0.1619},{"name":"sgxx3","parent":"zxx","x":-377.39,"y":76.05,"scaleX":0.2916,"scaleY":0.2916},{"name":"sgxx4","parent":"bone4","x":-605.77,"y":-654.49,"scaleX":0.2048,"scaleY":0.2048},{"name":"sgxx5","parent":"zxx","x":-81.56,"y":72.89,"scaleX":0.2424,"scaleY":0.2424},{"name":"sgxx6","parent":"bone4","x":-576.24,"y":-830.05,"scaleX":0.1386,"scaleY":0.1386},{"name":"sgxx7","parent":"bone4","x":-555.01,"y":-473.83,"scaleX":0.2048,"scaleY":0.2048},{"name":"sgxx8","parent":"zxx","x":-264.52,"y":278.31,"scaleX":0.2048,"scaleY":0.2048},{"name":"sgxx11","parent":"bone4","x":-480.59,"y":-216.93,"scaleX":0.2048,"scaleY":0.2048},{"name":"sgxx12","parent":"bone4","x":-299.92,"y":-432.84,"scaleX":0.2048,"scaleY":0.2048},{"name":"sgxx14","parent":"zxx","x":179.66,"y":-155.92,"scaleX":0.2048,"scaleY":0.2048},{"name":"sgxx15","parent":"zxx","x":0.27,"y":-302.52,"scaleX":0.2048,"scaleY":0.2048},{"name":"sgxx16","parent":"bone4","x":-389.31,"y":-282.93,"scaleX":0.2048,"scaleY":0.2048},{"name":"sgxx17","parent":"bone4","x":-389.31,"y":-282.93,"scaleX":0.2048,"scaleY":0.2048},{"name":"sgxx18","parent":"bone4","x":-389.31,"y":-282.93,"scaleX":0.2048,"scaleY":0.2048},{"name":"sgxx19","parent":"bone4","x":-389.31,"y":-282.93,"scaleX":0.2048,"scaleY":0.2048},{"name":"sgxx20","parent":"bone4","x":-389.31,"y":-282.93,"scaleX":0.2048,"scaleY":0.2048},{"name":"sgxx21","parent":"bone4","x":-389.31,"y":-282.93,"scaleX":0.2048,"scaleY":0.2048},{"name":"sgxx22","parent":"bone4","x":-389.31,"y":-282.93,"scaleX":0.2048,"scaleY":0.2048},{"name":"sgxx23","parent":"bone4","x":-389.31,"y":-282.93,"scaleX":0.2048,"scaleY":0.2048},{"name":"sgxx25","parent":"zxx","x":0.27,"y":-302.52,"scaleX":0.2048,"scaleY":0.2048},{"name":"sgxx26","parent":"zxx","x":0.27,"y":-302.52,"scaleX":0.2048,"scaleY":0.2048},{"name":"sgxx28","parent":"bone4","x":-389.31,"y":-282.93,"scaleX":0.2048,"scaleY":0.2048},{"name":"sgxx29","parent":"bone4","x":-389.31,"y":-282.93,"scaleX":0.2048,"scaleY":0.2048},{"name":"sgxx30","parent":"bone4","x":-387.69,"y":-281.31,"scaleX":0.2048,"scaleY":0.2048},{"name":"sgxx31","parent":"bone4","x":-389.31,"y":-282.93,"scaleX":0.2048,"scaleY":0.2048},{"name":"sgxx32","parent":"bone4","x":-389.31,"y":-282.93,"scaleX":0.2048,"scaleY":0.2048},{"name":"sgxx33","parent":"bone4","x":-389.31,"y":-282.93,"scaleX":0.2048,"scaleY":0.2048},{"name":"sgxx34","parent":"bone4","x":-389.31,"y":-282.93,"scaleX":0.2048,"scaleY":0.2048},{"name":"sgxx35","parent":"bone4","x":-389.31,"y":-282.93,"scaleX":0.2048,"scaleY":0.2048},{"name":"sgxx36","parent":"bone4","x":-389.31,"y":-282.93,"scaleX":0.2048,"scaleY":0.2048},{"name":"sgxx37","parent":"bone4","x":-389.31,"y":-282.93,"scaleX":0.2048,"scaleY":0.2048},{"name":"gd_00000","parent":"bone4","x":0.94,"y":65.43},{"name":"gd_0","parent":"bone4","x":0.94,"y":65.43},{"name":"sgxx9","parent":"zxx","x":-377.39,"y":76.05,"scaleX":0.2916,"scaleY":0.2916},{"name":"sgxx24","parent":"zxx","x":179.66,"y":-155.92,"scaleX":0.2048,"scaleY":0.2048},{"name":"sgxx10","parent":"zxx","x":-400.04,"y":-327.82,"scaleX":0.1619,"scaleY":0.1619}],"slots":[{"name":"img_shadow","bone":"root"},{"name":"bone2","bone":"bone3","attachment":"111"},{"name":"sg","bone":"sg","blend":"additive"},{"name":"sgxx","bone":"sgxx"},{"name":"sgxx3","bone":"sgxx3","blend":"additive"},{"name":"sgxx9","bone":"sgxx9"},{"name":"sgxx4","bone":"sgxx4"},{"name":"sgxx7","bone":"sgxx7"},{"name":"sgxx8","bone":"sgxx8"},{"name":"sgxx31","bone":"sgxx31"},{"name":"sgxx32","bone":"sgxx32"},{"name":"sgxx33","bone":"sgxx33"},{"name":"sgxx34","bone":"sgxx34"},{"name":"sgxx35","bone":"sgxx35"},{"name":"sgxx36","bone":"sgxx36"},{"name":"sgxx37","bone":"sgxx37"},{"name":"sgxx16","bone":"sgxx16"},{"name":"sgxx17","bone":"sgxx17"},{"name":"sgxx18","bone":"sgxx18","blend":"additive"},{"name":"sgxx19","bone":"sgxx19"},{"name":"sgxx20","bone":"sgxx20"},{"name":"sgxx21","bone":"sgxx21"},{"name":"sgxx22","bone":"sgxx22"},{"name":"sgxx23","bone":"sgxx23"},{"name":"sgxx28","bone":"sgxx28"},{"name":"sgxx29","bone":"sgxx29"},{"name":"sgxx30","bone":"sgxx30"},{"name":"sgxx11","bone":"sgxx11","blend":"additive"},{"name":"sgxx12","bone":"sgxx12"},{"name":"sgxx14","bone":"sgxx14","blend":"additive"},{"name":"sgxx24","bone":"sgxx24","blend":"additive"},{"name":"sgxx15","bone":"sgxx15","blend":"additive"},{"name":"sgxx25","bone":"sgxx25"},{"name":"sgxx26","bone":"sgxx26"},{"name":"sgxx6","bone":"sgxx6","blend":"additive"},{"name":"sgxx5","bone":"sgxx5","blend":"additive"},{"name":"sgxx2","bone":"sgxx2"},{"name":"sgxx10","bone":"sgxx10"},{"name":"gd_00000","bone":"gd_00000","blend":"additive"},{"name":"gd_0","bone":"gd_0","blend":"additive"}],"skins":[{"name":"default","attachments":{"bone2":{"111":{"type":"clipping","end":"sgxx2","vertexCount":4,"vertices":[-318.92,429.53,319.54,430.84,319.75,-430.6,-320.56,-430.45],"color":"ce3a3aff"}},"gd_0":{"gd_00000":{"x":-1.83,"y":2.02,"width":100,"height":100}},"gd_00000":{"gd_00000":{"x":-1.83,"y":2.02,"width":100,"height":100}},"sg":{"sg":{"x":29.9,"y":12.86,"scaleX":5.3956,"scaleY":6.5925,"rotation":-34.59,"width":236,"height":163}},"sgxx":{"sgxx":{"x":1.46,"y":1.6,"width":232,"height":232}},"sgxx2":{"sgxx":{"x":1.46,"y":1.6,"width":232,"height":232}},"sgxx3":{"sgxx":{"x":1.46,"y":1.6,"width":232,"height":232}},"sgxx4":{"sgxx":{"x":1.46,"y":1.6,"width":232,"height":232}},"sgxx5":{"sgxx":{"x":1.46,"y":1.6,"width":232,"height":232}},"sgxx6":{"sgxx":{"x":1.46,"y":1.6,"width":232,"height":232}},"sgxx7":{"sgxx":{"x":1.46,"y":1.6,"width":232,"height":232}},"sgxx8":{"sgxx":{"x":1.46,"y":1.6,"width":232,"height":232}},"sgxx9":{"sgxx":{"x":1.46,"y":1.6,"width":232,"height":232}},"sgxx10":{"sgxx":{"x":1.46,"y":1.6,"width":232,"height":232}},"sgxx11":{"sgxx":{"x":1.46,"y":1.6,"width":232,"height":232}},"sgxx12":{"sgxx":{"x":1.46,"y":1.6,"width":232,"height":232}},"sgxx14":{"sgxx":{"x":1.46,"y":1.6,"width":232,"height":232}},"sgxx15":{"sgxx":{"x":1.46,"y":1.6,"width":232,"height":232}},"sgxx16":{"sgxx":{"x":1.46,"y":1.6,"width":232,"height":232}},"sgxx17":{"sgxx":{"x":1.46,"y":1.6,"width":232,"height":232}},"sgxx18":{"sgxx":{"x":1.46,"y":1.6,"width":232,"height":232}},"sgxx19":{"sgxx":{"x":1.46,"y":1.6,"width":232,"height":232}},"sgxx20":{"sgxx":{"x":1.46,"y":1.6,"width":232,"height":232}},"sgxx21":{"sgxx":{"x":1.46,"y":1.6,"width":232,"height":232}},"sgxx22":{"sgxx":{"x":1.46,"y":1.6,"width":232,"height":232}},"sgxx23":{"sgxx":{"x":1.46,"y":1.6,"width":232,"height":232}},"sgxx24":{"sgxx":{"x":1.46,"y":1.6,"width":232,"height":232}},"sgxx25":{"sgxx":{"x":1.46,"y":1.6,"width":232,"height":232}},"sgxx26":{"sgxx":{"x":1.46,"y":1.6,"width":232,"height":232}},"sgxx28":{"sgxx":{"x":1.46,"y":1.6,"width":232,"height":232}},"sgxx29":{"sgxx":{"x":1.46,"y":1.6,"width":232,"height":232}},"sgxx30":{"sgxx":{"x":1.46,"y":1.6,"width":232,"height":232}},"sgxx31":{"sgxx":{"x":1.46,"y":1.6,"width":232,"height":232}},"sgxx32":{"sgxx":{"x":1.46,"y":1.6,"width":232,"height":232}},"sgxx33":{"sgxx":{"x":1.46,"y":1.6,"width":232,"height":232}},"sgxx34":{"sgxx":{"x":1.46,"y":1.6,"width":232,"height":232}},"sgxx35":{"sgxx":{"x":1.46,"y":1.6,"width":232,"height":232}},"sgxx36":{"sgxx":{"x":1.46,"y":1.6,"width":232,"height":232}},"sgxx37":{"sgxx":{"x":1.46,"y":1.6,"width":232,"height":232}}}}],"events":{"end":{}},"animations":{"sg2":{"slots":{"sg":{"color":[{"color":"ffffff00"},{"time":0.0333,"color":"ffffffff","curve":"stepped"},{"time":0.6,"color":"ffffffff"},{"time":0.6333,"color":"ffffff00"}],"attachment":[{"name":"sg"}]},"sgxx":{"color":[{"color":"ffffff00","curve":0.25,"c3":0.75},{"time":0.1667,"color":"ffffffb2","curve":"stepped"},{"time":0.3,"color":"ffffffb2"},{"time":0.5667,"color":"ffffff00"}],"attachment":[{"name":"sgxx"}]},"sgxx2":{"color":[{"color":"ffffff00","curve":"stepped"},{"time":0.0333,"color":"ffffff00","curve":0.25,"c3":0.75},{"time":0.1667,"color":"ffffffff","curve":"stepped"},{"time":0.2667,"color":"ffffffff"},{"time":0.4333,"color":"ffffff00"}],"attachment":[{"name":"sgxx"}]},"sgxx3":{"color":[{"color":"ffffff00","curve":"stepped"},{"time":0.2333,"color":"ffffff00","curve":0.25,"c3":0.75},{"time":0.3667,"color":"ffffffa5","curve":"stepped"},{"time":0.5,"color":"ffffffa5"},{"time":0.6667,"color":"ffffff00"}],"attachment":[{"name":"sgxx"}]},"sgxx4":{"color":[{"color":"ffffff00","curve":"stepped"},{"time":0.1667,"color":"ffffff00","curve":0.25,"c3":0.75},{"time":0.3333,"color":"ffffffff","curve":"stepped"},{"time":0.4333,"color":"ffffffff"},{"time":0.6,"color":"ffffff00"}],"attachment":[{"name":"sgxx"}]},"sgxx5":{"color":[{"color":"ffffff00","curve":"stepped"},{"time":0.3333,"color":"ffffff00","curve":0.25,"c3":0.75},{"time":0.5,"color":"ffffffb0","curve":"stepped"},{"time":0.7,"color":"ffffffb0"},{"time":0.8667,"color":"ffffff00"}],"attachment":[{"name":"sgxx"}]},"sgxx6":{"color":[{"color":"ffffff00","curve":"stepped"},{"time":0.2667,"color":"ffffff00","curve":0.25,"c3":0.75},{"time":0.4333,"color":"ffffffff","curve":"stepped"},{"time":0.5333,"color":"ffffffff"},{"time":0.7,"color":"ffffff00"}],"attachment":[{"name":"sgxx"}]},"sgxx7":{"color":[{"color":"ffffff00","curve":"stepped"},{"time":0.3333,"color":"ffffff00","curve":0.25,"c3":0.75},{"time":0.5,"color":"ffffffff","curve":"stepped"},{"time":0.6333,"color":"ffffffff"},{"time":0.8333,"color":"ffffff00"}],"attachment":[{"time":0.3333,"name":"sgxx"}]},"sgxx8":{"color":[{"color":"ffffff00","curve":"stepped"},{"time":0.3,"color":"ffffff00","curve":0.25,"c3":0.75},{"time":0.4667,"color":"ffffffff","curve":"stepped"},{"time":0.5667,"color":"ffffffff"},{"time":0.7333,"color":"ffffff00"}],"attachment":[{"time":0.3,"name":"sgxx"}]},"sgxx9":{"color":[{"color":"ffffff00","curve":"stepped"},{"time":0.2333,"color":"ffffff00","curve":0.25,"c3":0.75},{"time":0.3667,"color":"ffffffa5","curve":"stepped"},{"time":0.5,"color":"ffffffa5"},{"time":0.6667,"color":"ffffff00"}],"attachment":[{"name":"sgxx"}]},"sgxx10":{"color":[{"color":"ffffff00","curve":"stepped"},{"time":0.0333,"color":"ffffff00","curve":0.25,"c3":0.75},{"time":0.1667,"color":"ffffffff","curve":"stepped"},{"time":0.2667,"color":"ffffffff"},{"time":0.4333,"color":"ffffff00"}],"attachment":[{"name":"sgxx"}]},"sgxx11":{"color":[{"color":"ffffff00","curve":"stepped"},{"time":0.4333,"color":"ffffff00","curve":0.25,"c3":0.75},{"time":0.6,"color":"ffffffa0","curve":"stepped"},{"time":0.7333,"color":"ffffffa0"},{"time":0.9667,"color":"ffffff00"}],"attachment":[{"name":"sgxx"}]},"sgxx12":{"color":[{"color":"ffffff00","curve":"stepped"},{"time":0.6667,"color":"ffffff00","curve":0.25,"c3":0.75},{"time":0.8333,"color":"ffffffff","curve":"stepped"},{"time":1.0333,"color":"ffffffff"},{"time":1.2,"color":"ffffff00"}],"attachment":[{"name":"sgxx"}]},"sgxx14":{"color":[{"color":"ffffff00","curve":"stepped"},{"time":0.6667,"color":"ffffff00","curve":0.25,"c3":0.75},{"time":0.8333,"color":"ffffffff","curve":"stepped"},{"time":1.0333,"color":"ffffffff"},{"time":1.2,"color":"ffffff00"}],"attachment":[{"name":"sgxx"}]},"sgxx15":{"color":[{"color":"ffffff00","curve":"stepped"},{"time":0.6667,"color":"ffffff00","curve":0.25,"c3":0.75},{"time":0.8333,"color":"ffffffff","curve":"stepped"},{"time":1.0333,"color":"ffffffff"},{"time":1.2,"color":"ffffff00"}],"attachment":[{"name":"sgxx"}]},"sgxx16":{"color":[{"color":"ffffff00","curve":"stepped"},{"time":0.5667,"color":"ffffff00","curve":0.25,"c3":0.75},{"time":0.7333,"color":"ffffffab"}],"attachment":[{"name":"sgxx"}]},"sgxx17":{"color":[{"color":"ffffff00","curve":"stepped"},{"time":0.5667,"color":"ffffff00","curve":0.25,"c3":0.75},{"time":0.7333,"color":"ffffffab"}],"attachment":[{"name":"sgxx"}]},"sgxx18":{"color":[{"color":"ffffff00","curve":"stepped"},{"time":0.5667,"color":"ffffff00","curve":0.25,"c3":0.75},{"time":0.7333,"color":"ffffffab"}],"attachment":[{"name":"sgxx"}]},"sgxx19":{"color":[{"color":"ffffff00","curve":"stepped"},{"time":0.5667,"color":"ffffff00","curve":0.25,"c3":0.75},{"time":0.7333,"color":"ffffffab"}],"attachment":[{"name":"sgxx"}]},"sgxx20":{"color":[{"color":"ffffff00","curve":"stepped"},{"time":0.5667,"color":"ffffff00","curve":0.25,"c3":0.75},{"time":0.7333,"color":"ffffffab"}],"attachment":[{"name":"sgxx"}]},"sgxx21":{"color":[{"color":"ffffff00","curve":"stepped"},{"time":0.5667,"color":"ffffff00","curve":0.25,"c3":0.75},{"time":0.7333,"color":"ffffffab"}],"attachment":[{"name":"sgxx"}]},"sgxx22":{"color":[{"color":"ffffff00","curve":"stepped"},{"time":0.5667,"color":"ffffff00","curve":0.25,"c3":0.75},{"time":0.7333,"color":"ffffffab"}],"attachment":[{"name":"sgxx"}]},"sgxx23":{"color":[{"color":"ffffff00","curve":"stepped"},{"time":0.5667,"color":"ffffff00","curve":0.25,"c3":0.75},{"time":0.7333,"color":"ffffffab"}],"attachment":[{"name":"sgxx"}]},"sgxx24":{"color":[{"color":"ffffff00","curve":"stepped"},{"time":0.6667,"color":"ffffff00","curve":0.25,"c3":0.75},{"time":0.8333,"color":"ffffffff","curve":"stepped"},{"time":1.0333,"color":"ffffffff"},{"time":1.2,"color":"ffffff00"}],"attachment":[{"name":"sgxx"}]},"sgxx25":{"color":[{"color":"ffffff00","curve":"stepped"},{"time":0.6667,"color":"ffffff00","curve":0.25,"c3":0.75},{"time":0.8333,"color":"ffffffff","curve":"stepped"},{"time":1.0333,"color":"ffffffff"},{"time":1.2,"color":"ffffff00"}],"attachment":[{"name":"sgxx"}]},"sgxx26":{"color":[{"color":"ffffff00","curve":"stepped"},{"time":0.6667,"color":"ffffff00","curve":0.25,"c3":0.75},{"time":0.8333,"color":"ffffffff","curve":"stepped"},{"time":1.0333,"color":"ffffffff"},{"time":1.2,"color":"ffffff00"}],"attachment":[{"name":"sgxx"}]},"sgxx28":{"color":[{"color":"ffffff00","curve":"stepped"},{"time":0.5667,"color":"ffffff00","curve":0.25,"c3":0.75},{"time":0.7333,"color":"ffffffab"}],"attachment":[{"name":"sgxx"}]},"sgxx29":{"color":[{"color":"ffffff00","curve":"stepped"},{"time":0.5667,"color":"ffffff00","curve":0.25,"c3":0.75},{"time":0.7333,"color":"ffffffab"}],"attachment":[{"name":"sgxx"}]},"sgxx30":{"color":[{"color":"ffffff00","curve":"stepped"},{"time":0.5667,"color":"ffffff00","curve":0.25,"c3":0.75},{"time":0.7333,"color":"ffffffab"}],"attachment":[{"name":"sgxx"}]},"sgxx31":{"color":[{"color":"ffffff00","curve":"stepped"},{"time":0.5667,"color":"ffffff00","curve":0.25,"c3":0.75},{"time":0.7333,"color":"ffffffab"}],"attachment":[{"name":"sgxx"}]},"sgxx32":{"color":[{"color":"ffffff00","curve":"stepped"},{"time":0.5667,"color":"ffffff00","curve":0.25,"c3":0.75},{"time":0.7333,"color":"ffffffab"}],"attachment":[{"name":"sgxx"}]},"sgxx33":{"color":[{"color":"ffffff00","curve":"stepped"},{"time":0.5667,"color":"ffffff00","curve":0.25,"c3":0.75},{"time":0.7333,"color":"ffffffab"}],"attachment":[{"name":"sgxx"}]},"sgxx34":{"color":[{"color":"ffffff00","curve":"stepped"},{"time":0.5667,"color":"ffffff00","curve":0.25,"c3":0.75},{"time":0.7333,"color":"ffffffab"}],"attachment":[{"name":"sgxx"}]},"sgxx35":{"color":[{"color":"ffffff00","curve":"stepped"},{"time":0.5667,"color":"ffffff00","curve":0.25,"c3":0.75},{"time":0.7333,"color":"ffffffab"}],"attachment":[{"name":"sgxx"}]},"sgxx36":{"color":[{"color":"ffffff00","curve":"stepped"},{"time":0.5667,"color":"ffffff00","curve":0.25,"c3":0.75},{"time":0.7333,"color":"ffffffab"}],"attachment":[{"name":"sgxx"}]},"sgxx37":{"color":[{"color":"ffffff00","curve":"stepped"},{"time":0.5667,"color":"ffffff00","curve":0.25,"c3":0.75},{"time":0.7333,"color":"ffffffab"}],"attachment":[{"name":"sgxx"}]}},"bones":{"sg":{"translate":[{},{"time":0.6333,"x":707.46,"y":927.86}]},"sgxx":{"scale":[{"x":0.892,"y":0.892,"curve":0,"c3":0.75},{"time":0.5667,"x":1.949,"y":1.949}]},"sgxx2":{"scale":[{"x":0.892,"y":0.892,"curve":"stepped"},{"time":0.0333,"x":0.892,"y":0.892,"curve":0,"c3":0.75},{"time":0.2333,"x":1.949,"y":1.949},{"time":0.4333,"x":0,"y":0}]},"sgxx3":{"scale":[{"x":0.892,"y":0.892,"curve":"stepped"},{"time":0.2333,"x":0.892,"y":0.892,"curve":0,"c3":0.75},{"time":0.5,"x":1.949,"y":1.949,"curve":0.25},{"time":0.6667,"x":1.029,"y":1.029}]},"sgxx4":{"scale":[{"x":0.892,"y":0.892,"curve":"stepped"},{"time":0.1667,"x":0.892,"y":0.892,"curve":0,"c3":0.75},{"time":0.6,"x":1.949,"y":1.949}]},"sgxx5":{"scale":[{"x":0.892,"y":0.892,"curve":"stepped"},{"time":0.3333,"x":0.892,"y":0.892,"curve":0,"c3":0.75},{"time":0.8667,"x":1.949,"y":1.949}]},"sgxx6":{"scale":[{"x":0.892,"y":0.892,"curve":"stepped"},{"time":0.2667,"x":0.892,"y":0.892,"curve":0,"c3":0.75},{"time":0.7,"x":1.949,"y":1.949}]},"sgxx7":{"scale":[{"x":0.892,"y":0.892,"curve":"stepped"},{"time":0.3333,"x":0.892,"y":0.892,"curve":0,"c3":0.75},{"time":0.8333,"x":1.949,"y":1.949}]},"sgxx8":{"scale":[{"x":0.892,"y":0.892,"curve":"stepped"},{"time":0.3,"x":0.892,"y":0.892,"curve":0,"c3":0.75},{"time":0.7333,"x":1.949,"y":1.949}]},"sgxx11":{"scale":[{"x":0.892,"y":0.892,"curve":"stepped"},{"time":0.4333,"x":0.892,"y":0.892,"curve":0,"c3":0.75},{"time":0.7333,"x":1.949,"y":1.949},{"time":0.9667,"x":0.603,"y":0.603}]},"sgxx12":{"scale":[{"x":0.892,"y":0.892,"curve":"stepped"},{"time":0.6667,"x":0.892,"y":0.892,"curve":0,"c3":0.75},{"time":1.2,"x":1.949,"y":1.949}]},"sgxx14":{"scale":[{"x":0.892,"y":0.892,"curve":"stepped"},{"time":0.6667,"x":0.892,"y":0.892,"curve":0,"c3":0.75},{"time":1.2,"x":1.949,"y":1.949}]},"sgxx15":{"scale":[{"x":0.892,"y":0.892,"curve":"stepped"},{"time":0.6667,"x":0.892,"y":0.892,"curve":0,"c3":0.75},{"time":1.2,"x":1.949,"y":1.949}]},"sgxx16":{"scale":[{"x":0.892,"y":0.892,"curve":"stepped"},{"time":0.5667,"x":0.892,"y":0.892,"curve":0,"c3":0.75},{"time":0.8333,"x":1.949,"y":1.949},{"time":1.0667,"x":0,"y":0}]},"sgxx17":{"scale":[{"x":0.892,"y":0.892,"curve":"stepped"},{"time":0.5667,"x":0.892,"y":0.892,"curve":0,"c3":0.75},{"time":0.8333,"x":1.949,"y":1.949},{"time":1.0667,"x":0,"y":0}]},"sgxx18":{"scale":[{"x":0.892,"y":0.892,"curve":"stepped"},{"time":0.5667,"x":0.892,"y":0.892,"curve":0,"c3":0.75},{"time":0.8333,"x":1.949,"y":1.949},{"time":1.0667,"x":0,"y":0}]},"sgxx19":{"scale":[{"x":0.892,"y":0.892,"curve":"stepped"},{"time":0.5667,"x":0.892,"y":0.892,"curve":0,"c3":0.75},{"time":0.8333,"x":1.949,"y":1.949},{"time":1.0667,"x":0,"y":0}]},"sgxx20":{"scale":[{"x":0.892,"y":0.892,"curve":"stepped"},{"time":0.5667,"x":0.892,"y":0.892,"curve":0,"c3":0.75},{"time":0.8333,"x":1.949,"y":1.949},{"time":1.0667,"x":0,"y":0}]},"sgxx21":{"scale":[{"x":0.892,"y":0.892,"curve":"stepped"},{"time":0.5667,"x":0.892,"y":0.892,"curve":0,"c3":0.75},{"time":0.8333,"x":1.949,"y":1.949},{"time":1.0667,"x":0,"y":0}]},"sgxx22":{"scale":[{"x":0.892,"y":0.892,"curve":"stepped"},{"time":0.5667,"x":0.892,"y":0.892,"curve":0,"c3":0.75},{"time":0.8333,"x":1.949,"y":1.949},{"time":1.0667,"x":0,"y":0}]},"sgxx23":{"scale":[{"x":0.892,"y":0.892,"curve":"stepped"},{"time":0.5667,"x":0.892,"y":0.892,"curve":0,"c3":0.75},{"time":0.8333,"x":1.949,"y":1.949},{"time":1.0667,"x":0,"y":0}]},"sgxx25":{"scale":[{"x":0.892,"y":0.892,"curve":"stepped"},{"time":0.6667,"x":0.892,"y":0.892,"curve":0,"c3":0.75},{"time":1.2,"x":1.949,"y":1.949}]},"sgxx26":{"scale":[{"x":0.892,"y":0.892,"curve":"stepped"},{"time":0.6667,"x":0.892,"y":0.892,"curve":0,"c3":0.75},{"time":1.2,"x":1.949,"y":1.949}]},"sgxx28":{"scale":[{"x":0.892,"y":0.892,"curve":"stepped"},{"time":0.5667,"x":0.892,"y":0.892,"curve":0,"c3":0.75},{"time":0.8333,"x":1.949,"y":1.949},{"time":1.0667,"x":0,"y":0}]},"sgxx29":{"scale":[{"x":0.892,"y":0.892,"curve":"stepped"},{"time":0.5667,"x":0.892,"y":0.892,"curve":0,"c3":0.75},{"time":0.8333,"x":1.949,"y":1.949},{"time":1.0667,"x":0,"y":0}]},"sgxx30":{"scale":[{"x":0.892,"y":0.892,"curve":"stepped"},{"time":0.5667,"x":0.892,"y":0.892,"curve":0,"c3":0.75},{"time":0.8333,"x":1.949,"y":1.949},{"time":1.0667,"x":0,"y":0}]},"sgxx31":{"scale":[{"x":0.892,"y":0.892,"curve":"stepped"},{"time":0.5667,"x":0.892,"y":0.892,"curve":0,"c3":0.75},{"time":0.8333,"x":1.949,"y":1.949},{"time":1.0667,"x":0,"y":0}]},"sgxx32":{"scale":[{"x":0.892,"y":0.892,"curve":"stepped"},{"time":0.5667,"x":0.892,"y":0.892,"curve":0,"c3":0.75},{"time":0.8333,"x":1.949,"y":1.949},{"time":1.0667,"x":0,"y":0}]},"sgxx33":{"scale":[{"x":0.892,"y":0.892,"curve":"stepped"},{"time":0.5667,"x":0.892,"y":0.892,"curve":0,"c3":0.75},{"time":0.8333,"x":1.949,"y":1.949},{"time":1.0667,"x":0,"y":0}]},"sgxx34":{"scale":[{"x":0.892,"y":0.892,"curve":"stepped"},{"time":0.5667,"x":0.892,"y":0.892,"curve":0,"c3":0.75},{"time":0.8333,"x":1.949,"y":1.949},{"time":1.0667,"x":0,"y":0}]},"sgxx35":{"scale":[{"x":0.892,"y":0.892,"curve":"stepped"},{"time":0.5667,"x":0.892,"y":0.892,"curve":0,"c3":0.75},{"time":0.8333,"x":1.949,"y":1.949},{"time":1.0667,"x":0,"y":0}]},"sgxx36":{"scale":[{"x":0.892,"y":0.892,"curve":"stepped"},{"time":0.5667,"x":0.892,"y":0.892,"curve":0,"c3":0.75},{"time":0.8333,"x":1.949,"y":1.949},{"time":1.0667,"x":0,"y":0}]},"sgxx37":{"scale":[{"x":0.892,"y":0.892,"curve":"stepped"},{"time":0.5667,"x":0.892,"y":0.892,"curve":0,"c3":0.75},{"time":0.8333,"x":1.949,"y":1.949},{"time":1.0667,"x":0,"y":0}]},"bone4":{"translate":[{"y":-100.29}]},"sgxx9":{"scale":[{"x":0.892,"y":0.892,"curve":"stepped"},{"time":0.2333,"x":0.892,"y":0.892,"curve":0,"c3":0.75},{"time":0.5,"x":1.949,"y":1.949,"curve":0.25},{"time":0.6667,"x":1.029,"y":1.029}]},"sgxx24":{"scale":[{"x":0.892,"y":0.892,"curve":"stepped"},{"time":0.6667,"x":0.892,"y":0.892,"curve":0,"c3":0.75},{"time":1.2,"x":1.949,"y":1.949}]},"sgxx10":{"scale":[{"x":0.892,"y":0.892,"curve":"stepped"},{"time":0.0333,"x":0.892,"y":0.892,"curve":0,"c3":0.75},{"time":0.2333,"x":1.949,"y":1.949},{"time":0.4333,"x":0,"y":0}]}}},"sg3":{"slots":{"sg":{"color":[{"color":"ffffff00"},{"time":0.0333,"color":"ffffffff","curve":"stepped"},{"time":0.6,"color":"ffffffff"},{"time":0.6333,"color":"ffffff00"}],"attachment":[{"name":"sg"}]},"sgxx":{"color":[{"time":0.5333,"color":"ffffffff"},{"time":0.5667,"color":"ffffff00"}],"attachment":[{"time":0.1667,"name":"sgxx"}]},"sgxx2":{"color":[{"time":0.1,"color":"ffffff00"},{"time":0.1333,"color":"ffffffff","curve":"stepped"},{"time":0.5667,"color":"ffffffff"},{"time":0.6,"color":"ffffff00"}],"attachment":[{"time":0.1,"name":"sgxx"}]},"sgxx3":{"color":[{"time":0.2667,"color":"ffffff00"},{"time":0.3667,"color":"ffffffff","curve":"stepped"},{"time":0.7,"color":"ffffffff"},{"time":0.7333,"color":"ffffff00"}],"attachment":[{"time":0.2667,"name":"sgxx"}]},"sgxx4":{"color":[{"time":0.4,"color":"ffffffff"},{"time":0.5,"color":"ffffff00"}],"attachment":[{"time":0.2333,"name":"sgxx"}]},"sgxx5":{"color":[{"time":0.7,"color":"ffffffff"},{"time":0.7667,"color":"ffffff00"}],"attachment":[{"time":0.3,"name":"sgxx"}]},"sgxx6":{"color":[{"time":0.1333,"color":"ffffff00"},{"time":0.2667,"color":"ffffffff","curve":"stepped"},{"time":0.4667,"color":"ffffffff"},{"time":0.5667,"color":"ffffff00"}]},"sgxx7":{"color":[{"time":0.2667,"color":"ffffff00"},{"time":0.3667,"color":"ffffffff","curve":"stepped"},{"time":0.4667,"color":"ffffffff"},{"time":0.5667,"color":"ffffff00"}],"attachment":[{"time":0.2667,"name":"sgxx"}]},"sgxx8":{"color":[{"time":0.4667,"color":"ffffffff"},{"time":0.6667,"color":"ffffff00"}],"attachment":[{"name":"sgxx"}]},"sgxx9":{"color":[{"time":0.2667,"color":"ffffff00"},{"time":0.3667,"color":"ffffffff","curve":"stepped"},{"time":0.7,"color":"ffffffff"},{"time":0.7333,"color":"ffffff00"}],"attachment":[{"time":0.2667,"name":"sgxx"}]},"sgxx10":{"color":[{"time":0.1,"color":"ffffff00"},{"time":0.1333,"color":"ffffffff","curve":"stepped"},{"time":0.5667,"color":"ffffffff"},{"time":0.6,"color":"ffffff00"}],"attachment":[{"time":0.1,"name":"sgxx"}]},"sgxx11":{"color":[{"time":0.3,"color":"ffffff00"},{"time":0.4333,"color":"ffffffff","curve":"stepped"},{"time":0.5667,"color":"ffffffff"},{"time":0.6333,"color":"ffffff00"}],"attachment":[{"time":0.3,"name":"sgxx"}]},"sgxx12":{"color":[{"time":0.5667,"color":"ffffffff"},{"time":0.6,"color":"ffffff00"}],"attachment":[{"time":0.3667,"name":"sgxx"}]},"sgxx14":{"attachment":[{"name":"sgxx"}]},"sgxx15":{"color":[{"time":0.5,"color":"ffffffff"},{"time":0.5333,"color":"ffffff00"}],"attachment":[{"name":"sgxx"}]},"sgxx16":{"color":[{"time":0.5333,"color":"ffffffff"},{"time":0.5667,"color":"ffffff00"}],"attachment":[{"time":0.1333,"name":"sgxx"}]},"sgxx17":{"color":[{"time":0.5667,"color":"ffffffff"},{"time":0.6,"color":"ffffff00"}],"attachment":[{"time":0.1333,"name":"sgxx"}]},"sgxx18":{"color":[{"time":0.5,"color":"ffffffff"},{"time":0.6,"color":"ffffff00"}],"attachment":[{"time":0.1333,"name":"sgxx"}]},"sgxx19":{"color":[{"time":0.7333,"color":"ffffffff"},{"time":0.9,"color":"ffffff00"}],"attachment":[{"time":0.3667,"name":"sgxx"}]},"sgxx20":{"color":[{"time":0.5667,"color":"ffffffff"},{"time":0.6667,"color":"ffffff00"}],"attachment":[{"time":0.3,"name":"sgxx"}]},"sgxx21":{"color":[{"time":0.4667,"color":"ffffffff"},{"time":0.5,"color":"ffffff00"}],"attachment":[{"time":0.1667,"name":"sgxx"}]},"sgxx22":{"color":[{"time":0.5667,"color":"ffffffff"},{"time":0.6667,"color":"ffffff00"}],"attachment":[{"time":0.3,"name":"sgxx"}]},"sgxx23":{"color":[{"time":0.3333,"color":"ffffff00"},{"time":0.4,"color":"ffffffff","curve":"stepped"},{"time":0.6,"color":"ffffffff"},{"time":0.6667,"color":"ffffff00"}],"attachment":[{"time":0.3333,"name":"sgxx"}]},"sgxx24":{"attachment":[{"name":"sgxx"}]},"sgxx25":{"attachment":[{"name":"sgxx"}]},"sgxx26":{"attachment":[{"name":"sgxx"}]},"sgxx28":{"color":[{"time":0.5,"color":"ffffff00"},{"time":0.5667,"color":"ffffffff","curve":"stepped"},{"time":0.8333,"color":"ffffffff"},{"time":0.9,"color":"ffffff00"}],"attachment":[{"time":0.5,"name":"sgxx"}]},"sgxx29":{"color":[{"time":0.4667,"color":"ffffff00"},{"time":0.5333,"color":"ffffffff","curve":"stepped"},{"time":0.7667,"color":"ffffffff"},{"time":0.8,"color":"ffffff00"}],"attachment":[{"time":0.4667,"name":"sgxx"}]},"sgxx30":{"color":[{"time":0.8,"color":"ffffffff"},{"time":0.8667,"color":"ffffff00"}],"attachment":[{"time":0.4667,"name":"sgxx"}]},"sgxx31":{"color":[{"time":0.5,"color":"ffffffff"},{"time":0.5333,"color":"ffffff00"}],"attachment":[{"time":0.0667,"name":"sgxx"}]},"sgxx32":{"color":[{"time":0.5,"color":"ffffffff"},{"time":0.5333,"color":"ffffff00"}],"attachment":[{"time":0.0667,"name":"sgxx"}]},"sgxx33":{"color":[{"time":0.6333,"color":"ffffffff"},{"time":0.6667,"color":"ffffff00"}],"attachment":[{"time":0.3667,"name":"sgxx"}]},"sgxx34":{"color":[{"time":0.6,"color":"ffffffff"},{"time":0.6333,"color":"ffffff00"}],"attachment":[{"time":0.3667,"name":"sgxx"}]},"sgxx35":{"color":[{"time":0.6,"color":"ffffffff"},{"time":0.6333,"color":"ffffff00"}],"attachment":[{"time":0.3333,"name":"sgxx"}]},"sgxx36":{"attachment":[{"time":0.4333,"name":"sgxx"}]},"sgxx37":{"attachment":[{"time":0.5667,"name":"sgxx"}]}},"bones":{"sg":{"translate":[{},{"time":0.6333,"x":707.46,"y":927.86}]},"zxx":{"translate":[{"x":-52.78,"y":92.37,"curve":0.132,"c3":0.5},{"time":0.9667,"x":765.03,"y":869.79}]},"sgxx":{"translate":[{"time":0.1667,"x":558.77,"y":588.59},{"time":0.5667,"x":818.38,"y":810.86}],"scale":[{"time":0.1667,"x":1.502,"y":1.502},{"time":0.5667,"x":0.022,"y":0.022}]},"sgxx2":{"translate":[{"time":0.1,"x":462.92,"y":420.81},{"time":0.6,"x":215.41,"y":241.45}],"scale":[{"time":0.1,"x":2.162,"y":2.162,"curve":0.575},{"time":0.6,"x":0.019,"y":0.019}]},"sgxx3":{"translate":[{"time":0.2667,"x":285.6,"y":268.8},{"time":0.7333,"x":161.84,"y":120.41}],"scale":[{"time":0.2667,"x":1.199,"y":1.199},{"time":0.7333,"x":0.166,"y":0.166}]},"sgxx4":{"translate":[{"time":0.2333,"x":560.16,"y":442.45},{"time":0.5,"x":858.01,"y":676.5}],"scale":[{"time":0.2333,"x":1.015,"y":1.015},{"time":0.5,"x":0.272,"y":0.272}]},"sgxx5":{"translate":[{"time":0.3,"x":93.66,"y":69.22},{"time":0.7667,"x":-65.15,"y":-50.9}],"scale":[{"time":0.3,"x":1.602,"y":1.602},{"time":0.7667,"x":0.042,"y":0.042}]},"sgxx6":{"translate":[{"time":0.1333,"x":329.13,"y":617.82},{"time":0.5667,"x":441.67,"y":681.44}],"scale":[{"time":0.1333,"x":2.356,"y":2.356,"curve":0.633,"c4":0.86},{"time":0.5667,"x":0.558,"y":0.558}]},"sgxx7":{"translate":[{"time":0.2667,"x":622.1,"y":246.53},{"time":0.5667,"x":701.66,"y":300.61}],"scale":[{"time":0.2667,"x":1.654,"y":1.654},{"time":0.5667,"x":0.116,"y":0.116}]},"sgxx8":{"translate":[{"x":329.29,"y":-182.08,"curve":"stepped"},{"time":0.2,"x":329.29,"y":-182.08},{"time":0.6667,"x":170.47,"y":-330.94}],"scale":[{"x":2.282,"y":2.282},{"time":0.2,"x":1.6,"y":1.6,"curve":0.25,"c3":0.75},{"time":0.3,"x":0.657,"y":0.657,"curve":0.25,"c3":0.75},{"time":0.4,"x":1.37,"y":1.37},{"time":0.6667,"x":0.009,"y":0.009}]},"sgxx16":{"translate":[{"time":0.1333,"x":108.83,"y":208.95},{"time":0.5667,"x":197.54,"y":294.32}],"scale":[{"time":0.1333,"x":1.641,"y":1.641},{"time":0.5667,"x":0.22,"y":0.22}]},"sgxx17":{"translate":[{"time":0.1333,"x":239.37,"y":-10.92},{"time":0.6,"x":447.72,"y":182.7}],"scale":[{"time":0.1333,"x":1.462,"y":1.462},{"time":0.6,"x":0.065,"y":0.065}]},"sgxx18":{"translate":[{"time":0.1333,"x":40.87,"y":430.89},{"time":0.6,"x":265.85,"y":596.16}],"scale":[{"time":0.1333,"x":2.007,"y":2.007},{"time":0.6,"x":0.374,"y":0.374}]},"sgxx19":{"translate":[{"time":0.3667,"x":225.13,"y":757.07},{"time":0.9,"x":377.63,"y":852.38}],"scale":[{"time":0.3667,"x":2.007,"y":2.007,"curve":0,"c2":0.4},{"time":0.9,"x":0.032,"y":0.032}]},"sgxx11":{"translate":[{"time":0.3,"x":257.87,"y":601.69},{"time":0.6333,"x":332.8,"y":663.4}],"scale":[{"time":0.3,"x":1.822,"y":1.822},{"time":0.6333,"x":0.061,"y":0.061}]},"sgxx12":{"translate":[{"time":0.3667,"x":532.41,"y":230.07},{"time":0.6,"x":607.64,"y":297.16}],"scale":[{"time":0.3667},{"time":0.6,"x":0.007,"y":0.007}]},"sgxx20":{"translate":[{"time":0.3,"x":83.76,"y":807.56},{"time":0.6667,"x":176.48,"y":865.39}],"scale":[{"time":0.3,"x":0.902,"y":0.902},{"time":0.6667,"x":0.008,"y":0.008}]},"sgxx21":{"translate":[{"time":0.1667,"x":60.45,"y":2.44},{"time":0.5,"x":107.63,"y":53.4}],"scale":[{"time":0.1667,"x":0.682,"y":0.682},{"time":0.5,"x":0.042,"y":0.042}]},"sgxx22":{"translate":[{"time":0.3,"x":240.78,"y":500.02},{"time":0.6667,"x":431.42,"y":645.81}],"scale":[{"time":0.3,"x":1.823,"y":1.823},{"time":0.6667,"x":0.057,"y":0.057}]},"sgxx23":{"translate":[{"time":0.3333,"x":527.24,"y":135.08},{"time":0.6667,"x":644.51,"y":250.25}],"scale":[{"time":0.3333,"x":1.709,"y":1.709,"curve":0,"c2":0.31},{"time":0.6667,"x":0.073,"y":0.073}]},"sgxx14":{"translate":[{},{"time":0.5333,"x":-38.56,"y":-31.14}],"scale":[{"x":1.636,"y":1.636},{"time":0.5333,"x":0.874,"y":0.874}]},"sgxx15":{"translate":[{"x":-97.33,"y":349.78}],"scale":[{"x":2.076,"y":2.076,"curve":0.721},{"time":0.5333,"x":0.088,"y":0.088}]},"sgxx25":{"translate":[{"x":-104.22,"y":636.77}],"scale":[{"x":1.659,"y":1.659},{"time":0.6667,"x":0.039,"y":0.039}]},"sgxx26":{"translate":[{"x":-104.22,"y":636.77}],"scale":[{"x":1.659,"y":1.659},{"time":0.6667,"x":0.955,"y":0.955}]},"sgxx28":{"translate":[{"time":0.5,"x":548.29,"y":744.44},{"time":0.9,"x":729.02,"y":902.64}],"scale":[{"time":0.5,"x":1.709,"y":1.709,"curve":0,"c2":0.31},{"time":0.9,"x":0.073,"y":0.073}]},"sgxx29":{"translate":[{"time":0.4667,"x":534.93,"y":615.98},{"time":0.8,"x":659.75,"y":750.52}],"scale":[{"time":0.4667,"x":1.607,"y":1.607,"curve":0.25},{"time":0.8,"x":0.073,"y":0.073}]},"sgxx30":{"translate":[{"time":0.4667,"x":577.66,"y":540.98},{"time":0.8667,"x":756.9,"y":796.01}],"scale":[{"time":0.4667,"x":1.428,"y":1.428},{"time":0.8667,"x":0.073,"y":0.073}]},"sgxx31":{"translate":[{"time":0.0667,"x":39.31,"y":-126.44},{"time":0.5333,"x":271.75,"y":99.73}],"scale":[{"time":0.0667,"x":3.268,"y":3.268,"curve":0,"c3":0.75},{"time":0.5333,"x":0.092,"y":0.092}]},"sgxx32":{"translate":[{"time":0.0667,"x":6.11,"y":181.2},{"time":0.5333,"x":221.92,"y":423.49}],"scale":[{"time":0.0667,"x":3.39,"y":3.39,"curve":0,"c3":0.75},{"time":0.5333,"x":0.092,"y":0.092}]},"sgxx33":{"translate":[{"time":0.3667,"x":353.56,"y":557.88},{"time":0.6667,"x":490.33,"y":676.28}],"scale":[{"time":0.3667,"x":1.903,"y":1.903,"curve":0,"c3":0.75},{"time":0.6667,"x":0.317,"y":0.317}]},"sgxx34":{"translate":[{"time":0.3667,"x":472.75,"y":373.55},{"time":0.6333,"x":562.65,"y":449.5}],"scale":[{"time":0.3667,"x":1.204,"y":1.204},{"time":0.6333,"x":0.09,"y":0.09}]},"sgxx35":{"translate":[{"time":0.3333,"x":497.17,"y":186.33},{"time":0.6333,"x":619.27,"y":324.71}],"scale":[{"time":0.3333,"x":1.568,"y":1.568},{"time":0.6333,"x":0.053,"y":0.053}]},"sgxx36":{"translate":[{"time":0.4333,"x":649.8,"y":271.8},{"time":0.6,"x":863.47,"y":505.83}],"scale":[{"time":0.4333,"x":1.568,"y":1.568}]},"sgxx37":{"translate":[{"time":0.5667,"x":639.25,"y":751.32},{"time":0.7667,"x":728.15,"y":858.83}],"scale":[{"time":0.5667,"x":0.983,"y":0.983,"curve":0,"c3":0.75},{"time":0.7667,"x":0.118,"y":0.118}]},"bone4":{"translate":[{"y":-100.29}]},"gd_00000":{"translate":[{"x":1.66,"y":106.43}]},"gd_0":{"translate":[{"x":1.66,"y":106.43}]},"sgxx9":{"translate":[{"time":0.2667,"x":285.6,"y":268.8},{"time":0.7333,"x":161.84,"y":120.41}],"scale":[{"time":0.2667,"x":1.199,"y":1.199},{"time":0.7333,"x":0.166,"y":0.166}]},"sgxx24":{"translate":[{},{"time":0.5333,"x":-38.56,"y":-31.14}],"scale":[{"x":1.636,"y":1.636},{"time":0.5333,"x":0.874,"y":0.874}]},"sgxx10":{"translate":[{"time":0.1,"x":462.92,"y":420.81},{"time":0.6,"x":215.41,"y":241.45}],"scale":[{"time":0.1,"x":2.162,"y":2.162,"curve":0.575},{"time":0.6,"x":0.019,"y":0.019}]}}},"sg4":{"slots":{"gd_0":{"color":[{"color":"ffffff00"},{"time":0.2667,"color":"ffffffff"},{"time":0.6333,"color":"ffffff00"}]},"gd_00000":{"color":[{"color":"ffffff00"},{"time":0.2667,"color":"ffffffff"},{"time":0.6333,"color":"ffffff00"}],"attachment":[{"name":"gd_00000"}]},"sg":{"color":[{"color":"ffffff00"},{"time":0.0333,"color":"ffffffff","curve":"stepped"},{"time":0.6,"color":"ffffffff"},{"time":0.6333,"color":"ffffff00"}],"attachment":[{"name":"sg"}]},"sgxx":{"color":[{"time":0.5333,"color":"ffffffff"},{"time":0.5667,"color":"ffffff00"}],"attachment":[{"time":0.1667,"name":"sgxx"}]},"sgxx2":{"color":[{"time":0.1,"color":"ffffff00"},{"time":0.1333,"color":"ffffffff","curve":"stepped"},{"time":0.5667,"color":"ffffffff"},{"time":0.6,"color":"ffffff00"}],"attachment":[{"time":0.1,"name":"sgxx"}]},"sgxx3":{"color":[{"time":0.2667,"color":"ffffff00"},{"time":0.3667,"color":"ffffffff","curve":"stepped"},{"time":0.7,"color":"ffffffff"},{"time":0.7333,"color":"ffffff00"}],"attachment":[{"time":0.2667,"name":"sgxx"}]},"sgxx4":{"color":[{"time":0.4,"color":"ffffffff"},{"time":0.5,"color":"ffffff00"}],"attachment":[{"time":0.2333,"name":"sgxx"}]},"sgxx5":{"color":[{"time":0.7,"color":"ffffffff"},{"time":0.7667,"color":"ffffff00"}],"attachment":[{"time":0.3,"name":"sgxx"}]},"sgxx6":{"color":[{"time":0.1333,"color":"ffffff00"},{"time":0.2667,"color":"ffffffff","curve":"stepped"},{"time":0.4667,"color":"ffffffff"},{"time":0.5667,"color":"ffffff00"}]},"sgxx7":{"color":[{"time":0.2667,"color":"ffffff00"},{"time":0.3667,"color":"ffffffff","curve":"stepped"},{"time":0.4667,"color":"ffffffff"},{"time":0.5667,"color":"ffffff00"}],"attachment":[{"time":0.2667,"name":"sgxx"}]},"sgxx8":{"color":[{"time":0.4667,"color":"ffffffff"},{"time":0.6667,"color":"ffffff00"}],"attachment":[{"name":"sgxx"}]},"sgxx9":{"color":[{"time":0.2667,"color":"ffffff00"},{"time":0.3667,"color":"ffffffff","curve":"stepped"},{"time":0.7,"color":"ffffffff"},{"time":0.7333,"color":"ffffff00"}],"attachment":[{"time":0.2667,"name":"sgxx"}]},"sgxx10":{"color":[{"time":0.1,"color":"ffffff00"},{"time":0.1333,"color":"ffffffff","curve":"stepped"},{"time":0.5667,"color":"ffffffff"},{"time":0.6,"color":"ffffff00"}],"attachment":[{"time":0.1,"name":"sgxx"}]},"sgxx11":{"color":[{"time":0.3,"color":"ffffff00"},{"time":0.4333,"color":"ffffffff","curve":"stepped"},{"time":0.5667,"color":"ffffffff"},{"time":0.6333,"color":"ffffff00"}],"attachment":[{"time":0.3,"name":"sgxx"}]},"sgxx12":{"color":[{"time":0.5667,"color":"ffffffff"},{"time":0.6,"color":"ffffff00"}],"attachment":[{"time":0.3667,"name":"sgxx"}]},"sgxx14":{"attachment":[{"name":"sgxx"}]},"sgxx15":{"color":[{"time":0.5,"color":"ffffffff"},{"time":0.5333,"color":"ffffff00"}],"attachment":[{"name":"sgxx"}]},"sgxx16":{"color":[{"time":0.5333,"color":"ffffffff"},{"time":0.5667,"color":"ffffff00"}],"attachment":[{"time":0.1333,"name":"sgxx"}]},"sgxx17":{"color":[{"time":0.5667,"color":"ffffffff"},{"time":0.6,"color":"ffffff00"}],"attachment":[{"time":0.1333,"name":"sgxx"}]},"sgxx18":{"color":[{"time":0.5,"color":"ffffffff"},{"time":0.6,"color":"ffffff00"}],"attachment":[{"time":0.1333,"name":"sgxx"}]},"sgxx19":{"color":[{"time":0.7333,"color":"ffffffff"},{"time":0.9,"color":"ffffff00"}],"attachment":[{"time":0.3667,"name":"sgxx"}]},"sgxx20":{"color":[{"time":0.5667,"color":"ffffffff"},{"time":0.6667,"color":"ffffff00"}],"attachment":[{"time":0.3,"name":"sgxx"}]},"sgxx21":{"color":[{"time":0.4667,"color":"ffffffff"},{"time":0.5,"color":"ffffff00"}],"attachment":[{"time":0.1667,"name":"sgxx"}]},"sgxx22":{"color":[{"time":0.5667,"color":"ffffffff"},{"time":0.6667,"color":"ffffff00"}],"attachment":[{"time":0.3,"name":"sgxx"}]},"sgxx23":{"color":[{"time":0.3333,"color":"ffffff00"},{"time":0.4,"color":"ffffffff","curve":"stepped"},{"time":0.6,"color":"ffffffff"},{"time":0.6667,"color":"ffffff00"}],"attachment":[{"time":0.3333,"name":"sgxx"}]},"sgxx24":{"attachment":[{"name":"sgxx"}]},"sgxx25":{"attachment":[{"name":"sgxx"}]},"sgxx26":{"attachment":[{"name":"sgxx"}]},"sgxx28":{"color":[{"time":0.5,"color":"ffffff00"},{"time":0.5667,"color":"ffffffff","curve":"stepped"},{"time":0.8333,"color":"ffffffff"},{"time":0.9,"color":"ffffff00"}],"attachment":[{"time":0.5,"name":"sgxx"}]},"sgxx29":{"color":[{"time":0.4667,"color":"ffffff00"},{"time":0.5333,"color":"ffffffff","curve":"stepped"},{"time":0.7667,"color":"ffffffff"},{"time":0.8,"color":"ffffff00"}],"attachment":[{"time":0.4667,"name":"sgxx"}]},"sgxx30":{"color":[{"time":0.8,"color":"ffffffff"},{"time":0.8667,"color":"ffffff00"}],"attachment":[{"time":0.4667,"name":"sgxx"}]},"sgxx31":{"color":[{"time":0.5,"color":"ffffffff"},{"time":0.5333,"color":"ffffff00"}],"attachment":[{"time":0.0667,"name":"sgxx"}]},"sgxx32":{"color":[{"time":0.5,"color":"ffffffff"},{"time":0.5333,"color":"ffffff00"}],"attachment":[{"time":0.0667,"name":"sgxx"}]},"sgxx33":{"color":[{"time":0.6333,"color":"ffffffff"},{"time":0.6667,"color":"ffffff00"}],"attachment":[{"time":0.3667,"name":"sgxx"}]},"sgxx34":{"color":[{"time":0.6,"color":"ffffffff"},{"time":0.6333,"color":"ffffff00"}],"attachment":[{"time":0.3667,"name":"sgxx"}]},"sgxx35":{"color":[{"time":0.6,"color":"ffffffff"},{"time":0.6333,"color":"ffffff00"}],"attachment":[{"time":0.3333,"name":"sgxx"}]},"sgxx36":{"attachment":[{"time":0.4333,"name":"sgxx"}]},"sgxx37":{"attachment":[{"time":0.5667,"name":"sgxx"}]}},"bones":{"sg":{"translate":[{},{"time":0.6333,"x":707.46,"y":927.86}]},"zxx":{"translate":[{"x":-52.78,"y":92.37,"curve":0.132,"c3":0.5},{"time":0.9667,"x":765.03,"y":869.79}]},"sgxx":{"translate":[{"time":0.1667,"x":558.77,"y":588.59},{"time":0.5667,"x":818.38,"y":810.86}],"scale":[{"time":0.1667,"x":1.502,"y":1.502},{"time":0.5667,"x":0.022,"y":0.022}]},"sgxx2":{"translate":[{"time":0.1,"x":462.92,"y":420.81},{"time":0.6,"x":215.41,"y":241.45}],"scale":[{"time":0.1,"x":2.162,"y":2.162,"curve":0.575},{"time":0.6,"x":0.019,"y":0.019}]},"sgxx3":{"translate":[{"time":0.2667,"x":285.6,"y":268.8},{"time":0.7333,"x":161.84,"y":120.41}],"scale":[{"time":0.2667,"x":1.199,"y":1.199},{"time":0.7333,"x":0.166,"y":0.166}]},"sgxx4":{"translate":[{"time":0.2333,"x":560.16,"y":442.45},{"time":0.5,"x":858.01,"y":676.5}],"scale":[{"time":0.2333,"x":1.015,"y":1.015},{"time":0.5,"x":0.272,"y":0.272}]},"sgxx5":{"translate":[{"time":0.3,"x":93.66,"y":69.22},{"time":0.7667,"x":-65.15,"y":-50.9}],"scale":[{"time":0.3,"x":1.602,"y":1.602},{"time":0.7667,"x":0.042,"y":0.042}]},"sgxx6":{"translate":[{"time":0.1333,"x":329.13,"y":617.82},{"time":0.5667,"x":441.67,"y":681.44}],"scale":[{"time":0.1333,"x":2.356,"y":2.356,"curve":0.633,"c4":0.86},{"time":0.5667,"x":0.558,"y":0.558}]},"sgxx7":{"translate":[{"time":0.2667,"x":622.1,"y":246.53},{"time":0.5667,"x":701.66,"y":300.61}],"scale":[{"time":0.2667,"x":1.654,"y":1.654},{"time":0.5667,"x":0.116,"y":0.116}]},"sgxx8":{"translate":[{"x":329.29,"y":-182.08,"curve":"stepped"},{"time":0.2,"x":329.29,"y":-182.08},{"time":0.6667,"x":170.47,"y":-330.94}],"scale":[{"x":2.282,"y":2.282},{"time":0.2,"x":1.6,"y":1.6,"curve":0.25,"c3":0.75},{"time":0.3,"x":0.657,"y":0.657,"curve":0.25,"c3":0.75},{"time":0.4,"x":1.37,"y":1.37},{"time":0.6667,"x":0.009,"y":0.009}]},"sgxx16":{"translate":[{"time":0.1333,"x":108.83,"y":208.95},{"time":0.5667,"x":197.54,"y":294.32}],"scale":[{"time":0.1333,"x":1.641,"y":1.641},{"time":0.5667,"x":0.22,"y":0.22}]},"sgxx17":{"translate":[{"time":0.1333,"x":239.37,"y":-10.92},{"time":0.6,"x":447.72,"y":182.7}],"scale":[{"time":0.1333,"x":1.462,"y":1.462},{"time":0.6,"x":0.065,"y":0.065}]},"sgxx18":{"translate":[{"time":0.1333,"x":40.87,"y":430.89},{"time":0.6,"x":265.85,"y":596.16}],"scale":[{"time":0.1333,"x":2.007,"y":2.007},{"time":0.6,"x":0.374,"y":0.374}]},"sgxx19":{"translate":[{"time":0.3667,"x":225.13,"y":757.07},{"time":0.9,"x":377.63,"y":852.38}],"scale":[{"time":0.3667,"x":2.007,"y":2.007,"curve":0,"c2":0.4},{"time":0.9,"x":0.032,"y":0.032}]},"sgxx11":{"translate":[{"time":0.3,"x":257.87,"y":601.69},{"time":0.6333,"x":332.8,"y":663.4}],"scale":[{"time":0.3,"x":1.822,"y":1.822},{"time":0.6333,"x":0.061,"y":0.061}]},"sgxx12":{"translate":[{"time":0.3667,"x":532.41,"y":230.07},{"time":0.6,"x":607.64,"y":297.16}],"scale":[{"time":0.3667},{"time":0.6,"x":0.007,"y":0.007}]},"sgxx20":{"translate":[{"time":0.3,"x":83.76,"y":807.56},{"time":0.6667,"x":176.48,"y":865.39}],"scale":[{"time":0.3,"x":0.902,"y":0.902},{"time":0.6667,"x":0.008,"y":0.008}]},"sgxx21":{"translate":[{"time":0.1667,"x":60.45,"y":2.44},{"time":0.5,"x":107.63,"y":53.4}],"scale":[{"time":0.1667,"x":0.682,"y":0.682},{"time":0.5,"x":0.042,"y":0.042}]},"sgxx22":{"translate":[{"time":0.3,"x":240.78,"y":500.02},{"time":0.6667,"x":431.42,"y":645.81}],"scale":[{"time":0.3,"x":1.823,"y":1.823},{"time":0.6667,"x":0.057,"y":0.057}]},"sgxx23":{"translate":[{"time":0.3333,"x":527.24,"y":135.08},{"time":0.6667,"x":644.51,"y":250.25}],"scale":[{"time":0.3333,"x":1.709,"y":1.709,"curve":0,"c2":0.31},{"time":0.6667,"x":0.073,"y":0.073}]},"sgxx14":{"translate":[{},{"time":0.5333,"x":-38.56,"y":-31.14}],"scale":[{"x":1.636,"y":1.636},{"time":0.5333,"x":0.874,"y":0.874}]},"sgxx15":{"translate":[{"x":-97.33,"y":349.78}],"scale":[{"x":2.076,"y":2.076,"curve":0.721},{"time":0.5333,"x":0.088,"y":0.088}]},"sgxx25":{"translate":[{"x":-104.22,"y":636.77}],"scale":[{"x":1.659,"y":1.659},{"time":0.6667,"x":0.039,"y":0.039}]},"sgxx26":{"translate":[{"x":-104.22,"y":636.77}],"scale":[{"x":1.659,"y":1.659},{"time":0.6667,"x":0.955,"y":0.955}]},"sgxx28":{"translate":[{"time":0.5,"x":548.29,"y":744.44},{"time":0.9,"x":729.02,"y":902.64}],"scale":[{"time":0.5,"x":1.709,"y":1.709,"curve":0,"c2":0.31},{"time":0.9,"x":0.073,"y":0.073}]},"sgxx29":{"translate":[{"time":0.4667,"x":534.93,"y":615.98},{"time":0.8,"x":659.75,"y":750.52}],"scale":[{"time":0.4667,"x":1.607,"y":1.607,"curve":0.25},{"time":0.8,"x":0.073,"y":0.073}]},"sgxx30":{"translate":[{"time":0.4667,"x":577.66,"y":540.98},{"time":0.8667,"x":756.9,"y":796.01}],"scale":[{"time":0.4667,"x":1.428,"y":1.428},{"time":0.8667,"x":0.073,"y":0.073}]},"sgxx31":{"translate":[{"time":0.0667,"x":39.31,"y":-126.44},{"time":0.5333,"x":271.75,"y":99.73}],"scale":[{"time":0.0667,"x":3.268,"y":3.268,"curve":0,"c3":0.75},{"time":0.5333,"x":0.092,"y":0.092}]},"sgxx32":{"translate":[{"time":0.0667,"x":6.11,"y":181.2},{"time":0.5333,"x":221.92,"y":423.49}],"scale":[{"time":0.0667,"x":3.39,"y":3.39,"curve":0,"c3":0.75},{"time":0.5333,"x":0.092,"y":0.092}]},"sgxx33":{"translate":[{"time":0.3667,"x":353.56,"y":557.88},{"time":0.6667,"x":490.33,"y":676.28}],"scale":[{"time":0.3667,"x":1.903,"y":1.903,"curve":0,"c3":0.75},{"time":0.6667,"x":0.317,"y":0.317}]},"sgxx34":{"translate":[{"time":0.3667,"x":472.75,"y":373.55},{"time":0.6333,"x":562.65,"y":449.5}],"scale":[{"time":0.3667,"x":1.204,"y":1.204},{"time":0.6333,"x":0.09,"y":0.09}]},"sgxx35":{"translate":[{"time":0.3333,"x":497.17,"y":186.33},{"time":0.6333,"x":619.27,"y":324.71}],"scale":[{"time":0.3333,"x":1.568,"y":1.568},{"time":0.6333,"x":0.053,"y":0.053}]},"sgxx36":{"translate":[{"time":0.4333,"x":649.8,"y":271.8},{"time":0.6,"x":863.47,"y":505.83}],"scale":[{"time":0.4333,"x":1.568,"y":1.568}]},"sgxx37":{"translate":[{"time":0.5667,"x":639.25,"y":751.32},{"time":0.7667,"x":728.15,"y":858.83}],"scale":[{"time":0.5667,"x":0.983,"y":0.983,"curve":0,"c3":0.75},{"time":0.7667,"x":0.118,"y":0.118}]},"bone4":{"translate":[{"y":-100.29}]},"gd_00000":{"translate":[{"x":1.66,"y":106.43}],"scale":[{"x":0,"y":0,"curve":0.035,"c3":0.75},{"time":0.6333,"x":14.196,"y":14.196}]},"gd_0":{"translate":[{"x":1.66,"y":106.43}],"scale":[{"x":0,"y":0,"curve":0.035,"c3":0.75},{"time":0.6333,"x":14.196,"y":14.196}]},"sgxx9":{"translate":[{"time":0.2667,"x":285.6,"y":268.8},{"time":0.7333,"x":161.84,"y":120.41}],"scale":[{"time":0.2667,"x":1.199,"y":1.199},{"time":0.7333,"x":0.166,"y":0.166}]},"sgxx24":{"translate":[{},{"time":0.5333,"x":-38.56,"y":-31.14}],"scale":[{"x":1.636,"y":1.636},{"time":0.5333,"x":0.874,"y":0.874}]},"sgxx10":{"translate":[{"time":0.1,"x":462.92,"y":420.81},{"time":0.6,"x":215.41,"y":241.45}],"scale":[{"time":0.1,"x":2.162,"y":2.162,"curve":0.575},{"time":0.6,"x":0.019,"y":0.019}]}}},"sg5":{"slots":{"gd_0":{"color":[{"color":"ffffff00"},{"time":0.6667,"color":"ffd79481"},{"time":0.8333,"color":"ffdfab00"}]},"gd_00000":{"color":[{"color":"ffffff00","curve":0,"c3":0.15,"c4":0.99},{"time":0.5,"color":"fff994ff"},{"time":1.5667,"color":"ffdfab00"}],"attachment":[{"name":"gd_00000"}]},"sg":{"color":[{"color":"ffffff00"},{"time":0.0333,"color":"ffffffff","curve":"stepped"},{"time":0.9333,"color":"ffffffff"},{"time":1,"color":"ffffff00"}]},"sgxx":{"color":[{"time":0.5333,"color":"ffffff00","curve":0.25,"c3":0.75},{"time":1,"color":"ffffff78","curve":0.25,"c3":0.75},{"time":1.4667,"color":"ffffff00"}],"attachment":[{"time":0.5333,"name":"sgxx"}]},"sgxx2":{"color":[{"time":2.1667,"color":"ffffff00","curve":0.25,"c3":0.75},{"time":2.5667,"color":"ffffff77","curve":0.415,"c3":0.954,"c4":0.82},{"time":3.1667,"color":"ffffff00","curve":"stepped"},{"time":3.5,"color":"ffffff00"}],"attachment":[{"time":2.1667,"name":"sgxx"}]},"sgxx3":{"color":[{"time":1.8333,"color":"ffffff00","curve":0.25,"c3":0.75},{"time":2.1667,"color":"ffffff6c","curve":0.415,"c3":0.954,"c4":0.82},{"time":2.5,"color":"fff3c800"}],"attachment":[{"time":1.8333,"name":"sgxx"}]},"sgxx4":{"color":[{"time":0.5333,"color":"ffffff00","curve":0,"c2":0.21,"c3":0.636},{"time":0.9,"color":"ffffff78","curve":0.25,"c3":0.75},{"time":1.4,"color":"ffffff00"}],"attachment":[{"time":0.5333,"name":"sgxx"}]},"sgxx5":{"color":[{"time":0.3667,"color":"ffffff00","curve":0,"c2":0.21,"c3":0.636},{"time":0.7667,"color":"ffffffac","curve":0.25,"c3":0.75},{"time":1.7667,"color":"ffffff00"}],"attachment":[{"time":0.3667,"name":"sgxx"}]},"sgxx6":{"color":[{"time":2.0667,"color":"ffffff00","curve":0,"c2":0.21,"c3":0.636},{"time":2.3667,"color":"ffffff7a","curve":0.25,"c3":0.75},{"time":2.8333,"color":"ffffff00"}],"attachment":[{"time":2.0667,"name":"sgxx"}]},"sgxx7":{"color":[{"time":0.3,"color":"ffffff00","curve":0,"c2":0.21,"c3":0.636},{"time":0.6667,"color":"ffffff78","curve":0.25,"c3":0.75},{"time":1.2333,"color":"ffffff00"}],"attachment":[{"time":0.3,"name":"sgxx"}]},"sgxx8":{"color":[{"time":0.6667,"color":"ffffff00","curve":0,"c2":0.21,"c3":0.636},{"time":1,"color":"ffffffff","curve":0.25,"c3":0.75},{"time":1.3333,"color":"ffffff00"}],"attachment":[{"time":0.6667,"name":"sgxx"}]},"sgxx9":{"color":[{"time":1.1667,"color":"ffffff00","curve":0,"c2":0.21,"c3":0.636},{"time":1.5,"color":"ffffffff","curve":0.25,"c3":0.75},{"time":2,"color":"fff3c800"}],"attachment":[{"time":1.1667,"name":"sgxx"}]},"sgxx10":{"color":[{"time":2,"color":"ffffff00","curve":0,"c2":0.21,"c3":0.636},{"time":2.3333,"color":"ffffff7f","curve":0.25,"c3":0.75},{"time":2.9667,"color":"ffffff00"}],"attachment":[{"time":2,"name":"sgxx"}]},"sgxx11":{"color":[{"time":1.1667,"color":"ffffff00","curve":0,"c2":0.21,"c3":0.636},{"time":1.5333,"color":"ffffffbf","curve":0.25,"c3":0.75},{"time":2,"color":"ffffff00"}],"attachment":[{"time":1.1667,"name":"sgxx"}]},"sgxx12":{"color":[{"time":0.6667,"color":"ffffff00","curve":0,"c2":0.21,"c3":0.636},{"time":1.0333,"color":"ffffff78","curve":0.25,"c3":0.75},{"time":1.5667,"color":"ffffff00"}],"attachment":[{"time":0.6667,"name":"sgxx"}]},"sgxx14":{"color":[{"time":0.6,"color":"ffffff00","curve":0,"c2":0.21,"c3":0.636},{"time":0.9,"color":"ffffffa0","curve":0.25,"c3":0.75},{"time":1.5667,"color":"ffffff00"}],"attachment":[{"time":0.6,"name":"sgxx"}]},"sgxx15":{"color":[{"time":1.6667,"color":"ffffff00","curve":0,"c2":0.21,"c3":0.636},{"time":2.0333,"color":"ffffff8a","curve":0.25,"c3":0.75},{"time":2.6333,"color":"ffffff00"}],"attachment":[{"time":1.6667,"name":"sgxx"}]},"sgxx16":{"color":[{"time":0.3667,"color":"ffffff00","curve":0,"c2":0.21,"c3":0.636},{"time":0.7667,"color":"ffffff78","curve":0.25,"c3":0.75},{"time":1.4667,"color":"ffffff00"}],"attachment":[{"time":0.3667,"name":"sgxx"}]},"sgxx17":{"color":[{"time":0.1333,"color":"ffffff00","curve":0,"c2":0.21,"c3":0.636},{"time":0.4667,"color":"ffffff78","curve":0.25,"c3":0.75},{"time":0.9667,"color":"ffffff00"}],"attachment":[{"time":0.1333,"name":"sgxx"}]},"sgxx18":{"color":[{"time":1.3333,"color":"ffffff00","curve":0,"c2":0.21,"c3":0.636},{"time":1.6667,"color":"ffffff81","curve":0.25,"c3":0.75},{"time":2.2,"color":"ffffff00"}],"attachment":[{"time":1.3333,"name":"sgxx"}]},"sgxx24":{"color":[{"time":1.2333,"color":"ffffff00","curve":0,"c2":0.21,"c3":0.636},{"time":1.7667,"color":"ffffff83","curve":0.25,"c3":0.75},{"time":2.2667,"color":"ffffff00"}],"attachment":[{"time":1.2333,"name":"sgxx"}]},"sgxx25":{"color":[{"time":0.4,"color":"ffffff00","curve":0,"c2":0.21,"c3":0.636},{"time":0.8667,"color":"ffffff78","curve":0.25,"c3":0.75},{"time":1.5667,"color":"ffffff00"}],"attachment":[{"time":0.4,"name":"sgxx"}]},"sgxx26":{"color":[{"time":0.3,"color":"ffffff00","curve":0,"c2":0.21,"c3":0.636},{"time":0.6667,"color":"ffffffff","curve":0.25,"c3":0.75},{"time":1.2,"color":"ffffff00"}],"attachment":[{"time":0.3,"name":"sgxx"}]}},"bones":{"sg":{"translate":[{},{"time":1,"x":987.28,"y":951.92}]},"gd_00000":{"translate":[{"x":14.27,"y":83.4}],"scale":[{"x":0.5,"y":0.5,"curve":0.035,"c3":0.75},{"time":1.5667,"x":20,"y":20}]},"gd_0":{"translate":[{"x":14.27,"y":83.4}],"scale":[{"x":0,"y":0,"curve":0.035,"c3":0.75},{"time":0.9667,"x":20,"y":20}]},"sgxx2":{"translate":[{"time":2.1667,"x":529.06,"y":1090.63}],"scale":[{"time":2.1667,"x":1.235,"y":1.235},{"time":2.5667,"x":2.47,"y":2.47},{"time":3.1667,"x":1.235,"y":1.235}]},"sgxx3":{"translate":[{"time":1.8333,"x":1024.39,"y":544.16}],"scale":[{"time":1.8333,"x":0.343,"y":0.343},{"time":2.1667,"x":1.029,"y":1.029},{"time":2.5,"x":0.343,"y":0.343}]},"sgxx5":{"translate":[{"time":0.3667,"x":677,"y":335.31}],"scale":[{"time":0.3667,"x":1.238,"y":1.238}]},"sgxx8":{"translate":[{"time":0.6667,"x":684.84,"y":53.75}],"scale":[{"time":0.6667,"x":0.976,"y":0.976}]},"bone4":{"translate":[{"y":-100.29}]},"sgxx14":{"translate":[{"time":0.6,"x":389.71,"y":1185.07}],"scale":[{"time":0.6,"x":1.465,"y":1.465,"curve":"stepped"},{"time":1.0333,"x":1.465,"y":1.465},{"time":1.5667,"x":0,"y":0}]},"sgxx15":{"translate":[{"time":1.6667,"x":246.66,"y":756.6}],"scale":[{"time":1.6667,"x":0.732,"y":0.732},{"time":2.0333,"x":1.709,"y":1.709},{"time":2.6333,"x":0.732,"y":0.732}]},"sgxx25":{"translate":[{"time":0.4,"x":368.96,"y":703.49}],"scale":[{"time":0.4,"x":0.976,"y":0.976}]},"sgxx26":{"translate":[{"time":0.3,"x":366.89,"y":1292.08}],"scale":[{"time":0.3,"x":0.976,"y":0.976}]},"sgxx6":{"translate":[{"time":2.0667,"x":713.5,"y":618.73}],"scale":[{"time":2.0667,"x":2.164,"y":2.164}]},"sgxx":{"translate":[{"time":0.5333,"x":564.99,"y":859.8}],"scale":[{"time":0.5333,"x":0.597,"y":0.597}]},"sgxx4":{"translate":[{"time":0.5333,"x":757.37,"y":685.45}],"scale":[{"time":0.5333,"x":0.732,"y":0.732}]},"sgxx7":{"translate":[{"time":0.3,"x":434.98,"y":847.42}],"scale":[{"time":0.3,"x":1.082,"y":1.082}]},"sgxx11":{"translate":[{"time":1.1667,"x":231.92,"y":3.3}],"scale":[{"time":1.1667,"x":0.976,"y":0.976}]},"sgxx12":{"translate":[{"time":0.6667,"x":568.07,"y":535.5}],"scale":[{"time":0.6667,"x":1.082,"y":1.082}]},"sgxx16":{"translate":[{"time":0.3667,"x":183.02,"y":443.98}],"scale":[{"time":0.3667,"x":0.976,"y":0.976}]},"sgxx17":{"translate":[{"time":0.1333,"x":365.21,"y":357.52}],"scale":[{"time":0.1333,"x":0.976,"y":0.976}]},"sgxx18":{"translate":[{"time":1.3333,"x":669,"y":92.07}],"scale":[{"time":1.3333,"x":0.488,"y":0.488},{"time":1.6667,"x":1.465,"y":1.465},{"time":2.2,"x":0,"y":0}]},"sgxx9":{"translate":[{"time":1.1667,"x":1013.63,"y":790.24}],"scale":[{"time":1.1667,"x":0.686,"y":0.686,"curve":0,"c2":0.21,"c3":0.589,"c4":0.98},{"time":1.5,"x":1.372,"y":1.372,"curve":0.25,"c3":0.75},{"time":2,"x":0.686,"y":0.686}]},"sgxx24":{"translate":[{"time":1.2333,"x":9.52,"y":1082.59}],"scale":[{"time":1.2333,"x":0,"y":0,"curve":0,"c2":0.21,"c3":0.636},{"time":1.7667,"x":1.465,"y":1.465,"curve":0.25,"c3":0.75},{"time":2.2667,"x":0,"y":0}]},"sgxx10":{"translate":[{"time":2,"x":802.23,"y":1329.92}],"scale":[{"time":2,"x":0,"y":0},{"time":2.3333,"x":2.161,"y":2.161},{"time":2.9667,"x":0,"y":0}]}},"events":[{"time":0.8333,"name":"end"}]}}}