{"skeleton":{"hash":"PPfbIxaxEXjCvbLPBXbvhd5m7Wc","spine":"3.8.95","images":"./images/","audio":"E:/Art/UI/setting/images"},"bones":[{"name":"root"},{"name":"bone","parent":"root"},{"name":"line","parent":"bone","length":150.93,"rotation":-45.12,"x":-53.45,"y":53.38},{"name":"sound","parent":"bone","x":-10.54,"y":1.07},{"name":"sound1","parent":"sound","x":25.65,"y":-0.81},{"name":"sound3","parent":"sound","x":32.94},{"name":"haptic","parent":"bone","x":-0.11,"y":-4.07}],"slots":[{"name":"iconbg","bone":"bone"},{"name":"iconbg_close","bone":"bone"},{"name":"sound2","bone":"sound3"},{"name":"sound1","bone":"sound1"},{"name":"sound","bone":"sound"},{"name":"haptic","bone":"haptic"},{"name":"line","bone":"line"}],"skins":[{"name":"default","attachments":{"haptic":{"haptic":{"x":0.11,"y":4.07,"width":66,"height":58}},"iconbg":{"iconbg":{"width":128,"height":128}},"iconbg_close":{"iconbg_close":{"width":128,"height":128}},"line":{"line":{"x":75.54,"y":0.22,"rotation":45.12,"width":113,"height":114}},"sound":{"sound":{"x":-1.96,"y":-1.07,"width":39,"height":54}},"sound1":{"sound1":{"x":1.39,"y":-0.26,"width":11,"height":24}},"sound2":{"sound2":{"x":-0.9,"y":-1.07,"width":21,"height":50}}}}],"animations":{"haptic1":{"slots":{"haptic":{"attachment":[{"name":"haptic"}]},"iconbg":{"color":[{"color":"ffffffff","curve":0,"c3":0.75},{"time":0.2,"color":"ffffff00"}],"attachment":[{"name":"iconbg"}]},"iconbg_close":{"color":[{"color":"ffffff00","curve":0,"c3":0.75},{"time":0.2,"color":"ffffffff"}],"attachment":[{"name":"iconbg_close"}]},"line":{"color":[{"color":"ffffff00","curve":0.25},{"time":0.1667,"color":"ffffffff"}],"attachment":[{"name":"line"}]}},"bones":{"line":{"scale":[{"x":0,"curve":0.25},{"time":0.2333}]},"haptic":{"scale":[{"curve":0.25,"c3":0.75},{"time":0.2,"x":1.065,"y":1.065,"curve":0.25,"c3":0.75},{"time":0.4}]}}},"haptic2":{"slots":{"haptic":{"attachment":[{"name":"haptic"}]},"iconbg":{"color":[{"color":"ffffff00","curve":0,"c3":0.75},{"time":0.2333,"color":"ffffffff"}],"attachment":[{"name":"iconbg"}]},"iconbg_close":{"color":[{"color":"ffffffff","curve":0,"c3":0.75},{"time":0.2333,"color":"ffffff00"}],"attachment":[{"name":"iconbg_close"}]},"line":{"color":[{"time":0.1333,"color":"ffffffff"},{"time":0.2333,"color":"ffffff00"}],"attachment":[{"name":"line"}]}},"bones":{"line":{"scale":[{"curve":0,"c3":0.75},{"time":0.2333,"x":0}]},"haptic":{"rotate":[{"curve":0.25,"c3":0.75},{"time":0.1,"angle":-7.08,"curve":0.25,"c3":0.75},{"time":0.1667,"angle":4.1,"curve":0.25,"c3":0.75},{"time":0.2667,"angle":-7.08,"curve":0.25,"c3":0.75},{"time":0.3333,"angle":4.1,"curve":0.25,"c3":0.75},{"time":0.4333}],"scale":[{"curve":0.25,"c3":0.75},{"time":0.2,"x":1.085,"y":1.085,"curve":0.25,"c3":0.75},{"time":0.4333}]}}},"haptic3":{"slots":{"haptic":{"attachment":[{"name":"haptic"}]},"iconbg":{"attachment":[{"name":"iconbg"}]},"iconbg_close":{"color":[{"color":"ffffff00"}],"attachment":[{"name":"iconbg_close"}]},"line":{"color":[{"color":"ffffff00"}],"attachment":[{"name":"line"}]}},"bones":{"line":{"scale":[{"x":0}]}}},"haptic4":{"slots":{"haptic":{"attachment":[{"name":"haptic"}]},"iconbg":{"color":[{"color":"ffffff00"}],"attachment":[{"name":"iconbg"}]},"iconbg_close":{"attachment":[{"name":"iconbg_close"}]},"line":{"attachment":[{"name":"line"}]}}},"sound1":{"slots":{"iconbg":{"color":[{"color":"ffffffff","curve":0,"c3":0.75},{"time":0.2,"color":"ffffff00"}],"attachment":[{"name":"iconbg"}]},"iconbg_close":{"color":[{"color":"ffffff00","curve":0,"c3":0.75},{"time":0.2,"color":"ffffffff"}],"attachment":[{"name":"iconbg_close"}]},"line":{"color":[{"color":"ffffff00"},{"time":0.1667,"color":"ffffffff"}],"attachment":[{"name":"line"}]},"sound":{"attachment":[{"name":"sound"}]},"sound1":{"attachment":[{"name":"sound1"}]},"sound2":{"attachment":[{"name":"sound2"}]}},"bones":{"sound":{"scale":[{"curve":0.25,"c3":0.75},{"time":0.2,"x":1.065,"y":1.065,"curve":0.25,"c3":0.75},{"time":0.4}]},"line":{"scale":[{"x":0,"curve":0.25},{"time":0.2333}]}}},"sound2":{"slots":{"iconbg":{"color":[{"color":"ffffff00","curve":0,"c3":0.75},{"time":0.2333,"color":"ffffffff"}],"attachment":[{"name":"iconbg"}]},"iconbg_close":{"color":[{"color":"ffffffff","curve":0,"c3":0.75},{"time":0.2333,"color":"ffffff00"}],"attachment":[{"name":"iconbg_close"}]},"line":{"color":[{"time":0.1333,"color":"ffffffff"},{"time":0.2333,"color":"ffffff00"}],"attachment":[{"name":"line"}]},"sound":{"attachment":[{"name":"sound"}]},"sound1":{"attachment":[{"name":"sound1"}]},"sound2":{"attachment":[{"name":"sound2"}]}},"bones":{"sound":{"scale":[{"curve":0.25,"c3":0.75},{"time":0.2,"x":1.065,"y":1.065,"curve":0.25,"c3":0.75},{"time":0.4}]},"line":{"scale":[{"curve":0,"c3":0.75},{"time":0.2333,"x":0}]},"sound1":{"translate":[{"curve":0,"c3":0.75},{"time":0.0667,"x":-0.15,"curve":0.25,"c3":0.75},{"time":0.2333,"x":4.09,"curve":0.25,"c3":0.75},{"time":0.4333}],"scale":[{"curve":0,"c3":0.75},{"time":0.0667,"x":1.031,"y":1.031,"curve":0.25,"c3":0.75},{"time":0.2333,"x":1.393,"y":1.393,"curve":0.25,"c3":0.75},{"time":0.4333}]},"sound3":{"translate":[{"curve":0.25,"c3":0.75},{"time":0.1,"x":-0.15,"curve":0.25,"c3":0.75},{"time":0.2667,"x":4.09,"curve":0.25,"c3":0.75},{"time":0.5333}],"scale":[{"curve":0.25,"c3":0.75},{"time":0.1,"x":0.998,"y":0.998,"curve":0.25,"c3":0.75},{"time":0.2667,"x":1.393,"y":1.393,"curve":0.25,"c3":0.75},{"time":0.5333}]}}},"sound3":{"slots":{"iconbg":{"attachment":[{"name":"iconbg"}]},"iconbg_close":{"color":[{"color":"ffffff00"}],"attachment":[{"name":"iconbg_close"}]},"line":{"attachment":[{"name":"line"}]},"sound":{"attachment":[{"name":"sound"}]},"sound1":{"attachment":[{"name":"sound1"}]},"sound2":{"attachment":[{"name":"sound2"}]}},"bones":{"line":{"scale":[{"x":0}]}}},"sound4":{"slots":{"iconbg":{"color":[{"color":"ffffff00"}],"attachment":[{"name":"iconbg"}]},"iconbg_close":{"attachment":[{"name":"iconbg_close"}]},"line":{"attachment":[{"name":"line"}]},"sound":{"attachment":[{"name":"sound"}]},"sound1":{"attachment":[{"name":"sound1"}]},"sound2":{"attachment":[{"name":"sound2"}]}}}}}