{"skeleton":{"hash":"LqHPQnF0hToTK4nxs4Evex7jqIo","spine":"3.8.95","x":-360,"y":-651.04,"width":720,"height":1291.04,"images":"./images/","audio":""},"bones":[{"name":"root"},{"name":"hand1","parent":"root","x":-113.96,"y":-564.91},{"name":"hand3","parent":"hand1","length":46.08,"rotation":123.69,"x":-76.16,"y":111.03}],"slots":[{"name":"bg","bone":"root"},{"name":"hand1","bone":"hand1","attachment":"hand1"}],"skins":[{"name":"default","attachments":{"hand1":{"hand1":{"type":"mesh","uvs":[0.12117,0.03391,0.15543,0.07166,0.18237,0.10856,0.20794,0.14358,0.23653,0.17823,0.26455,0.21219,0.27535,0.21803,0.34465,0.18584,0.62153,0.14905,0.75477,0.25941,0.79849,0.55923,1,0.78363,1,1,0.60354,0.99551,0.40358,0.76277,0.13055,0.65405,0,0.39714,0.0831,0.35331,0.1471,0.37734,0.1823,0.35755,0.14083,0.2757,0.11321,0.24017,0.07977,0.19713,0.05071,0.1558,0.02535,0.11974,0,0.08221,0,0,0.09039,0],"triangles":[22,2,3,22,23,2,23,1,2,23,24,1,24,0,1,24,25,0,25,27,0,25,26,27,13,11,12,13,10,11,13,14,10,14,15,19,15,18,19,10,14,19,19,6,7,10,7,9,9,7,8,19,7,10,15,16,18,18,16,17,6,20,5,6,19,20,20,4,5,20,21,4,21,3,4,21,22,3],"vertices":[2,1,-87.97,154.42,0.04164,2,42.66,-14.24,0.95836,2,1,-80.44,145.02,0.088,2,30.66,-15.3,0.912,2,1,-74.51,135.83,0.28135,2,19.72,-15.13,0.71865,2,1,-68.88,127.11,0.46476,2,9.35,-14.97,0.53524,2,1,-62.59,118.49,0.64017,2,-1.32,-15.42,0.35983,2,1,-56.43,110.03,0.81209,2,-11.78,-15.86,0.18791,1,1,-54.05,108.57,1,1,1,-38.81,116.59,1,1,1,22.11,125.75,1,1,1,51.42,98.27,1,1,1,61.04,23.62,1,1,1,105.37,-32.26,1,1,1,105.37,-86.14,1,1,1,18.15,-85.02,1,1,1,-25.84,-27.07,1,1,1,-85.91,0.01,1,1,1,-114.63,63.98,1,1,1,-96.35,74.89,1,1,1,-82.27,68.91,1,1,1,-74.52,73.83,1,2,1,-83.65,94.21,0.808,2,-9.84,15.56,0.192,2,1,-89.72,103.06,0.65241,2,0.9,15.71,0.34759,2,1,-97.08,113.78,0.464,2,13.89,15.88,0.536,2,1,-103.47,124.07,0.26321,2,26,15.49,0.73679,2,1,-109.05,133.05,0.088,2,36.57,15.15,0.912,1,2,47.44,14.61,1,1,2,64.47,3.26,1,1,2,53.44,-13.29,1],"hull":28,"edges":[52,54,50,52,50,48,40,38,38,36,36,34,34,32,32,30,30,28,28,26,24,22,20,22,20,18,18,16,16,14,10,12,12,14,24,26,6,8,8,10,40,42,42,44,44,46,46,48,2,4,4,6,2,0,0,54],"width":220,"height":249}}}}],"animations":{"animation":{"slots":{"hand1":{"color":[{"color":"ffffff00","curve":0,"c3":0.75},{"time":0.3333,"color":"ffffffff","curve":"stepped"},{"time":1.2667,"color":"ffffffff","curve":0,"c3":0.75},{"time":1.6,"color":"ffffff00"}]}},"bones":{"hand1":{"translate":[{"curve":"stepped"},{"time":0.3333,"curve":0,"c3":0.572,"c4":0.99},{"time":1.3333,"x":199.09,"y":633.28}]}}},"dianji":{"bones":{"hand1":{"translate":[{"x":113.96,"y":564.91,"curve":0.25},{"time":0.2333,"x":106.65,"y":573.68,"curve":0,"c3":0.75},{"time":0.4333,"x":113.96,"y":564.91}],"scale":[{"curve":0.25},{"time":0.2333,"x":0.9,"y":0.9,"curve":0,"c3":0.75},{"time":0.4333}]},"hand3":{"rotate":[{"curve":0,"c3":0.75},{"time":0.2333,"angle":16.96,"curve":"stepped"},{"time":0.3,"angle":16.96,"curve":0.25},{"time":0.4333}]},"root":{"translate":[{}]}}},"dianji1":{"bones":{"hand1":{"translate":[{"x":113.96,"y":564.91,"curve":0.25},{"time":0.2333,"x":106.65,"y":573.68}],"scale":[{"curve":0.25},{"time":0.2333,"x":0.9,"y":0.9}]},"hand3":{"rotate":[{"curve":0,"c3":0.75},{"time":0.2333,"angle":16.96}]},"root":{"translate":[{}]}}},"dianji2":{"bones":{"hand1":{"translate":[{"x":106.65,"y":573.68}],"scale":[{"x":0.9,"y":0.9}]},"hand3":{"rotate":[{"angle":16.96}]}}},"dianji3":{"bones":{"hand1":{"translate":[{"x":106.65,"y":573.68,"curve":0,"c3":0.75},{"time":0.2,"x":113.96,"y":564.91}],"scale":[{"x":0.9,"y":0.9,"curve":0,"c3":0.75},{"time":0.2}]},"hand3":{"rotate":[{"angle":16.96,"curve":"stepped"},{"time":0.0667,"angle":16.96,"curve":0.25},{"time":0.2}]}}},"dianji11":{"bones":{"hand1":{"translate":[{"x":113.96,"y":564.91}],"scale":[{}]},"hand3":{"rotate":[{}]}}},"sudu":{"slots":{"hand1":{"color":[{"color":"ffffff00","curve":0,"c3":0.75},{"time":0.3333,"color":"ffffffff","curve":"stepped"},{"time":0.8333,"color":"ffffffff","curve":"stepped"},{"time":1.7667,"color":"ffffffff","curve":0,"c3":0.75},{"time":2.1,"color":"ffffff00"}]}},"bones":{"hand1":{"translate":[{"curve":"stepped"},{"time":0.3333,"curve":0.25},{"time":0.5667,"x":-7.31,"y":8.77,"curve":0,"c3":0.75},{"time":0.7667,"curve":"stepped"},{"time":0.8333,"curve":0,"c3":0.572,"c4":0.99},{"time":1.8333,"x":199.09,"y":633.28}],"scale":[{"curve":"stepped"},{"time":0.3333,"curve":0.25},{"time":0.5667,"x":0.9,"y":0.9,"curve":0,"c3":0.75},{"time":0.7667}]},"hand3":{"rotate":[{"curve":"stepped"},{"time":0.3333,"curve":0,"c3":0.75},{"time":0.5667,"angle":16.96,"curve":"stepped"},{"time":0.6333,"angle":16.96,"curve":0.25},{"time":0.7667}]}}}}}