{"skeleton":{"hash":"1plz1W2S3okCiNdq6LASD6xPqhA","spine":"3.8.95","x":-248.38,"y":-69.36,"width":529.69,"height":477.97,"images":"./images/","audio":"E:/Art/UI/3_1_daily/images"},"bones":[{"name":"root"},{"name":"qxxxx","parent":"root"},{"name":"star4","parent":"qxxxx","scaleX":0.6249,"scaleY":0.6249},{"name":"qxx","parent":"qxxxx","x":-75.6,"y":45.69},{"name":"star5","parent":"qxx","x":61.28,"y":-0.23,"scaleX":1.209,"scaleY":1.209},{"name":"star6","parent":"qxx","x":61.28,"y":-0.23,"scaleX":1.1894,"scaleY":1.1894},{"name":"star7","parent":"qxx","x":61.28,"y":-0.23,"scaleX":1.0756,"scaleY":1.0756},{"name":"star8","parent":"qxx","x":61.28,"y":-0.23,"scaleX":1.945,"scaleY":1.945},{"name":"star9","parent":"qxx","x":61.28,"y":-0.23,"scaleX":1.4343,"scaleY":1.4343},{"name":"star10","parent":"qxx","x":61.28,"y":-0.23,"scaleX":0.4242,"scaleY":0.4242},{"name":"star4_1","parent":"star4"},{"name":"star11","parent":"qxx","x":61.28,"y":-0.23,"scaleX":2.0207,"scaleY":2.0207},{"name":"star12","parent":"qxx","x":61.28,"y":-0.23,"scaleX":0.7743,"scaleY":0.7743},{"name":"star13","parent":"qxx","x":61.28,"y":-0.23,"scaleX":1.2446,"scaleY":1.2446},{"name":"baodian","parent":"qxxxx"}],"slots":[{"name":"zu1","bone":"root"},{"name":"star12","bone":"star4_1","blend":"additive"},{"name":"star13","bone":"star4_1","blend":"additive"},{"name":"star6","bone":"star5","blend":"additive"},{"name":"star10","bone":"star9","blend":"additive"},{"name":"star11","bone":"star10","blend":"additive"},{"name":"star9","bone":"star8","blend":"additive"},{"name":"star7","bone":"star6","blend":"additive"},{"name":"star15","bone":"star12","blend":"additive"},{"name":"star16","bone":"star13","blend":"additive"},{"name":"star8","bone":"star7","blend":"additive"},{"name":"star14","bone":"star11","blend":"additive"},{"name":"star4","bone":"star4","attachment":"star4"},{"name":"star5","bone":"star4","color":"ffffff00","attachment":"star4","blend":"additive"},{"name":"baodian","bone":"baodian","blend":"additive"}],"skins":[{"name":"default","attachments":{"baodian":{"baodian":{"width":128,"height":128}},"star4":{"star4":{"width":231,"height":222}},"star5":{"star4":{"width":231,"height":222}},"star6":{"star2":{"x":0.22,"y":-2.96,"width":45,"height":44}},"star7":{"star2":{"x":0.22,"y":-2.96,"width":45,"height":44}},"star8":{"star2":{"x":0.22,"y":-2.96,"width":45,"height":44}},"star9":{"star2":{"x":0.22,"y":-2.96,"width":45,"height":44}},"star10":{"star2":{"x":0.22,"y":-2.96,"width":45,"height":44}},"star11":{"star2":{"x":0.22,"y":-2.96,"width":45,"height":44}},"star12":{"star4_1":{"x":0.81,"width":275,"height":266}},"star13":{"star4_1":{"x":0.81,"width":275,"height":266}},"star14":{"star2":{"x":0.22,"y":-2.96,"width":45,"height":44}},"star15":{"star2":{"x":0.22,"y":-2.96,"width":45,"height":44}},"star16":{"star2":{"x":0.22,"y":-2.96,"width":45,"height":44}}}}],"animations":{"1":{"bones":{"star4":{"scale":[{"x":1.649,"y":1.649}]},"star5":{"translate":[{"x":5.83,"y":-18.42}],"scale":[{"x":0.323,"y":0.323}]},"star6":{"translate":[{"x":23.41,"y":-21.79}],"scale":[{"x":0.323,"y":0.323}]},"star7":{"translate":[{"x":11.22,"y":-33.98}],"scale":[{"x":0.289,"y":0.289}]},"star8":{"translate":[{"x":20.56,"y":-33.66}],"scale":[{"x":0.323,"y":0.323}]},"star9":{"translate":[{"x":19.9,"y":-18.89}],"scale":[{"x":0.323,"y":0.323}]},"star10":{"translate":[{"x":19.9,"y":-18.89}],"scale":[{"x":0.323,"y":0.323}]},"star11":{"translate":[{"x":11.22,"y":-33.98}],"scale":[{"x":0.289,"y":0.289}]},"star12":{"translate":[{"x":23.41,"y":-21.79}],"scale":[{"x":0.323,"y":0.323}]},"star13":{"translate":[{"x":23.41,"y":-21.79}],"scale":[{"x":0.323,"y":0.323}]}}},"star1":{"slots":{"star4":{"color":[{"color":"ffffff00"},{"time":0.2,"color":"ffffffff"}]},"star5":{"color":[{"color":"ffffff00"},{"time":0.2,"color":"ffffff5d"},{"time":0.3,"color":"ffffff48"},{"time":0.6,"color":"ffffff00"}]}},"bones":{"star4":{"scale":[{"x":0.706,"y":0.706,"curve":0,"c3":0.671},{"time":0.2,"x":1.891,"y":1.891,"curve":0.25,"c3":0.75},{"time":0.4,"x":1.507,"y":1.507,"curve":0.25,"c3":0.75},{"time":0.6,"x":1.649,"y":1.649}]},"star5":{"translate":[{"x":5.83,"y":-18.42}],"scale":[{"x":0.323,"y":0.323}]},"star6":{"translate":[{"x":23.41,"y":-21.79}],"scale":[{"x":0.323,"y":0.323}]},"star7":{"translate":[{"x":11.22,"y":-33.98}],"scale":[{"x":0.289,"y":0.289}]},"star8":{"translate":[{"x":20.56,"y":-33.66}],"scale":[{"x":0.323,"y":0.323}]},"star9":{"translate":[{"x":19.9,"y":-18.89}],"scale":[{"x":0.323,"y":0.323}]},"star10":{"translate":[{"x":19.9,"y":-18.89}],"scale":[{"x":0.323,"y":0.323}]},"star11":{"translate":[{"x":11.22,"y":-33.98}],"scale":[{"x":0.289,"y":0.289}]},"star12":{"translate":[{"x":23.41,"y":-21.79}],"scale":[{"x":0.323,"y":0.323}]},"star13":{"translate":[{"x":23.41,"y":-21.79}],"scale":[{"x":0.323,"y":0.323}]}}},"star2_1":{"slots":{"star5":{"color":[{"time":0.4667,"color":"ffffff00"},{"time":0.5333,"color":"ffffff7b","curve":"stepped"},{"time":0.6333,"color":"ffffff7b"},{"time":0.7333,"color":"ffffff00"}]}},"bones":{"star4":{"scale":[{"x":1.649,"y":1.649,"curve":0,"c2":0.01,"c3":0.75},{"time":0.2,"x":2.241,"y":2.241,"curve":0.25,"c3":0.75},{"time":0.5667,"x":0.243,"y":0.243,"curve":0.25},{"time":0.7667,"x":0.315,"y":0.315}]}}},"star2_2":{"slots":{"star5":{"color":[{"time":0.4667,"color":"ffffff00"},{"time":0.5333,"color":"ffffff7b","curve":"stepped"},{"time":0.6333,"color":"ffffff7b"},{"time":0.7333,"color":"ffffff00"}]}},"bones":{"star4":{"rotate":[{"curve":0,"c3":0.409,"c4":0.49},{"time":0.3667,"angle":-97.28,"curve":0.282,"c2":0.49,"c3":0.658},{"time":0.7667,"angle":-143.94}],"scale":[{"x":1.649,"y":1.649,"curve":0,"c2":0.01,"c3":0.75},{"time":0.2,"x":2.241,"y":2.241,"curve":0.25,"c3":0.75},{"time":0.7,"x":0.243,"y":0.243}]}}},"star2_3":{"bones":{"star4":{"rotate":[{},{"time":0.1667,"angle":-58.79},{"time":0.7667,"angle":143.52}],"scale":[{"x":1.649,"y":1.649,"curve":0,"c2":0.01,"c3":0.75},{"time":0.7333,"x":0.243,"y":0.243}]}}},"star3":{"slots":{"baodian":{"color":[{"color":"ffffff5e"},{"time":0.0667,"color":"f3da5fff"},{"time":0.1333,"color":"ffffff00"}],"attachment":[{"name":"baodian"}]},"star4":{"attachment":[{"name":null}]},"star6":{"color":[{"time":0.0333,"color":"ffffffff"},{"time":0.2333,"color":"ffffff00"}],"attachment":[{"time":0.0333,"name":"star2"}]},"star7":{"color":[{"time":0.1,"color":"ffffffff"},{"time":0.2667,"color":"ffffff00"}],"attachment":[{"time":0.1,"name":"star2"}]},"star8":{"color":[{"time":0.0333,"color":"ffffffff"},{"time":0.3333,"color":"ffffff00"}],"attachment":[{"time":0.0333,"name":"star2"}]},"star9":{"color":[{"time":0.0333,"color":"ffffffff"},{"time":0.3,"color":"ffffff00"}],"attachment":[{"time":0.0333,"name":"star2"}]},"star10":{"color":[{"time":0.0333,"color":"ffffffff"},{"time":0.3333,"color":"ffffff00"}],"attachment":[{"time":0.0333,"name":"star2"}]},"star11":{"color":[{"time":0.0333,"color":"ffffffff"},{"time":0.2333,"color":"ffffff00"}],"attachment":[{"time":0.0333,"name":"star2"}]},"star12":{"color":[{"color":"ffffffff","curve":0,"c3":0.569},{"time":0.2333,"color":"ffffff00"}],"attachment":[{"name":"star4_1"}]},"star13":{"color":[{"color":"ffffffff","curve":0,"c3":0.569},{"time":0.2333,"color":"ffffff00"}],"attachment":[{"name":"star4_1"}]},"star14":{"color":[{"time":0.0667,"color":"ffffffff"},{"time":0.3667,"color":"ffffff00"}],"attachment":[{"time":0.0667,"name":"star2"}]},"star15":{"color":[{"time":0.0333,"color":"ffffffff"},{"time":0.4,"color":"ffffff00"}],"attachment":[{"time":0.0333,"name":"star2"}]},"star16":{"color":[{"time":0.0667,"color":"ffffffff"},{"time":0.3333,"color":"ffffff00"}],"attachment":[{"time":0.0667,"name":"star2"}]}},"bones":{"star5":{"rotate":[{"time":0.0333,"curve":0,"c3":0.66},{"time":0.2333,"angle":-171.36}],"translate":[{"x":5.83,"y":-18.42,"curve":"stepped"},{"time":0.0333,"x":5.83,"y":-18.42,"curve":0,"c3":0.66},{"time":0.2333,"x":-12.53,"y":-10.51}],"scale":[{"x":0.323,"y":0.323,"curve":"stepped"},{"time":0.0333,"x":0.323,"y":0.323,"curve":0,"c3":0.66},{"time":0.2333,"x":0.167,"y":0.167}]},"star6":{"rotate":[{"time":0.1,"curve":0,"c3":0.66},{"time":0.2667,"angle":-171.36}],"translate":[{"x":23.41,"y":-21.79,"curve":"stepped"},{"time":0.1,"x":23.41,"y":-21.79,"curve":0,"c3":0.66},{"time":0.2667,"x":46.83,"y":-8.29}],"scale":[{"x":0.323,"y":0.323,"curve":"stepped"},{"time":0.1,"x":0.323,"y":0.323,"curve":0,"c3":0.66},{"time":0.2667,"x":0.122,"y":0.122}]},"star7":{"rotate":[{"time":0.0333,"curve":0,"c3":0.66},{"time":0.3333,"angle":-123.34}],"translate":[{"x":11.22,"y":-33.98,"curve":"stepped"},{"time":0.0333,"x":11.22,"y":-33.98,"curve":0,"c3":0.66},{"time":0.3333,"x":-41,"y":-18.85}],"scale":[{"x":0.289,"y":0.289,"curve":0,"c3":0.66},{"time":0.0333,"x":0.408,"y":0.408,"curve":0,"c3":0.66},{"time":0.3333,"x":0.148,"y":0.148}]},"star8":{"rotate":[{"time":0.0333,"curve":0,"c3":0.66},{"time":0.3,"angle":-171.36}],"translate":[{"x":20.56,"y":-33.66,"curve":"stepped"},{"time":0.0333,"x":20.56,"y":-33.66,"curve":0,"c3":0.66},{"time":0.3,"x":37.43,"y":-70.83}],"scale":[{"x":0.323,"y":0.323,"curve":"stepped"},{"time":0.0333,"x":0.323,"y":0.323,"curve":0,"c3":0.66},{"time":0.3,"x":0.122,"y":0.122}]},"star9":{"rotate":[{"time":0.0333,"curve":0,"c3":0.66},{"time":0.2667,"angle":-171.36}],"translate":[{"x":19.9,"y":-18.89,"curve":"stepped"},{"time":0.0333,"x":19.9,"y":-18.89,"curve":0,"c3":0.66},{"time":0.3333,"x":35.34,"y":8.95}],"scale":[{"x":0.323,"y":0.323,"curve":"stepped"},{"time":0.0333,"x":0.323,"y":0.323,"curve":0,"c3":0.66},{"time":0.2667,"x":0.167,"y":0.167}]},"star10":{"rotate":[{"time":0.0333,"curve":0,"c3":0.66},{"time":0.2,"angle":-171.36}],"translate":[{"x":19.9,"y":-18.89,"curve":0,"c3":0.66},{"time":0.0333,"x":15.68,"y":-36.19,"curve":0,"c3":0.66},{"time":0.2333,"x":12.56,"y":-59.57}],"scale":[{"x":0.323,"y":0.323,"curve":0,"c3":0.66},{"time":0.0333,"x":0.496,"y":0.496,"curve":0,"c3":0.66},{"time":0.2333,"x":0.557,"y":0.557}]},"star4_1":{"scale":[{"curve":0,"c3":0.569},{"time":0.2333,"x":2.642,"y":2.642}]},"star11":{"rotate":[{"time":0.0667,"curve":0,"c3":0.66},{"time":0.3667,"angle":-123.34}],"translate":[{"x":11.22,"y":-33.98,"curve":0,"c3":0.66},{"time":0.0667,"x":15.04,"y":-36.53,"curve":0,"c3":0.497,"c4":0.6},{"time":0.2667,"x":-11.11,"y":-61.11,"curve":0.361,"c2":0.57,"c3":0.724},{"time":0.3667,"x":-15.58,"y":-67.6}],"scale":[{"x":0.289,"y":0.289,"curve":"stepped"},{"time":0.0667,"x":0.289,"y":0.289,"curve":0,"c3":0.66},{"time":0.3,"x":0.138,"y":0.138}]},"star12":{"rotate":[{"time":0.0333,"curve":0,"c3":0.66},{"time":0.4,"angle":-171.36}],"translate":[{"x":23.41,"y":-21.79,"curve":0,"c3":0.66},{"time":0.0333,"x":15.28,"y":-24.29,"curve":0,"c3":0.66},{"time":0.4,"x":14.42,"y":24.68}],"scale":[{"x":0.323,"y":0.323,"curve":"stepped"},{"time":0.0333,"x":0.323,"y":0.323,"curve":0,"c3":0.66},{"time":0.4,"x":0.293,"y":0.293}]},"star13":{"rotate":[{"time":0.0667,"curve":0,"c3":0.66},{"time":0.3,"angle":-171.36}],"translate":[{"x":23.41,"y":-21.79,"curve":0,"c3":0.66},{"time":0.0667,"x":24.33,"y":-31.78,"curve":0.246,"c2":0.36,"c3":0.718},{"time":0.3333,"x":70.43,"y":-54.94}],"scale":[{"x":0.323,"y":0.323,"curve":"stepped"},{"time":0.0667,"x":0.323,"y":0.323,"curve":0,"c3":0.66},{"time":0.2333,"x":0.153,"y":0.153}]},"qxx":{"translate":[{"x":1.32,"y":-17.79}]},"star4":{"scale":[{"x":0.243,"y":0.243,"curve":0.25},{"time":0.2,"x":0.315,"y":0.315}]},"baodian":{"scale":[{"x":0.203,"y":0.203},{"time":0.0667,"x":0.805,"y":0.805},{"time":0.1667,"x":1.216,"y":1.216}]}}},"yidong":{"bones":{"star4":{"rotate":[{},{"time":0.3333,"angle":-130.68},{"time":0.6333,"angle":70.37}],"translate":[{"curve":0,"c3":0.75},{"time":0.3333,"y":-98.41,"curve":0.25,"c3":0.75},{"time":0.6333,"y":284.78}],"scale":[{"time":0.3333},{"time":0.6333,"x":0.31,"y":0.31}]}}}}}