{"skeleton":{"hash":"gTrALBajtuo2tzIe2MXTfv3pBys","spine":"3.8.95","x":-460.99,"y":-1236.43,"width":720,"height":1280,"images":"./images/","audio":""},"bones":[{"name":"root"},{"name":"all","parent":"root","rotation":-90.43},{"name":"bone","parent":"all","length":9.18},{"name":"jiantou","parent":"bone","rotation":90.43,"x":-0.02,"y":16.18},{"name":"jiantou2","parent":"bone","rotation":90.43,"x":0.1,"y":-0.06},{"name":"jiantou3","parent":"bone","rotation":90.43,"x":0.22,"y":-16.19},{"name":"gq","parent":"all","rotation":90.43,"x":-0.32,"y":8.54},{"name":"bone2","parent":"all","length":9.18},{"name":"jiantou4","parent":"bone2","rotation":90.43,"x":-0.02,"y":16.18},{"name":"jiantou5","parent":"bone2","rotation":90.43,"x":0.1,"y":-0.06},{"name":"jiantou6","parent":"bone2","rotation":90.43,"x":0.22,"y":-16.19}],"slots":[{"name":"root","bone":"all","attachment":"root"},{"name":"jiantou","bone":"jiantou","attachment":"jiantou"},{"name":"jiantou4","bone":"jiantou4","attachment":"jiantou"},{"name":"jiantou2","bone":"jiantou2","attachment":"jiantou"},{"name":"jiantou5","bone":"jiantou5","attachment":"jiantou"},{"name":"jiantou3","bone":"jiantou3","attachment":"jiantou"},{"name":"jiantou6","bone":"jiantou6","attachment":"jiantou"},{"name":"gq","bone":"gq","attachment":"gq"},{"name":"gq2","bone":"gq","attachment":"gq","blend":"additive"}],"skins":[{"name":"default","attachments":{"gq":{"gq":{"x":2.48,"y":-0.18,"scaleX":0.756,"scaleY":0.756,"width":49,"height":42}},"gq2":{"gq":{"color":"ffffff6f","x":2.48,"y":-0.18,"scaleX":0.756,"scaleY":0.756,"width":49,"height":42}},"jiantou":{"jiantou":{"x":3.72,"y":-0.08,"width":26,"height":40}},"jiantou2":{"jiantou":{"x":3.72,"y":-0.08,"width":26,"height":40}},"jiantou3":{"jiantou":{"x":3.72,"y":-0.08,"width":26,"height":40}},"jiantou4":{"jiantou":{"x":3.72,"y":-0.08,"width":26,"height":40}},"jiantou5":{"jiantou":{"x":3.72,"y":-0.08,"width":26,"height":40}},"jiantou6":{"jiantou":{"x":3.72,"y":-0.08,"width":26,"height":40}},"root":{"root":{"type":"clipping","end":"jiantou3","vertexCount":21,"vertices":[-30.09,26.54,-26.59,31.05,-21.2,36.05,-14.03,39.99,-5.79,42.42,2.47,43.42,13.22,40.91,21.64,36.37,28.65,29.69,33.79,20.17,36.71,8.63,34.81,-4.95,28.64,-15.62,21.25,-22.4,11.85,-27.55,-3.13,-28.96,-17.54,-26.47,-27.87,-17.58,-33.14,-7.59,-36.06,4.66,-34.61,15.41],"color":"ce3a3aff"}}}}],"animations":{"animation3":{"slots":{"gq":{"color":[{"color":"ffffff00","curve":"stepped"},{"time":0.1333,"color":"ffffff00"},{"time":0.2,"color":"ffffffff"},{"time":0.5667,"color":"ffffff00"}]},"gq2":{"color":[{"color":"ffffff00","curve":"stepped"},{"time":0.1333,"color":"ffffff00"},{"time":0.2,"color":"ffffffff"},{"time":0.5667,"color":"ffffff00"}]},"jiantou3":{"attachment":[{"name":null}]},"jiantou6":{"attachment":[{"name":null}]}},"bones":{"bone":{"scale":[{"curve":0,"c3":0.75},{"time":0.2333,"x":0.766,"y":0.766,"curve":0,"c3":0.75},{"time":0.4667,"x":1.096,"y":1.096,"curve":0.25},{"time":0.8}]},"gq":{"translate":[{"x":-0.37,"y":-3.05,"curve":"stepped"},{"time":0.2,"x":-0.37,"y":-3.05,"curve":0.25},{"time":0.5667,"x":0.2,"y":0.61}],"scale":[{"x":0.793,"y":0.793,"curve":"stepped"},{"time":0.2,"x":0.793,"y":0.793,"curve":0.25},{"time":0.5667,"x":3.056,"y":3.056}]},"bone2":{"scale":[{"curve":0,"c3":0.75},{"time":0.2333,"x":0.766,"y":0.766,"curve":0,"c3":0.75},{"time":0.4667,"x":1.329,"y":1.329,"curve":0.25,"c3":0.75},{"time":0.8,"curve":"stepped"},{"time":1.3}]}}},"animation4":{"slots":{"gq":{"attachment":[{"name":null}]},"gq2":{"attachment":[{"name":null}]},"jiantou3":{"attachment":[{"name":null}]},"jiantou6":{"attachment":[{"name":null}]}},"bones":{"jiantou":{"translate":[{"x":0.49,"y":-65.53,"curve":0,"c3":0.75},{"time":0.3667,"x":-0.08,"y":10.54,"curve":0.25,"c3":0.75},{"time":0.6333,"x":0.02,"y":-2.85,"curve":0.25,"c3":0.75},{"time":0.9}]},"jiantou2":{"translate":[{"x":0.48,"y":-63.28,"curve":0,"c3":0.75},{"time":0.3667,"x":-0.08,"y":10.54,"curve":0.25,"c3":0.75},{"time":0.6333,"x":0.02,"y":-2.85,"curve":0.25,"c3":0.75},{"time":0.9,"curve":"stepped"},{"time":1.3333}]},"bone2":{"translate":[{"time":0.1,"curve":0,"c3":0.75},{"time":0.3667,"x":-0.5,"y":65.88}]}}},"jingzhi":{"slots":{"gq":{"color":[{"color":"ffffff00"}]},"gq2":{"color":[{"color":"ffffff00"}]},"jiantou3":{"attachment":[{"name":null}]},"jiantou6":{"attachment":[{"name":null}]}},"bones":{"gq":{"translate":[{"x":-2.42,"y":-0.2}],"scale":[{"x":0.793,"y":0.793}]}}}}}