{"skeleton":{"hash":"172jVASv6ZR2xZYQvl5pIkJgZcc","spine":"3.8.95","x":-154,"y":-154,"width":308,"height":308,"images":"./images/","audio":""},"bones":[{"name":"root"},{"name":"gq","parent":"root"}],"slots":[{"name":"gq2","bone":"gq","attachment":"mask"}],"skins":[{"name":"default","attachments":{"gq2":{"mask":{"width":308,"height":308}}}}],"animations":{"animation":{"slots":{"gq2":{"color":[{"color":"ffffff00","curve":0.25,"c3":0.75},{"time":0.4,"color":"ffffffa2","curve":0.25,"c3":0.75},{"time":0.9,"color":"ffffff00","curve":0.25,"c3":0.75},{"time":1.3,"color":"ffffffa2","curve":0.25,"c3":0.75},{"time":1.8,"color":"ffffff00"}]}}}}}