{"skeleton":{"hash":"rPSscWI2m7Bfg75pQ5CAppl15OI","spine":"3.8.95","x":-431.3,"y":-43,"width":470.8,"height":86,"images":"./images/","audio":"E:/Art/UI/2_5_reward/images"},"bones":[{"name":"root"},{"name":"x5","parent":"root"},{"name":"5g","parent":"root","scaleX":-1},{"name":"all","parent":"root","rotation":151.84,"scaleX":-1},{"name":"lz1","parent":"all","x":345.02,"y":1.49},{"name":"lz2","parent":"all","x":345.02,"y":1.49},{"name":"lz3","parent":"all","x":345.02,"y":1.49},{"name":"lz4","parent":"all","x":345.02,"y":1.49},{"name":"lz5","parent":"all","x":345.02,"y":1.49},{"name":"lz6","parent":"all","x":345.02,"y":1.49},{"name":"lz7","parent":"all","x":345.02,"y":1.49},{"name":"lz8","parent":"all","x":345.02,"y":1.49},{"name":"lz9","parent":"all","x":345.02,"y":1.49}],"slots":[{"name":"x5","bone":"x5"},{"name":"5g","bone":"5g","attachment":"2g"},{"name":"5g4","bone":"5g","blend":"additive"},{"name":"lz1","bone":"lz1"},{"name":"lz3","bone":"lz3"},{"name":"lz4","bone":"lz4"},{"name":"lz6","bone":"lz6"},{"name":"lz5","bone":"lz5"},{"name":"lz7","bone":"lz7"},{"name":"lz8","bone":"lz8"},{"name":"lz2","bone":"lz2"},{"name":"lz9","bone":"lz9"}],"skins":[{"name":"default","attachments":{"5g":{"2g":{"width":79,"height":86}},"5g4":{"2g":{"width":79,"height":86}},"lz1":{"2lz":{"width":27,"height":27}},"lz2":{"2lz":{"width":27,"height":27}},"lz3":{"2lz":{"width":27,"height":27}},"lz4":{"2lz":{"width":27,"height":27}},"lz5":{"2lz":{"width":27,"height":27}},"lz6":{"2lz":{"width":27,"height":27}},"lz7":{"2lz":{"width":27,"height":27}},"lz8":{"2lz":{"width":27,"height":27}},"lz9":{"2lz":{"width":27,"height":27}}}}],"animations":{"4":{"slots":{"5g":{"color":[{"color":"ffffff00","curve":0,"c3":0.29,"c4":0.99},{"time":0.1333,"color":"ffffffff","curve":"stepped"},{"time":0.2333,"color":"ffffffff","curve":0.482,"c2":0.01,"c3":0.594},{"time":0.6,"color":"ffffff00"}]},"5g4":{"color":[{"color":"ffffff00","curve":0,"c3":0.29,"c4":0.99},{"time":0.1333,"color":"ffffff43","curve":"stepped"},{"time":0.2333,"color":"ffffff43","curve":0.482,"c2":0.01,"c3":0.594},{"time":0.6,"color":"ffffff00"}],"attachment":[{"name":"2g"}]},"lz1":{"color":[{"color":"ffffff00"},{"time":0.1333,"color":"ffffffff","curve":"stepped"},{"time":0.3333,"color":"ffffffff"},{"time":0.5,"color":"ffffff00"}],"attachment":[{"name":"2lz"}]},"lz2":{"color":[{"color":"ffffff00"},{"time":0.1333,"color":"ffffffff","curve":"stepped"},{"time":0.3333,"color":"ffffffff"},{"time":0.4667,"color":"ffffff00"}],"attachment":[{"name":"2lz"}]},"lz3":{"color":[{"color":"ffffff00","curve":"stepped"},{"time":0.1,"color":"ffffff00"},{"time":0.3333,"color":"ffffffff"},{"time":0.5,"color":"ffffff00"}],"attachment":[{"name":"2lz"}]},"lz4":{"color":[{"color":"ffffff00","curve":"stepped"},{"time":0.1,"color":"ffffff00"},{"time":0.3333,"color":"ffffffff"},{"time":0.5,"color":"ffffff00"}],"attachment":[{"name":"2lz"}]},"lz5":{"color":[{"color":"ffffff00","curve":"stepped"},{"time":0.1333,"color":"ffffff00"},{"time":0.3,"color":"ffffffff"},{"time":0.4667,"color":"ffffff00"}],"attachment":[{"name":"2lz"}]},"lz6":{"color":[{"color":"ffffff00","curve":"stepped"},{"time":0.2,"color":"ffffff00"},{"time":0.3,"color":"ffffffff","curve":"stepped"},{"time":0.5,"color":"ffffffff"},{"time":0.6667,"color":"ffffff00"}],"attachment":[{"name":"2lz"}]},"lz7":{"color":[{"color":"ffffff00","curve":"stepped"},{"time":0.1333,"color":"ffffff00"},{"time":0.3,"color":"ffffffff"},{"time":0.4667,"color":"ffffff00"}],"attachment":[{"name":"2lz"}]},"lz8":{"color":[{"color":"ffffff00","curve":"stepped"},{"time":0.2,"color":"ffffff00"},{"time":0.3333,"color":"ffffffff","curve":"stepped"},{"time":0.4333,"color":"ffffffff"},{"time":0.5667,"color":"ffffff00"}],"attachment":[{"name":"2lz"}]},"lz9":{"color":[{"color":"ffffff00"},{"time":0.1333,"color":"ffffffff","curve":"stepped"},{"time":0.3333,"color":"ffffffff"},{"time":0.4667,"color":"ffffff00"}],"attachment":[{"name":"2lz"}]}},"bones":{"lz7":{"translate":[{"x":-326,"y":-14.22,"curve":0,"c3":0.58},{"time":0.1333,"x":-345.62,"y":-2.52,"curve":0,"c3":0.58},{"time":0.4667,"x":-351.26,"y":29.34}],"scale":[{"x":0.255,"y":0.255,"curve":"stepped"},{"time":0.1333,"x":0.255,"y":0.255,"curve":0,"c3":0.58},{"time":0.4667,"x":0.431,"y":0.431}]},"lz8":{"translate":[{"x":-326,"y":-14.22,"curve":0,"c3":0.58},{"time":0.2,"x":-343.79,"y":-2.84,"curve":0,"c3":0.58},{"time":0.5667,"x":-324.67,"y":50.09}],"scale":[{"x":0.255,"y":0.255,"curve":"stepped"},{"time":0.2,"x":0.255,"y":0.255,"curve":0,"c3":0.58},{"time":0.5667,"x":0.834,"y":0.834}]},"lz1":{"translate":[{"x":-338.1,"y":1.89,"curve":0,"c3":0.58},{"time":0.4,"x":-301.34,"y":11.45}],"scale":[{"x":0.494,"y":0.494,"curve":0,"c3":0.58},{"time":0.4,"x":0.831,"y":0.831}]},"lz2":{"translate":[{"x":-339.84,"y":-6.65,"curve":0,"c3":0.58},{"time":0.4667,"x":-393.24,"y":21.75}],"scale":[{"x":0.648,"y":0.648,"curve":0,"c3":0.58},{"time":0.4667,"x":1.038,"y":1.038}]},"lz3":{"translate":[{"x":-326,"y":-14.22,"curve":"stepped"},{"time":0.1,"x":-326,"y":-14.22,"curve":0,"c3":0.58},{"time":0.5,"x":-278,"y":-1.68}],"scale":[{"x":0.255,"y":0.255,"curve":"stepped"},{"time":0.1,"x":0.255,"y":0.255,"curve":0,"c3":0.58},{"time":0.5,"x":0.431,"y":0.431}]},"lz4":{"translate":[{"x":-326,"y":-14.22,"curve":0,"c3":0.58},{"time":0.1,"x":-359.46,"y":-9.24,"curve":0,"c3":0.58},{"time":0.5,"x":-378.4,"y":-42.98}],"scale":[{"x":0.255,"y":0.255,"curve":"stepped"},{"time":0.1,"x":0.255,"y":0.255,"curve":0,"c3":0.58},{"time":0.5,"x":0.431,"y":0.431}]},"lz5":{"translate":[{"x":-326,"y":-14.22,"curve":0,"c3":0.58},{"time":0.1333,"x":-349.35,"y":15.37,"curve":0,"c3":0.58},{"time":0.4667,"x":-375.12,"y":51.77}],"scale":[{"x":0.255,"y":0.255,"curve":"stepped"},{"time":0.1333,"x":0.255,"y":0.255,"curve":0,"c3":0.58},{"time":0.4667,"x":0.431,"y":0.431}]},"lz6":{"translate":[{"x":-326,"y":-14.22,"curve":0,"c3":0.58},{"time":0.2,"x":-339.03,"y":-3.94,"curve":0,"c3":0.58},{"time":0.6,"x":-291.89,"y":-19.83}],"scale":[{"x":0.255,"y":0.255,"curve":"stepped"},{"time":0.2,"x":0.255,"y":0.255,"curve":0,"c3":0.58},{"time":0.6,"x":0.431,"y":0.431}]},"lz9":{"translate":[{"x":-343.32,"y":0.36,"curve":0,"c3":0.58},{"time":0.4667,"x":-322.66,"y":-56.58}],"scale":[{"x":0.413,"y":0.413,"curve":0,"c3":0.58},{"time":0.4667,"x":0.846,"y":0.846}]}}},"5":{"slots":{"5g":{"color":[{"color":"ffffff00","curve":0,"c3":0.29,"c4":0.99},{"time":0.1333,"color":"ffffffff","curve":"stepped"},{"time":0.2333,"color":"ffffffff","curve":0.482,"c2":0.01,"c3":0.594},{"time":0.6,"color":"ffffff00"}]},"5g4":{"color":[{"color":"ffffff00","curve":0,"c3":0.29,"c4":0.99},{"time":0.1333,"color":"ffffff43","curve":"stepped"},{"time":0.2333,"color":"ffffff43","curve":0.482,"c2":0.01,"c3":0.594},{"time":0.6,"color":"ffffff00"}],"attachment":[{"name":"2g"}]},"lz1":{"color":[{"color":"ffffff00"},{"time":0.1333,"color":"ffffffff","curve":"stepped"},{"time":0.3333,"color":"ffffffff"},{"time":0.5,"color":"ffffff00"}],"attachment":[{"name":"2lz"}]},"lz2":{"color":[{"color":"ffffff00"},{"time":0.1333,"color":"ffffffff","curve":"stepped"},{"time":0.3333,"color":"ffffffff"},{"time":0.4667,"color":"ffffff00"}],"attachment":[{"name":"2lz"}]},"lz3":{"color":[{"color":"ffffff00","curve":"stepped"},{"time":0.1,"color":"ffffff00"},{"time":0.3333,"color":"ffffffff"},{"time":0.5,"color":"ffffff00"}],"attachment":[{"name":"2lz"}]},"lz4":{"color":[{"color":"ffffff00","curve":"stepped"},{"time":0.1,"color":"ffffff00"},{"time":0.3333,"color":"ffffffff"},{"time":0.5,"color":"ffffff00"}],"attachment":[{"name":"2lz"}]},"lz5":{"color":[{"color":"ffffff00","curve":"stepped"},{"time":0.1333,"color":"ffffff00"},{"time":0.3,"color":"ffffffff"},{"time":0.4667,"color":"ffffff00"}],"attachment":[{"name":"2lz"}]},"lz6":{"color":[{"color":"ffffff00","curve":"stepped"},{"time":0.2,"color":"ffffff00"},{"time":0.3,"color":"ffffffff","curve":"stepped"},{"time":0.5,"color":"ffffffff"},{"time":0.6667,"color":"ffffff00"}],"attachment":[{"name":"2lz"}]},"lz7":{"color":[{"color":"ffffff00","curve":"stepped"},{"time":0.1333,"color":"ffffff00"},{"time":0.3,"color":"ffffffff"},{"time":0.4667,"color":"ffffff00"}],"attachment":[{"name":"2lz"}]},"lz8":{"color":[{"color":"ffffff00","curve":"stepped"},{"time":0.2,"color":"ffffff00"},{"time":0.3333,"color":"ffffffff","curve":"stepped"},{"time":0.4333,"color":"ffffffff"},{"time":0.5667,"color":"ffffff00"}],"attachment":[{"name":"2lz"}]},"lz9":{"color":[{"color":"ffffff00"},{"time":0.1333,"color":"ffffffff","curve":"stepped"},{"time":0.3333,"color":"ffffffff"},{"time":0.4667,"color":"ffffff00"}],"attachment":[{"name":"2lz"}]}},"bones":{"lz1":{"translate":[{"x":-323.8,"y":-8.16,"curve":0,"c3":0.58},{"time":0.4,"x":-283.32,"y":16.91}],"scale":[{"x":0.494,"y":0.494,"curve":0,"c3":0.58},{"time":0.4,"x":0.831,"y":0.831}]},"lz2":{"translate":[{"x":-355.59,"y":-6.12,"curve":0,"c3":0.58},{"time":0.4667,"x":-412.71,"y":32.43}],"scale":[{"x":0.648,"y":0.648,"curve":0,"c3":0.58},{"time":0.4667,"x":1.376,"y":1.376}]},"lz3":{"translate":[{"x":-326,"y":-14.22,"curve":"stepped"},{"time":0.1,"x":-326,"y":-14.22,"curve":0,"c3":0.58},{"time":0.5,"x":-278,"y":-1.68}],"scale":[{"x":0.255,"y":0.255,"curve":"stepped"},{"time":0.1,"x":0.255,"y":0.255,"curve":0,"c3":0.58},{"time":0.5,"x":0.431,"y":0.431}]},"lz4":{"translate":[{"x":-326,"y":-14.22,"curve":0,"c3":0.58},{"time":0.1,"x":-359.46,"y":-9.24,"curve":0,"c3":0.58},{"time":0.5,"x":-378.4,"y":-42.98}],"scale":[{"x":0.255,"y":0.255,"curve":"stepped"},{"time":0.1,"x":0.255,"y":0.255,"curve":0,"c3":0.58},{"time":0.5,"x":0.431,"y":0.431}]},"lz5":{"translate":[{"x":-326,"y":-14.22,"curve":0,"c3":0.58},{"time":0.1333,"x":-367.91,"y":29.83,"curve":0,"c3":0.58},{"time":0.4667,"x":-390.8,"y":72.48}],"scale":[{"x":0.255,"y":0.255,"curve":"stepped"},{"time":0.1333,"x":0.255,"y":0.255,"curve":0,"c3":0.58},{"time":0.4667,"x":0.431,"y":0.431}]},"lz6":{"translate":[{"x":-326,"y":-14.22,"curve":0,"c3":0.58},{"time":0.2,"x":-311.83,"y":-12.2,"curve":0,"c3":0.58},{"time":0.6,"x":-269.44,"y":-32.78}],"scale":[{"x":0.255,"y":0.255,"curve":"stepped"},{"time":0.2,"x":0.255,"y":0.255,"curve":0,"c3":0.58},{"time":0.6,"x":0.431,"y":0.431}]},"lz7":{"translate":[{"x":-326,"y":-14.22,"curve":0,"c3":0.58},{"time":0.1333,"x":-345.62,"y":-2.52,"curve":0,"c3":0.58},{"time":0.4667,"x":-351.26,"y":29.34}],"scale":[{"x":0.255,"y":0.255,"curve":"stepped"},{"time":0.1333,"x":0.255,"y":0.255,"curve":0,"c3":0.58},{"time":0.4667,"x":0.431,"y":0.431}]},"lz8":{"translate":[{"x":-326,"y":-14.22,"curve":0,"c3":0.58},{"time":0.2,"x":-336.96,"y":8.31,"curve":0,"c3":0.58},{"time":0.5667,"x":-320.94,"y":61.83}],"scale":[{"x":0.255,"y":0.255,"curve":"stepped"},{"time":0.2,"x":0.255,"y":0.255,"curve":0,"c3":0.58},{"time":0.5667,"x":0.834,"y":0.834}]},"lz9":{"translate":[{"x":-339,"y":-3.35,"curve":0,"c3":0.58},{"time":0.4667,"x":-311.13,"y":-67.07}],"scale":[{"x":0.413,"y":0.413,"curve":0,"c3":0.58},{"time":0.4667,"x":0.846,"y":0.846}]}}}}}