{"skeleton":{"hash":"edqUUJw3uV3bQCJ7OT9TYlCYWy4","spine":"3.8.95","x":-29.04,"y":-28.68,"width":58,"height":52,"images":"./images/","audio":"E:/Art/UI/1_3_setting/images"},"bones":[{"name":"root"},{"name":"bone","parent":"root"},{"name":"iconhaptic","parent":"bone","x":0.16,"y":-0.08},{"name":"iconhaptic1","parent":"bone","x":-24.24,"y":-0.23},{"name":"iconhaptic2","parent":"bone","x":24.9,"y":-0.04}],"slots":[{"name":"iconhaptic2","bone":"iconhaptic2","attachment":"iconhaptic2"},{"name":"iconhaptic1","bone":"iconhaptic1","attachment":"iconhaptic1"},{"name":"iconhaptic","bone":"iconhaptic","attachment":"iconhaptic"}],"skins":[{"name":"default","attachments":{"iconhaptic":{"iconhaptic":{"x":-0.2,"y":-2.6,"width":36,"height":52}},"iconhaptic1":{"iconhaptic1":{"x":0.7,"y":0.05,"width":11,"height":27}},"iconhaptic2":{"iconhaptic2":{"x":-1.44,"y":-0.14,"width":11,"height":27}}}}],"animations":{"daiji":{},"dakai":{"bones":{"iconhaptic":{"rotate":[{"curve":0,"c3":0.75},{"time":0.1,"angle":8.89,"curve":0.25,"c3":0.75},{"time":0.2,"curve":0.25,"c3":0.75},{"time":0.3,"angle":8.89,"curve":0.25,"c3":0.75},{"time":0.4333}]},"iconhaptic1":{"translate":[{"curve":0,"c3":0.75},{"time":0.0873,"x":-6.1,"curve":0.25,"c4":0.99},{"time":0.2329,"curve":0,"c3":0.75},{"time":0.3493,"x":-6.1,"curve":0.25,"c4":0.99},{"time":0.4333}],"scale":[{"curve":0,"c3":0.75},{"time":0.0873,"x":1.488,"y":1.488,"curve":0.25,"c4":0.99},{"time":0.2329,"curve":0,"c3":0.75},{"time":0.3493,"x":1.488,"y":1.488,"curve":0.25,"c4":0.99},{"time":0.4333}]},"iconhaptic2":{"translate":[{"curve":0,"c3":0.75},{"time":0.0873,"x":6.86,"curve":0.25},{"time":0.2329,"curve":0,"c3":0.75},{"time":0.3493,"x":6.86,"curve":0.25},{"time":0.4333}],"scale":[{"curve":0,"c3":0.75},{"time":0.0873,"x":1.488,"y":1.488,"curve":0.25},{"time":0.2329,"curve":0,"c3":0.75},{"time":0.3493,"x":1.488,"y":1.488,"curve":0.25},{"time":0.4333}]}}},"guanbi":{"bones":{"iconhaptic":{"rotate":[{"curve":0,"c3":0.75},{"time":0.1,"angle":8.89,"curve":0.25,"c3":0.75},{"time":0.2,"curve":0.25,"c3":0.75},{"time":0.3,"angle":8.89,"curve":0.25,"c3":0.75},{"time":0.4333}]},"iconhaptic1":{"translate":[{"curve":0,"c3":0.75},{"time":0.0873,"x":-6.1,"curve":0.25,"c4":0.99},{"time":0.2329,"curve":0,"c3":0.75},{"time":0.3493,"x":-6.1,"curve":0.25,"c4":0.99},{"time":0.4333}],"scale":[{"curve":0,"c3":0.75},{"time":0.0873,"x":1.488,"y":1.488,"curve":0.25,"c4":0.99},{"time":0.2329,"curve":0,"c3":0.75},{"time":0.3493,"x":1.488,"y":1.488,"curve":0.25,"c4":0.99},{"time":0.4333}]},"iconhaptic2":{"translate":[{"curve":0,"c3":0.75},{"time":0.0873,"x":6.86,"curve":0.25},{"time":0.2329,"curve":0,"c3":0.75},{"time":0.3493,"x":6.86,"curve":0.25},{"time":0.4333}],"scale":[{"curve":0,"c3":0.75},{"time":0.0873,"x":1.488,"y":1.488,"curve":0.25},{"time":0.2329,"curve":0,"c3":0.75},{"time":0.3493,"x":1.488,"y":1.488,"curve":0.25},{"time":0.4333}]}}}}}