{"skeleton":{"hash":"sxoQ4AuhTyJJJbqTgX9yvfHk6gQ","spine":"3.8.95","x":-657.33,"y":-1231.8,"width":720,"height":1280,"images":"./images/","audio":""},"bones":[{"name":"root"},{"name":"bone","parent":"root"}],"slots":[{"name":"1_3_5_collection","bone":"root"},{"name":"progress1","bone":"bone","attachment":"progress1"},{"name":"progress2","bone":"bone","color":"ffffff30","attachment":"progress1","blend":"additive"}],"skins":[{"name":"default","attachments":{"progress1":{"progress1":{"width":69,"height":69}},"progress2":{"progress1":{"width":69,"height":69}}}}],"animations":{"animation":{"slots":{"progress1":{"color":[{"color":"ffffff00"},{"time":0.0667,"color":"ffffffff","curve":"stepped"},{"time":0.2333,"color":"ffffffff"},{"time":0.4667,"color":"ffffff00"}],"attachment":[{"time":0.8333,"name":null}]},"progress2":{"color":[{"color":"ffffff00"},{"time":0.0667,"color":"ffffff3e","curve":"stepped"},{"time":0.2333,"color":"ffffff3e"},{"time":0.4667,"color":"ffffff00"}]}},"bones":{"bone":{"scale":[{"x":1.105,"y":1.105,"curve":0,"c3":0.75},{"time":0.4667,"x":1.8,"y":1.8}]}}}}}