{
  "ID": "b8814882-6d3e-414b-a158-f04bbb76698c",
  "Version": "3.10.0.0",
  "Name": "adsTry",
  "Content": {
    "Content": {
      "Animation": {
        "Duration": 0,
        "Speed": 1.0,
        "Timelines": [],
        "ctype": "TimelineActionData"
      },
      "AnimationList": [],
      "ObjectData": {
        "Tag": 94,
        "Children": [
          {
            "ClipAble": false,
            "BackColorAlpha": 102,
            "SingleColor": {
              "R": 150,
              "G": 200
            },
            "FirstColor": {
              "R": 150,
              "G": 200
            },
            "EndColor": {},
            "ColorVector": {
              "ScaleY": 1.0
            },
            "Scale9Width": 1,
            "Scale9Height": 1,
            "TouchEnable": true,
            "AnchorPoint": {
              "ScaleX": 0.5
            },
            "Position": {
              "X": 360.0,
              "Y": 515.0
            },
            "Scale": {
              "ScaleX": 1.0,
              "ScaleY": 1.0
            },
            "CColor": {},
            "IconVisible": false,
            "PrePosition": {
              "X": 0.5,
              "Y": 0.4023
            },
            "PreSize": {
              "X": 0.925,
              "Y": 0.35
            },
            "LeftMargin": 27.0,
            "RightMargin": 27.0,
            "TopMargin": 317.0,
            "BottomMargin": 515.0,
            "Tag": 103,
            "Children": [
              {
                "FileData": {
                  "Type": "MarkedSubImage",
                  "Path": "noads/noads.png",
                  "Plist": "noads.plist"
                },
                "BlendFunc": {
                  "Src": 1,
                  "Dst": 771
                },
                "AnchorPoint": {
                  "ScaleX": 0.5
                },
                "Position": {
                  "X": 333.0,
                  "Y": -61.0
                },
                "Scale": {
                  "ScaleX": 1.0,
                  "ScaleY": 1.0
                },
                "CColor": {},
                "IconVisible": false,
                "PrePosition": {
                  "X": 0.5,
                  "Y": -0.1362
                },
                "PreSize": {
                  "X": 0.3934,
                  "Y": 0.5513
                },
                "TopMargin": 3.0,
                "BottomMargin": -61.0,
                "Tag": 112,
                "ActionTag": 1424251915,
                "Size": {
                  "X": 666.0,
                  "Y": 506.0
                },
                "Name": "noads_10",
                "ctype": "SpriteObjectData"
              },
              {
                "FileData": {
                  "Type": "MarkedSubImage",
                  "Path": "noads/OK.png",
                  "Plist": "noads.plist"
                },
                "BlendFunc": {
                  "Src": 1,
                  "Dst": 771
                },
                "AnchorPoint": {
                  "ScaleX": 0.5
                },
                "Position": {
                  "X": 333.0,
                  "Y": 27.0
                },
                "Scale": {
                  "ScaleX": 1.0,
                  "ScaleY": 1.0
                },
                "CColor": {},
                "IconVisible": false,
                "PrePosition": {
                  "X": 0.5,
                  "Y": 0.0603
                },
                "PreSize": {
                  "X": 0.6517,
                  "Y": 0.2723
                },
                "LeftMargin": 116.0,
                "RightMargin": 116.0,
                "TopMargin": 299.0,
                "BottomMargin": 27.0,
                "Tag": 111,
                "ActionTag": -770802695,
                "Size": {
                  "X": 434.0,
                  "Y": 122.0
                },
                "Name": "ok",
                "ctype": "SpriteObjectData"
              }
            ],
            "ActionTag": 1100643954,
            "Size": {
              "X": 666.0,
              "Y": 448.0
            },
            "Name": "Panel",
            "ctype": "PanelObjectData"
          }
        ],
        "Size": {
          "X": 720.0,
          "Y": 1280.0
        },
        "Name": "Scene",
        "ctype": "SingleNodeObjectData"
      },
      "UsedResources": [
        "noads.plist",
        "noads.png"
      ],
      "ctype": "GameFileData"
    }
  },
  "Type": "Scene"
}