{
  "ID": "6cec385c-8c52-45ef-90e0-c54ae2093322",
  "Version": "3.10.0.0",
  "Name": "coinmay",
  "Content": {
    "Content": {
      "Animation": {
        "Duration": 0,
        "Speed": 1.0,
        "Timelines": [],
        "ctype": "TimelineActionData"
      },
      "AnimationList": [],
      "ObjectData": {
        "Children": [
          {
            "FileData": {
              "Type": "MarkedSubImage",
              "Path": "gameasset/popups_bg.png",
              "Plist": "gameplist.plist"
            },
            "Scale9Enable": true,
            "Scale9OriginX": 93,
            "Scale9OriginY": 89,
            "Scale9Width": 18,
            "Scale9Height": 20,
            "AnchorPoint": {
              "ScaleX": 0.5,
              "ScaleY": 0.5
            },
            "Position": {
              "X": 362.8782,
              "Y": 639.7569
            },
            "Scale": {
              "ScaleX": 1.0,
              "ScaleY": 1.0
            },
            "CColor": {},
            "IconVisible": false,
            "PrePosition": {
              "X": 0.504,
              "Y": 0.4998
            },
            "PreSize": {
              "X": 0.9208,
              "Y": 0.5813
            },
            "LeftMargin": 31.3782,
            "RightMargin": 25.6218,
            "TopMargin": 268.2431,
            "BottomMargin": 267.7569,
            "Tag": 68,
            "ActionTag": 841586766,
            "Size": {
              "X": 663.0,
              "Y": 744.0
            },
            "Name": "bg",
            "ctype": "ImageViewObjectData"
          },
          {
            "ClipAble": false,
            "BackColorAlpha": 102,
            "SingleColor": {
              "R": 150,
              "G": 200
            },
            "FirstColor": {
              "R": 150,
              "G": 200
            },
            "EndColor": {},
            "ColorVector": {
              "ScaleY": 1.0
            },
            "Scale9Width": 1,
            "Scale9Height": 1,
            "TouchEnable": true,
            "AnchorPoint": {
              "ScaleX": 0.5,
              "ScaleY": 0.5
            },
            "Position": {
              "X": 589.0,
              "Y": 910.0
            },
            "Scale": {
              "ScaleX": 1.0,
              "ScaleY": 1.0
            },
            "CColor": {},
            "IconVisible": false,
            "PrePosition": {
              "X": 0.8181,
              "Y": 0.7109
            },
            "PreSize": {
              "X": 0.0694,
              "Y": 0.0391
            },
            "LeftMargin": 564.0,
            "RightMargin": 106.0,
            "TopMargin": 345.0,
            "BottomMargin": 885.0,
            "Tag": 69,
            "Children": [
              {
                "FileData": {
                  "Type": "MarkedSubImage",
                  "Path": "collection2/close.png",
                  "Plist": "coinmay.plist"
                },
                "BlendFunc": {
                  "Src": 1,
                  "Dst": 771
                },
                "AnchorPoint": {
                  "ScaleX": 0.5,
                  "ScaleY": 0.5
                },
                "Position": {
                  "X": 25.0,
                  "Y": 25.0
                },
                "Scale": {
                  "ScaleX": 1.0,
                  "ScaleY": 1.0
                },
                "CColor": {},
                "IconVisible": false,
                "PrePosition": {
                  "X": 0.5,
                  "Y": 0.5
                },
                "PreSize": {
                  "X": 1.04,
                  "Y": 1.04
                },
                "LeftMargin": -1.0,
                "RightMargin": -1.0,
                "TopMargin": -1.0,
                "BottomMargin": -1.0,
                "Tag": 689,
                "ActionTag": 489489611,
                "Size": {
                  "X": 52.0,
                  "Y": 52.0
                },
                "Name": "close",
                "ctype": "SpriteObjectData"
              }
            ],
            "ActionTag": -753826390,
            "Size": {
              "X": 50.0,
              "Y": 50.0
            },
            "Name": "close",
            "ctype": "PanelObjectData"
          },
          {
            "FileData": {
              "Type": "MarkedSubImage",
              "Path": "collection2/get_this_c.png",
              "Plist": "coinmay.plist"
            },
            "BlendFunc": {
              "Src": 1,
              "Dst": 771
            },
            "AnchorPoint": {
              "ScaleX": 0.5,
              "ScaleY": 0.5
            },
            "Position": {
              "X": 360.5,
              "Y": 878.5
            },
            "Scale": {
              "ScaleX": 1.0,
              "ScaleY": 1.0
            },
            "CColor": {},
            "IconVisible": false,
            "PrePosition": {
              "X": 0.5007,
              "Y": 0.6863
            },
            "PreSize": {
              "X": 0.4736,
              "Y": 0.0227
            },
            "LeftMargin": 190.0,
            "RightMargin": 189.0,
            "TopMargin": 387.0,
            "BottomMargin": 864.0,
            "Tag": 45,
            "Size": {
              "X": 341.0,
              "Y": 29.0
            },
            "Name": "get_title",
            "ctype": "SpriteObjectData"
          },
          {
            "FileData": {
              "Type": "MarkedSubImage",
              "Path": "collection2/banner_bg.png",
              "Plist": "coinmay.plist"
            },
            "BlendFunc": {
              "Src": 1,
              "Dst": 771
            },
            "AnchorPoint": {
              "ScaleX": 0.5,
              "ScaleY": 0.5
            },
            "Position": {
              "X": 360.0,
              "Y": 664.0
            },
            "Scale": {
              "ScaleX": 1.0,
              "ScaleY": 1.0
            },
            "CColor": {},
            "IconVisible": false,
            "PrePosition": {
              "X": 0.5,
              "Y": 0.5188
            },
            "PreSize": {
              "X": 0.625,
              "Y": 0.2109
            },
            "LeftMargin": 135.0,
            "RightMargin": 135.0,
            "TopMargin": 481.0,
            "BottomMargin": 529.0,
            "Tag": 27,
            "ActionTag": -1690240196,
            "Size": {
              "X": 450.0,
              "Y": 270.0
            },
            "Name": "banner",
            "ctype": "SpriteObjectData"
          },
          {
            "ClipAble": false,
            "BackColorAlpha": 102,
            "SingleColor": {
              "R": 150,
              "G": 200
            },
            "FirstColor": {
              "R": 150,
              "G": 200
            },
            "EndColor": {},
            "ColorVector": {
              "ScaleY": 1.0
            },
            "Scale9Width": 1,
            "Scale9Height": 1,
            "TouchEnable": true,
            "AnchorPoint": {},
            "Position": {
              "X": 160.0,
              "Y": 367.0
            },
            "Scale": {
              "ScaleX": 1.0,
              "ScaleY": 1.0
            },
            "CColor": {},
            "IconVisible": false,
            "PrePosition": {
              "X": 0.2222,
              "Y": 0.2867
            },
            "PreSize": {
              "X": 0.5569,
              "Y": 0.0695
            },
            "LeftMargin": 160.0,
            "RightMargin": 159.0,
            "TopMargin": 824.0,
            "BottomMargin": 367.0,
            "Tag": 70,
            "Children": [
              {
                "FileData": {
                  "Type": "MarkedSubImage",
                  "Path": "collection2/buttonBg.png",
                  "Plist": "coinmay.plist"
                },
                "BlendFunc": {
                  "Src": 1,
                  "Dst": 771
                },
                "AnchorPoint": {
                  "ScaleX": 0.5,
                  "ScaleY": 0.5
                },
                "Position": {
                  "X": 201.0,
                  "Y": 46.0
                },
                "Scale": {
                  "ScaleX": 1.0,
                  "ScaleY": 1.0
                },
                "CColor": {},
                "IconVisible": false,
                "PrePosition": {
                  "X": 0.5012,
                  "Y": 0.5169
                },
                "PreSize": {
                  "X": 1.0823,
                  "Y": 1.3708
                },
                "LeftMargin": -16.0,
                "RightMargin": -17.0,
                "TopMargin": -18.0,
                "BottomMargin": -15.0,
                "Tag": 881,
                "ActionTag": -2002861502,
                "Size": {
                  "X": 434.0,
                  "Y": 122.0
                },
                "Name": "button_5",
                "ctype": "SpriteObjectData"
              },
              {
                "FileData": {
                  "Type": "MarkedSubImage",
                  "Path": "collection2/button_grey.png",
                  "Plist": "coinmay.plist"
                },
                "BlendFunc": {
                  "Src": 1,
                  "Dst": 771
                },
                "AnchorPoint": {
                  "ScaleX": 0.5,
                  "ScaleY": 0.5
                },
                "Position": {
                  "X": 201.0,
                  "Y": 45.0
                },
                "Scale": {
                  "ScaleX": 1.0,
                  "ScaleY": 1.0
                },
                "CColor": {},
                "IconVisible": false,
                "PrePosition": {
                  "X": 0.5012,
                  "Y": 0.5056
                },
                "PreSize": {
                  "X": 1.0823,
                  "Y": 1.3708
                },
                "LeftMargin": -16.0,
                "RightMargin": -17.0,
                "TopMargin": -17.0,
                "BottomMargin": -16.0,
                "Tag": 441,
                "ActionTag": -1966881121,
                "Size": {
                  "X": 434.0,
                  "Y": 122.0
                },
                "Name": "button_grey_8",
                "ctype": "SpriteObjectData"
              },
              {
                "FileData": {
                  "Type": "MarkedSubImage",
                  "Path": "collection2/coin .png",
                  "Plist": "coinmay.plist"
                },
                "BlendFunc": {
                  "Src": 1,
                  "Dst": 771
                },
                "AnchorPoint": {
                  "ScaleX": 0.5,
                  "ScaleY": 0.5
                },
                "Position": {
                  "X": 139.0,
                  "Y": 47.0
                },
                "Scale": {
                  "ScaleX": 1.0,
                  "ScaleY": 1.0
                },
                "CColor": {},
                "IconVisible": false,
                "PrePosition": {
                  "X": 0.3466,
                  "Y": 0.5281
                },
                "PreSize": {
                  "X": 0.1471,
                  "Y": 0.6742
                },
                "LeftMargin": 109.5,
                "RightMargin": 232.5,
                "TopMargin": 12.0,
                "BottomMargin": 17.0,
                "Tag": 883,
                "ActionTag": -387539777,
                "Size": {
                  "X": 59.0,
                  "Y": 60.0
                },
                "Name": "Sprite_2",
                "ctype": "SpriteObjectData"
              },
              {
                "LabelText": "2,000",
                "LabelBMFontFile_CNB": {
                  "Type": "Normal",
                  "Path": "font/inter-ssemi-36.fnt",
                  "Plist": ""
                },
                "AnchorPoint": {
                  "ScaleX": 0.5,
                  "ScaleY": 0.5
                },
                "Position": {
                  "X": 231.7174,
                  "Y": 49.009
                },
                "Scale": {
                  "ScaleX": 1.0,
                  "ScaleY": 1.0
                },
                "CColor": {
                  "R": 236,
                  "G": 235,
                  "B": 219
                },
                "IconVisible": false,
                "PrePosition": {
                  "X": 0.5778,
                  "Y": 0.5507
                },
                "PreSize": {
                  "X": 0.2594,
                  "Y": 0.4944
                },
                "LeftMargin": 179.7174,
                "RightMargin": 117.2826,
                "TopMargin": 17.991,
                "BottomMargin": 27.009,
                "Tag": 884,
                "ActionTag": -612937516,
                "Size": {
                  "X": 104.0,
                  "Y": 44.0
                },
                "Name": "BitmapFontLabel_1",
                "ctype": "TextBMFontObjectData"
              }
            ],
            "ActionTag": 1593550529,
            "Size": {
              "X": 401.0,
              "Y": 89.0
            },
            "Name": "coinBtn",
            "ctype": "PanelObjectData"
          }
        ],
        "Size": {
          "X": 720.0,
          "Y": 1280.0
        },
        "Name": "collection2_11",
        "ctype": "SingleNodeObjectData"
      },
      "UsedResources": [
        "coinmay.plist",
        "coinmay.png",
        "font/inter-ssemi-36.fnt",
        "font/inter-ssemi-36.png",
        "gameplist.plist",
        "gameplist.png"
      ],
      "ctype": "GameFileData"
    }
  },
  "Type": "Scene"
}