{
  "ID": "75723009-946f-47b7-9ef2-30c4aa666ef8",
  "Version": "3.10.0.0",
  "Name": "collectionGroup",
  "Content": {
    "Content": {
      "Animation": {
        "Duration": 0,
        "Speed": 1.0,
        "Timelines": [],
        "ctype": "TimelineActionData"
      },
      "AnimationList": [],
      "ObjectData": {
        "Tag": 466,
        "Children": [
          {
            "ClipAble": false,
            "BackColorAlpha": 102,
            "SingleColor": {
              "R": 150,
              "G": 200
            },
            "FirstColor": {
              "R": 150,
              "G": 200
            },
            "EndColor": {},
            "ColorVector": {
              "ScaleY": 1.0
            },
            "Scale9Width": 1,
            "Scale9Height": 1,
            "TouchEnable": true,
            "AnchorPoint": {},
            "Position": {
              "X": 0.0,
              "Y": 0.0
            },
            "Scale": {
              "ScaleX": 1.0,
              "ScaleY": 1.0
            },
            "CColor": {},
            "IconVisible": false,
            "PrePosition": {
              "X": 0.0,
              "Y": 0.0
            },
            "PreSize": {
              "X": 1.0,
              "Y": 1.0
            },
            "Tag": 470,
            "Children": [
              {
                "FileData": {
                  "Type": "MarkedSubImage",
                  "Path": "collectiongroup/white_bg.png",
                  "Plist": "collectionplist.plist"
                },
                "Scale9Enable": true,
                "Scale9OriginX": 6,
                "Scale9OriginY": 6,
                "Scale9Width": 8,
                "Scale9Height": 8,
                "AnchorPoint": {
                  "ScaleX": 0.5,
                  "ScaleY": 0.5
                },
                "Position": {
                  "X": 360.0,
                  "Y": 640.0
                },
                "Scale": {
                  "ScaleX": 1.0,
                  "ScaleY": 1.0
                },
                "CColor": {
                  "R": 213,
                  "G": 214,
                  "B": 199
                },
                "IconVisible": false,
                "PrePosition": {
                  "X": 0.5,
                  "Y": 0.5
                },
                "PreSize": {
                  "X": 1.0,
                  "Y": 1.0
                },
                "Tag": 469,
                "ActionTag": 615858150,
                "Size": {
                  "X": 720.0,
                  "Y": 1280.0
                },
                "Name": "bg",
                "ctype": "ImageViewObjectData"
              },
              {
                "ClipAble": false,
                "BackColorAlpha": 102,
                "SingleColor": {
                  "R": 150,
                  "G": 200
                },
                "FirstColor": {
                  "R": 150,
                  "G": 200
                },
                "EndColor": {},
                "ColorVector": {
                  "ScaleY": 1.0
                },
                "Scale9Width": 1,
                "Scale9Height": 1,
                "TouchEnable": true,
                "AnchorPoint": {
                  "ScaleY": 1.0
                },
                "Position": {
                  "X": 0.0,
                  "Y": 1280.0
                },
                "Scale": {
                  "ScaleX": 1.0,
                  "ScaleY": 1.0
                },
                "CColor": {},
                "IconVisible": false,
                "PrePosition": {
                  "X": 0.0,
                  "Y": 1.0
                },
                "PreSize": {
                  "X": 1.0,
                  "Y": 0.125
                },
                "BottomMargin": 1120.0,
                "Tag": 474,
                "Children": [
                  {
                    "FileData": {
                      "Type": "MarkedSubImage",
                      "Path": "collectiongroup/topbar1.png",
                      "Plist": "collectionplist.plist"
                    },
                    "Scale9Enable": true,
                    "Scale9OriginX": 38,
                    "Scale9OriginY": 13,
                    "Scale9Width": 38,
                    "Scale9Height": 14,
                    "AnchorPoint": {
                      "ScaleX": 0.5
                    },
                    "Position": {
                      "X": 360.0,
                      "Y": 25.0
                    },
                    "Scale": {
                      "ScaleX": 1.0,
                      "ScaleY": 1.0
                    },
                    "CColor": {},
                    "IconVisible": false,
                    "PrePosition": {
                      "X": 0.5,
                      "Y": 0.1562
                    },
                    "PreSize": {
                      "X": 1.0,
                      "Y": 0.25
                    },
                    "TopMargin": 95.0,
                    "BottomMargin": 25.0,
                    "Tag": 471,
                    "ActionTag": 2008851949,
                    "Size": {
                      "X": 720.0,
                      "Y": 40.0
                    },
                    "Name": "title_shadow",
                    "ctype": "ImageViewObjectData"
                  },
                  {
                    "FileData": {
                      "Type": "MarkedSubImage",
                      "Path": "collectiongroup/white_bg.png",
                      "Plist": "collectionplist.plist"
                    },
                    "Scale9Enable": true,
                    "Scale9OriginX": 6,
                    "Scale9OriginY": 6,
                    "Scale9Width": 8,
                    "Scale9Height": 8,
                    "AnchorPoint": {
                      "ScaleX": 0.5
                    },
                    "Position": {
                      "X": 360.0,
                      "Y": 65.0
                    },
                    "Scale": {
                      "ScaleX": 1.0,
                      "ScaleY": 1.0
                    },
                    "CColor": {
                      "R": 224,
                      "G": 223,
                      "B": 209
                    },
                    "IconVisible": false,
                    "PrePosition": {
                      "X": 0.5,
                      "Y": 0.4062
                    },
                    "PreSize": {
                      "X": 1.0,
                      "Y": 0.5938
                    },
                    "BottomMargin": 65.0,
                    "Tag": 39,
                    "ActionTag": -186232287,
                    "Size": {
                      "X": 720.0,
                      "Y": 95.0
                    },
                    "Name": "title_bg",
                    "ctype": "ImageViewObjectData"
                  },
                  {
                    "LabelText": "Collection",
                    "LabelBMFontFile_CNB": {
                      "Type": "Normal",
                      "Path": "font/inter-semi-36.fnt",
                      "Plist": ""
                    },
                    "AnchorPoint": {
                      "ScaleX": 0.5,
                      "ScaleY": 0.5
                    },
                    "Position": {
                      "X": 360.0,
                      "Y": 115.0
                    },
                    "Scale": {
                      "ScaleX": 1.0,
                      "ScaleY": 1.0
                    },
                    "CColor": {
                      "R": 166,
                      "G": 83,
                      "B": 94
                    },
                    "IconVisible": false,
                    "PrePosition": {
                      "X": 0.5,
                      "Y": 0.7188
                    },
                    "PreSize": {
                      "X": 0.2444,
                      "Y": 0.275
                    },
                    "LeftMargin": 272.0,
                    "RightMargin": 272.0,
                    "TopMargin": 23.0,
                    "BottomMargin": 93.0,
                    "Tag": 473,
                    "ActionTag": -300048436,
                    "Size": {
                      "X": 176.0,
                      "Y": 44.0
                    },
                    "Name": "BitmapFontLabel_1",
                    "ctype": "TextBMFontObjectData"
                  },
                  {
                    "ClipAble": false,
                    "BackColorAlpha": 102,
                    "SingleColor": {
                      "R": 150,
                      "G": 200
                    },
                    "FirstColor": {
                      "R": 150,
                      "G": 200
                    },
                    "EndColor": {},
                    "ColorVector": {
                      "ScaleY": 1.0
                    },
                    "Scale9Width": 1,
                    "Scale9Height": 1,
                    "TouchEnable": true,
                    "AnchorPoint": {},
                    "Position": {
                      "X": 22.0,
                      "Y": 87.0
                    },
                    "Scale": {
                      "ScaleX": 1.0,
                      "ScaleY": 1.0
                    },
                    "CColor": {},
                    "IconVisible": false,
                    "PrePosition": {
                      "X": 0.0306,
                      "Y": 0.5437
                    },
                    "PreSize": {
                      "X": 0.0694,
                      "Y": 0.3125
                    },
                    "LeftMargin": 22.0,
                    "RightMargin": 648.0,
                    "TopMargin": 23.0,
                    "BottomMargin": 87.0,
                    "Tag": 476,
                    "Children": [
                      {
                        "FileData": {
                          "Type": "MarkedSubImage",
                          "Path": "collectiongroup/2_1_back.png",
                          "Plist": "collectionplist.plist"
                        },
                        "BlendFunc": {
                          "Src": 1,
                          "Dst": 771
                        },
                        "AnchorPoint": {
                          "ScaleX": 0.5,
                          "ScaleY": 0.5
                        },
                        "Position": {
                          "X": 25.0,
                          "Y": 27.0
                        },
                        "Scale": {
                          "ScaleX": 1.0,
                          "ScaleY": 1.0
                        },
                        "CColor": {},
                        "IconVisible": false,
                        "PrePosition": {
                          "X": 0.5,
                          "Y": 0.54
                        },
                        "PreSize": {
                          "X": 0.8,
                          "Y": 0.72
                        },
                        "LeftMargin": 5.0,
                        "RightMargin": 5.0,
                        "TopMargin": 5.0,
                        "BottomMargin": 9.0,
                        "Tag": 477,
                        "ActionTag": -1741368216,
                        "Size": {
                          "X": 40.0,
                          "Y": 36.0
                        },
                        "Name": "Sprite_4",
                        "ctype": "SpriteObjectData"
                      }
                    ],
                    "ActionTag": -592841780,
                    "Size": {
                      "X": 50.0,
                      "Y": 50.0
                    },
                    "Name": "back",
                    "ctype": "PanelObjectData"
                  }
                ],
                "ActionTag": 1937703490,
                "Size": {
                  "X": 720.0,
                  "Y": 160.0
                },
                "Name": "topgroup",
                "ctype": "PanelObjectData"
              }
            ],
            "ActionTag": 1102355274,
            "Size": {
              "X": 720.0,
              "Y": 1280.0
            },
            "Name": "Panel_1",
            "ctype": "PanelObjectData"
          }
        ],
        "Size": {
          "X": 720.0,
          "Y": 1280.0
        },
        "Name": "Scene",
        "ctype": "SingleNodeObjectData"
      },
      "UsedResources": [
        "collectionplist.plist",
        "collectionplist.png",
        "font/inter-semi-36.fnt",
        "font/inter-semi-36.png"
      ],
      "ctype": "GameFileData"
    }
  },
  "Type": "Scene"
}