{
  "ID": "90b8f154-1e91-437d-803f-64a66ec58926",
  "Version": "3.10.0.0",
  "Name": "collectlist",
  "Content": {
    "Content": {
      "Animation": {
        "Duration": 0,
        "Speed": 1.0,
        "Timelines": [],
        "ctype": "TimelineActionData"
      },
      "AnimationList": [],
      "ObjectData": {
        "Children": [
          {
            "FileData": {
              "Type": "MarkedSubImage",
              "Path": "collection3/img_mask1.png",
              "Plist": "collectlist.plist"
            },
            "Scale9Enable": true,
            "Scale9OriginX": 6,
            "Scale9OriginY": 263,
            "Scale9Width": 8,
            "Scale9Height": 98,
            "AnchorPoint": {
              "ScaleX": 0.5,
              "ScaleY": 0.5
            },
            "Position": {
              "X": 360.0,
              "Y": 458.5
            },
            "Scale": {
              "ScaleX": 1.0,
              "ScaleY": 1.0
            },
            "CColor": {},
            "IconVisible": false,
            "PrePosition": {
              "X": 0.5,
              "Y": 0.3582
            },
            "PreSize": {
              "X": 1.0,
              "Y": 0.7164
            },
            "TopMargin": 363.0,
            "Tag": 134,
            "ActionTag": -227752550,
            "Size": {
              "X": 720.0,
              "Y": 917.0
            },
            "Name": "Image_7",
            "ctype": "ImageViewObjectData"
          },
          {
            "FileData": {
              "Type": "MarkedSubImage",
              "Path": "collection3/progress1_circle.png",
              "Plist": "collectlist.plist"
            },
            "BlendFunc": {
              "Src": 1,
              "Dst": 771
            },
            "AnchorPoint": {
              "ScaleX": 0.5,
              "ScaleY": 0.5
            },
            "Position": {
              "X": -76.4136,
              "Y": 747.9268
            },
            "Scale": {
              "ScaleX": 1.0,
              "ScaleY": 1.0
            },
            "CColor": {},
            "IconVisible": false,
            "PrePosition": {
              "X": -0.1061,
              "Y": 0.5843
            },
            "PreSize": {
              "X": 0.0111,
              "Y": 0.0063
            },
            "LeftMargin": -80.4136,
            "RightMargin": 792.4136,
            "TopMargin": 528.0732,
            "BottomMargin": 743.9268,
            "Tag": 135,
            "ActionTag": -1468690897,
            "Size": {
              "X": 8.0,
              "Y": 8.0
            },
            "Name": "Sprite_8",
            "ctype": "SpriteObjectData"
          },
          {
            "ClipAble": false,
            "BackColorAlpha": 102,
            "SingleColor": {
              "R": 150,
              "G": 200
            },
            "FirstColor": {
              "R": 150,
              "G": 200
            },
            "EndColor": {},
            "ColorVector": {
              "ScaleY": 1.0
            },
            "Scale9Width": 1,
            "Scale9Height": 1,
            "TouchEnable": true,
            "AnchorPoint": {
              "ScaleX": 0.5,
              "ScaleY": 0.5
            },
            "Position": {
              "X": 47.0,
              "Y": 1232.0
            },
            "Scale": {
              "ScaleX": 1.0,
              "ScaleY": 1.0
            },
            "CColor": {},
            "IconVisible": false,
            "PrePosition": {
              "X": 0.0653,
              "Y": 0.9625
            },
            "PreSize": {
              "X": 0.1111,
              "Y": 0.0625
            },
            "LeftMargin": 7.0,
            "RightMargin": 633.0,
            "TopMargin": 8.0,
            "BottomMargin": 1192.0,
            "Tag": 122,
            "Children": [
              {
                "FileData": {
                  "Type": "MarkedSubImage",
                  "Path": "collection3/back_bg.png",
                  "Plist": "collectlist.plist"
                },
                "BlendFunc": {
                  "Src": 1,
                  "Dst": 771
                },
                "AnchorPoint": {
                  "ScaleX": 0.5,
                  "ScaleY": 0.5
                },
                "Position": {
                  "X": 40.0,
                  "Y": 40.0
                },
                "Scale": {
                  "ScaleX": 1.0,
                  "ScaleY": 1.0
                },
                "CColor": {},
                "IconVisible": false,
                "PrePosition": {
                  "X": 0.5,
                  "Y": 0.5
                },
                "PreSize": {
                  "X": 0.825,
                  "Y": 0.825
                },
                "LeftMargin": 7.0,
                "RightMargin": 7.0,
                "TopMargin": 7.0,
                "BottomMargin": 7.0,
                "Tag": 124,
                "ActionTag": 1091949957,
                "Size": {
                  "X": 66.0,
                  "Y": 66.0
                },
                "Name": "back_bg_7",
                "ctype": "SpriteObjectData"
              },
              {
                "FileData": {
                  "Type": "MarkedSubImage",
                  "Path": "collection3/back.png",
                  "Plist": "collectlist.plist"
                },
                "BlendFunc": {
                  "Src": 1,
                  "Dst": 771
                },
                "AnchorPoint": {
                  "ScaleX": 0.5,
                  "ScaleY": 0.5
                },
                "Position": {
                  "X": 40.0,
                  "Y": 40.0
                },
                "Scale": {
                  "ScaleX": 1.0,
                  "ScaleY": 1.0
                },
                "CColor": {},
                "IconVisible": false,
                "PrePosition": {
                  "X": 0.5,
                  "Y": 0.5
                },
                "PreSize": {
                  "X": 0.5,
                  "Y": 0.45
                },
                "LeftMargin": 20.0,
                "RightMargin": 20.0,
                "TopMargin": 22.0,
                "BottomMargin": 22.0,
                "Tag": 123,
                "ActionTag": -1101368690,
                "Size": {
                  "X": 40.0,
                  "Y": 36.0
                },
                "Name": "back_6",
                "ctype": "SpriteObjectData"
              }
            ],
            "ActionTag": -1880234743,
            "Size": {
              "X": 80.0,
              "Y": 80.0
            },
            "Name": "backBtn",
            "ctype": "PanelObjectData"
          },
          {
            "FileData": {
              "Type": "MarkedSubImage",
              "Path": "collection3/title_bg_1.png",
              "Plist": "collectlist.plist"
            },
            "Scale9Enable": true,
            "Scale9OriginX": 26,
            "Scale9OriginY": 161,
            "Scale9Width": 28,
            "Scale9Height": 27,
            "AnchorPoint": {
              "ScaleY": 0.5
            },
            "Position": {
              "X": 32.0,
              "Y": 721.0
            },
            "Scale": {
              "ScaleX": 1.0,
              "ScaleY": 1.0
            },
            "CColor": {},
            "IconVisible": false,
            "PrePosition": {
              "X": 0.0444,
              "Y": 0.5633
            },
            "PreSize": {
              "X": 0.9111,
              "Y": 0.2188
            },
            "LeftMargin": 32.0,
            "RightMargin": 32.0,
            "TopMargin": 419.0,
            "BottomMargin": 581.0,
            "Tag": 126,
            "ActionTag": 1900333488,
            "Size": {
              "X": 656.0,
              "Y": 280.0
            },
            "Name": "Image_6",
            "ctype": "ImageViewObjectData"
          },
          {
            "LabelText": "Fnt Text Label",
            "LabelBMFontFile_CNB": {
              "Type": "Normal",
              "Path": "font/inter-ssemi-44.fnt",
              "Plist": ""
            },
            "AnchorPoint": {
              "ScaleX": 0.5,
              "ScaleY": 0.5
            },
            "Position": {
              "X": 360.0,
              "Y": 707.0
            },
            "Scale": {
              "ScaleX": 1.0,
              "ScaleY": 1.0
            },
            "CColor": {
              "R": 166,
              "G": 83,
              "B": 94
            },
            "IconVisible": false,
            "PrePosition": {
              "X": 0.5,
              "Y": 0.5523
            },
            "PreSize": {
              "X": 0.4222,
              "Y": 0.0422
            },
            "LeftMargin": 208.0,
            "RightMargin": 208.0,
            "TopMargin": 546.0,
            "BottomMargin": 680.0,
            "Tag": 68,
            "ActionTag": 163340287,
            "Size": {
              "X": 304.0,
              "Y": 54.0
            },
            "Name": "title",
            "ctype": "TextBMFontObjectData"
          },
          {
            "ClipAble": false,
            "BackColorAlpha": 102,
            "SingleColor": {
              "R": 150,
              "G": 200
            },
            "FirstColor": {
              "R": 150,
              "G": 200
            },
            "EndColor": {},
            "ColorVector": {
              "ScaleY": 1.0
            },
            "Scale9Width": 1,
            "Scale9Height": 1,
            "TouchEnable": true,
            "AnchorPoint": {
              "ScaleX": 0.5,
              "ScaleY": 0.5
            },
            "Position": {
              "X": 360.0,
              "Y": 1232.0
            },
            "Scale": {
              "ScaleX": 1.0,
              "ScaleY": 1.0
            },
            "CColor": {},
            "IconVisible": false,
            "PrePosition": {
              "X": 0.5,
              "Y": 0.9625
            },
            "PreSize": {
              "X": 1.0,
              "Y": 0.075
            },
            "BottomMargin": 1184.0,
            "Tag": 439,
            "Children": [
              {
                "ClipAble": false,
                "BackColorAlpha": 102,
                "SingleColor": {
                  "R": 150,
                  "G": 200
                },
                "FirstColor": {
                  "R": 150,
                  "G": 200
                },
                "EndColor": {},
                "ColorVector": {
                  "ScaleY": 1.0
                },
                "Scale9Width": 1,
                "Scale9Height": 1,
                "TouchEnable": true,
                "AnchorPoint": {
                  "ScaleX": 0.5,
                  "ScaleY": 0.5
                },
                "Position": {
                  "X": 360.0,
                  "Y": 47.5
                },
                "Scale": {
                  "ScaleX": 1.0,
                  "ScaleY": 1.0
                },
                "CColor": {},
                "IconVisible": false,
                "PrePosition": {
                  "X": 0.5,
                  "Y": 0.4948
                },
                "PreSize": {
                  "X": 1.0,
                  "Y": 1.0104
                },
                "BottomMargin": -1.0,
                "Tag": 163,
                "Children": [
                  {
                    "FileData": {
                      "Type": "MarkedSubImage",
                      "Path": "gameasset/white_bg.png",
                      "Plist": "gameplist.plist"
                    },
                    "Scale9Enable": true,
                    "Scale9OriginX": 6,
                    "Scale9OriginY": 6,
                    "Scale9Width": 8,
                    "Scale9Height": 8,
                    "AnchorPoint": {
                      "ScaleX": 0.5
                    },
                    "Position": {
                      "X": 360.0,
                      "Y": 0.0
                    },
                    "Scale": {
                      "ScaleX": 1.0,
                      "ScaleY": 1.0
                    },
                    "CColor": {},
                    "IconVisible": false,
                    "PrePosition": {
                      "X": 0.5,
                      "Y": 0.0
                    },
                    "PreSize": {
                      "X": 1.0,
                      "Y": 1.0
                    },
                    "Tag": 440,
                    "ActionTag": 1026697231,
                    "Size": {
                      "X": 720.0,
                      "Y": 97.0
                    },
                    "Name": "titleBgImg",
                    "ctype": "ImageViewObjectData"
                  },
                  {
                    "FileData": {
                      "Type": "MarkedSubImage",
                      "Path": "collection3/topbar1.png",
                      "Plist": "collectlist.plist"
                    },
                    "Scale9Enable": true,
                    "Scale9OriginX": 237,
                    "Scale9Width": 246,
                    "Scale9Height": 40,
                    "AnchorPoint": {
                      "ScaleX": 0.5,
                      "ScaleY": 0.5
                    },
                    "Position": {
                      "X": 360.0,
                      "Y": -20.0
                    },
                    "Scale": {
                      "ScaleX": 1.0,
                      "ScaleY": 1.0
                    },
                    "CColor": {},
                    "IconVisible": false,
                    "PrePosition": {
                      "X": 0.5,
                      "Y": -0.2062
                    },
                    "PreSize": {
                      "X": 1.0,
                      "Y": 0.4124
                    },
                    "TopMargin": 97.0,
                    "BottomMargin": -40.0,
                    "Tag": 165,
                    "ActionTag": 849246856,
                    "Size": {
                      "X": 720.0,
                      "Y": 40.0
                    },
                    "Name": "topbar1_1",
                    "ctype": "ImageViewObjectData"
                  }
                ],
                "ActionTag": 867255593,
                "Size": {
                  "X": 720.0,
                  "Y": 97.0
                },
                "Name": "Image_1",
                "ctype": "PanelObjectData"
              },
              {
                "LabelText": "Fnt Text Label",
                "LabelBMFontFile_CNB": {
                  "Type": "Normal",
                  "Path": "font/inter-ssemi-44.fnt",
                  "Plist": ""
                },
                "AnchorPoint": {
                  "ScaleX": 0.5,
                  "ScaleY": 0.5
                },
                "Position": {
                  "X": 360.0,
                  "Y": 48.0
                },
                "Scale": {
                  "ScaleX": 1.0,
                  "ScaleY": 1.0
                },
                "CColor": {
                  "R": 166,
                  "G": 83,
                  "B": 94
                },
                "IconVisible": false,
                "PrePosition": {
                  "X": 0.5,
                  "Y": 0.5
                },
                "PreSize": {
                  "X": 0.4222,
                  "Y": 0.5625
                },
                "LeftMargin": 208.0,
                "RightMargin": 208.0,
                "TopMargin": 21.0,
                "BottomMargin": 21.0,
                "Tag": 69,
                "ActionTag": 1676415222,
                "Size": {
                  "X": 304.0,
                  "Y": 54.0
                },
                "Name": "title_0",
                "ctype": "TextBMFontObjectData"
              }
            ],
            "ActionTag": -1413473189,
            "Size": {
              "X": 720.0,
              "Y": 96.0
            },
            "Name": "titleGroup",
            "ctype": "PanelObjectData"
          },
          {
            "ClipAble": false,
            "BackColorAlpha": 102,
            "SingleColor": {
              "R": 150,
              "G": 200
            },
            "FirstColor": {
              "R": 150,
              "G": 200
            },
            "EndColor": {},
            "ColorVector": {
              "ScaleY": 1.0
            },
            "Scale9Width": 1,
            "Scale9Height": 1,
            "TouchEnable": true,
            "AnchorPoint": {
              "ScaleX": 0.5
            },
            "Position": {
              "X": 360.0,
              "Y": 716.0
            },
            "Scale": {
              "ScaleX": 1.0,
              "ScaleY": 1.0
            },
            "CColor": {},
            "IconVisible": false,
            "PrePosition": {
              "X": 0.5,
              "Y": 0.5594
            },
            "PreSize": {
              "X": 0.3778,
              "Y": 0.2125
            },
            "LeftMargin": 224.0,
            "RightMargin": 224.0,
            "TopMargin": 292.0,
            "BottomMargin": 716.0,
            "Tag": 131,
            "Children": [
              {
                "FileData": {
                  "Type": "MarkedSubImage",
                  "Path": "collection3/gift_bg.png",
                  "Plist": "collectlist.plist"
                },
                "BlendFunc": {
                  "Src": 1,
                  "Dst": 771
                },
                "AnchorPoint": {
                  "ScaleX": 0.5,
                  "ScaleY": 0.5
                },
                "Position": {
                  "X": 136.0,
                  "Y": 136.0
                },
                "Scale": {
                  "ScaleX": 1.0,
                  "ScaleY": 1.0
                },
                "CColor": {},
                "IconVisible": false,
                "PrePosition": {
                  "X": 0.5,
                  "Y": 0.5
                },
                "PreSize": {
                  "X": 1.0,
                  "Y": 1.0
                },
                "Tag": 130,
                "ActionTag": -1496089074,
                "Size": {
                  "X": 272.0,
                  "Y": 272.0
                },
                "Name": "gift_bg_12",
                "ctype": "SpriteObjectData"
              },
              {
                "FileData": {
                  "Type": "MarkedSubImage",
                  "Path": "collection3/15_16.png",
                  "Plist": "collectlist.plist"
                },
                "BlendFunc": {
                  "Src": 1,
                  "Dst": 771
                },
                "AnchorPoint": {
                  "ScaleX": 0.5,
                  "ScaleY": 0.5
                },
                "Position": {
                  "X": 136.0,
                  "Y": 77.0
                },
                "Scale": {
                  "ScaleX": 1.0,
                  "ScaleY": 1.0
                },
                "CColor": {},
                "IconVisible": false,
                "PrePosition": {
                  "X": 0.5,
                  "Y": 0.2831
                },
                "PreSize": {
                  "X": 0.3309,
                  "Y": 0.1103
                },
                "LeftMargin": 91.0,
                "RightMargin": 91.0,
                "TopMargin": 180.0,
                "BottomMargin": 62.0,
                "Tag": 128,
                "ActionTag": 684577685,
                "Size": {
                  "X": 90.0,
                  "Y": 30.0
                },
                "Name": "processnum",
                "ctype": "SpriteObjectData"
              },
              {
                "FileData": {
                  "Type": "MarkedSubImage",
                  "Path": "collection3/gift.png",
                  "Plist": "collectlist.plist"
                },
                "BlendFunc": {
                  "Src": 1,
                  "Dst": 771
                },
                "AnchorPoint": {
                  "ScaleX": 0.5,
                  "ScaleY": 0.5
                },
                "Position": {
                  "X": 136.0,
                  "Y": 161.0
                },
                "Scale": {
                  "ScaleX": 1.0,
                  "ScaleY": 1.0
                },
                "CColor": {},
                "IconVisible": false,
                "PrePosition": {
                  "X": 0.5,
                  "Y": 0.5919
                },
                "PreSize": {
                  "X": 0.3971,
                  "Y": 0.4191
                },
                "LeftMargin": 82.0,
                "RightMargin": 82.0,
                "TopMargin": 54.0,
                "BottomMargin": 104.0,
                "Tag": 129,
                "ActionTag": 564820131,
                "Size": {
                  "X": 108.0,
                  "Y": 114.0
                },
                "Name": "gift_11",
                "ctype": "SpriteObjectData"
              },
              {
                "FileData": {
                  "Type": "MarkedSubImage",
                  "Path": "collection3/num_bg.png",
                  "Plist": "collectlist.plist"
                },
                "BlendFunc": {
                  "Src": 1,
                  "Dst": 771
                },
                "AnchorPoint": {
                  "ScaleX": 0.5,
                  "ScaleY": 0.5
                },
                "Position": {
                  "X": 136.0,
                  "Y": 72.0
                },
                "Scale": {
                  "ScaleX": 1.0,
                  "ScaleY": 1.0
                },
                "CColor": {},
                "IconVisible": false,
                "PrePosition": {
                  "X": 0.5,
                  "Y": 0.2647
                },
                "PreSize": {
                  "X": 0.6397,
                  "Y": 0.1949
                },
                "LeftMargin": 49.0,
                "RightMargin": 49.0,
                "TopMargin": 173.5,
                "BottomMargin": 45.5,
                "Tag": 134,
                "ActionTag": -1032114690,
                "Size": {
                  "X": 174.0,
                  "Y": 53.0
                },
                "Name": "num_bg",
                "ctype": "SpriteObjectData"
              },
              {
                "FileData": {
                  "Type": "MarkedSubImage",
                  "Path": "collection3/num_bg.png",
                  "Plist": "collectlist.plist"
                },
                "BlendFunc": {
                  "Src": 1,
                  "Dst": 771
                },
                "AnchorPoint": {
                  "ScaleX": 0.5,
                  "ScaleY": 0.5
                },
                "Position": {
                  "X": 136.0,
                  "Y": 72.0
                },
                "Scale": {
                  "ScaleX": 1.0,
                  "ScaleY": 1.0
                },
                "CColor": {},
                "IconVisible": false,
                "PrePosition": {
                  "X": 0.5,
                  "Y": 0.2647
                },
                "PreSize": {
                  "X": 0.6397,
                  "Y": 0.1949
                },
                "LeftMargin": 49.0,
                "RightMargin": 49.0,
                "TopMargin": 173.5,
                "BottomMargin": 45.5,
                "Tag": 21,
                "ActionTag": 175948093,
                "Size": {
                  "X": 174.0,
                  "Y": 53.0
                },
                "Name": "num_bg1",
                "ctype": "SpriteObjectData"
              }
            ],
            "ActionTag": 172765807,
            "Size": {
              "X": 272.0,
              "Y": 272.0
            },
            "Name": "process",
            "ctype": "PanelObjectData"
          }
        ],
        "Size": {
          "X": 720.0,
          "Y": 1280.0
        },
        "Name": "collection3_12",
        "ctype": "SingleNodeObjectData"
      },
      "UsedResources": [
        "collectlist.plist",
        "collectlist.png",
        "font/inter-ssemi-44.fnt",
        "font/inter-ssemi-44.png",
        "gameplist.plist",
        "gameplist.png"
      ],
      "ctype": "GameFileData"
    }
  },
  "Type": "Scene"
}