{
  "ID": "3c963af8-1f84-4199-bc65-ac8614350e40",
  "Version": "3.10.0.0",
  "Name": "dailyLeftPanel",
  "Content": {
    "Content": {
      "Animation": {
        "Duration": 0,
        "Speed": 1.0,
        "Timelines": [],
        "ctype": "TimelineActionData"
      },
      "AnimationList": [],
      "ObjectData": {
        "Tag": 16,
        "Children": [
          {
            "ClipAble": false,
            "BackColorAlpha": 102,
            "SingleColor": {
              "R": 150,
              "G": 200
            },
            "FirstColor": {
              "R": 150,
              "G": 200
            },
            "EndColor": {},
            "ColorVector": {
              "ScaleY": 1.0
            },
            "Scale9Width": 1,
            "Scale9Height": 1,
            "TouchEnable": true,
            "AnchorPoint": {},
            "Position": {
              "X": -2.0,
              "Y": 0.0
            },
            "Scale": {
              "ScaleX": 1.0,
              "ScaleY": 1.0
            },
            "CColor": {},
            "IconVisible": false,
            "PrePosition": {
              "X": -0.0028,
              "Y": 0.0
            },
            "PreSize": {
              "X": 1.0,
              "Y": 1.0
            },
            "LeftMargin": -2.0,
            "RightMargin": 2.0,
            "Tag": 20,
            "Children": [
              {
                "FileData": {
                  "Type": "MarkedSubImage",
                  "Path": "gameasset/dailybg.png",
                  "Plist": "gameplist.plist"
                },
                "BlendFunc": {
                  "Src": 1,
                  "Dst": 771
                },
                "AnchorPoint": {},
                "Position": {
                  "X": 2.0,
                  "Y": 0.0
                },
                "Scale": {
                  "ScaleX": 1.0,
                  "ScaleY": 1.0
                },
                "CColor": {},
                "IconVisible": false,
                "PrePosition": {
                  "X": 0.0028,
                  "Y": 0.0
                },
                "PreSize": {
                  "X": 0.9945,
                  "Y": 1.0
                },
                "LeftMargin": 2.0,
                "RightMargin": 2.0,
                "Tag": 18,
                "ActionTag": 1517417773,
                "Size": {
                  "X": 720.0,
                  "Y": 262.0
                },
                "Name": "dailybg",
                "ctype": "SpriteObjectData"
              },
              {
                "FileData": {
                  "Type": "MarkedSubImage",
                  "Path": "gameasset/Daily Challenge.png",
                  "Plist": "gameplist.plist"
                },
                "BlendFunc": {
                  "Src": 1,
                  "Dst": 771
                },
                "AnchorPoint": {},
                "Position": {
                  "X": 90.0,
                  "Y": 184.5
                },
                "Scale": {
                  "ScaleX": 1.0,
                  "ScaleY": 1.0
                },
                "CColor": {},
                "IconVisible": false,
                "PrePosition": {
                  "X": 0.1243,
                  "Y": 0.7042
                },
                "PreSize": {
                  "X": 0.2956,
                  "Y": 0.1031
                },
                "LeftMargin": 90.0,
                "RightMargin": 420.0,
                "TopMargin": 50.5,
                "BottomMargin": 184.5,
                "Tag": 21,
                "ActionTag": 443080512,
                "Size": {
                  "X": 214.0,
                  "Y": 27.0
                },
                "Name": "Sprite_4",
                "ctype": "SpriteObjectData"
              },
              {
                "ClipAble": false,
                "BackColorAlpha": 102,
                "SingleColor": {
                  "R": 150,
                  "G": 200
                },
                "FirstColor": {
                  "R": 150,
                  "G": 200
                },
                "EndColor": {},
                "ColorVector": {
                  "ScaleY": 1.0
                },
                "Scale9Width": 1,
                "Scale9Height": 1,
                "TouchEnable": true,
                "AnchorPoint": {},
                "Position": {
                  "X": 90.0,
                  "Y": 55.0
                },
                "Scale": {
                  "ScaleX": 1.0,
                  "ScaleY": 1.0
                },
                "CColor": {},
                "IconVisible": false,
                "PrePosition": {
                  "X": 0.1243,
                  "Y": 0.2099
                },
                "PreSize": {
                  "X": 0.2486,
                  "Y": 0.2137
                },
                "LeftMargin": 90.0,
                "RightMargin": 454.0,
                "TopMargin": 151.0,
                "BottomMargin": 55.0,
                "Tag": 360,
                "Children": [
                  {
                    "FileData": {
                      "Type": "MarkedSubImage",
                      "Path": "gameasset/dailyPlay.png",
                      "Plist": "gameplist.plist"
                    },
                    "BlendFunc": {
                      "Src": 1,
                      "Dst": 771
                    },
                    "AnchorPoint": {},
                    "Position": {
                      "X": 0.0,
                      "Y": 0.0
                    },
                    "Scale": {
                      "ScaleX": 1.0,
                      "ScaleY": 1.0
                    },
                    "CColor": {},
                    "IconVisible": false,
                    "PrePosition": {
                      "X": 0.0,
                      "Y": 0.0
                    },
                    "PreSize": {
                      "X": 1.0,
                      "Y": 1.0
                    },
                    "Tag": 19,
                    "ActionTag": -1350746202,
                    "Size": {
                      "X": 180.0,
                      "Y": 56.0
                    },
                    "Name": "dailyPlay",
                    "ctype": "SpriteObjectData"
                  },
                  {
                    "FileData": {
                      "Type": "MarkedSubImage",
                      "Path": "gameasset/dailyRestart.png",
                      "Plist": "gameplist.plist"
                    },
                    "BlendFunc": {
                      "Src": 1,
                      "Dst": 771
                    },
                    "AnchorPoint": {},
                    "Position": {
                      "X": 0.0,
                      "Y": 0.0
                    },
                    "Scale": {
                      "ScaleX": 1.0,
                      "ScaleY": 1.0
                    },
                    "CColor": {},
                    "IconVisible": false,
                    "PrePosition": {
                      "X": 0.0,
                      "Y": 0.0
                    },
                    "PreSize": {
                      "X": 1.0,
                      "Y": 1.0
                    },
                    "Tag": 359,
                    "ActionTag": -1258810790,
                    "Size": {
                      "X": 180.0,
                      "Y": 56.0
                    },
                    "Name": "dailyRestart",
                    "ctype": "SpriteObjectData"
                  }
                ],
                "ActionTag": 342806790,
                "Size": {
                  "X": 180.0,
                  "Y": 56.0
                },
                "Name": "dailyPlay_3",
                "ctype": "PanelObjectData"
              },
              {
                "LabelText": "February 28",
                "LabelBMFontFile_CNB": {
                  "Type": "Normal",
                  "Path": "font/inter-semi-36.fnt",
                  "Plist": ""
                },
                "AnchorPoint": {},
                "Position": {
                  "X": 88.0,
                  "Y": 135.0
                },
                "Scale": {
                  "ScaleX": 1.0,
                  "ScaleY": 1.0
                },
                "CColor": {
                  "R": 245,
                  "G": 235,
                  "B": 206
                },
                "IconVisible": false,
                "PrePosition": {
                  "X": 0.1215,
                  "Y": 0.5153
                },
                "PreSize": {
                  "X": 0.2942,
                  "Y": 0.1679
                },
                "LeftMargin": 88.0,
                "RightMargin": 423.0,
                "TopMargin": 83.0,
                "BottomMargin": 135.0,
                "Tag": 22,
                "ActionTag": -2099138606,
                "Size": {
                  "X": 213.0,
                  "Y": 44.0
                },
                "Name": "BitmapFontLabel_1",
                "ctype": "TextBMFontObjectData"
              }
            ],
            "ActionTag": 348862521,
            "Size": {
              "X": 724.0,
              "Y": 262.0
            },
            "Name": "basePanel",
            "ctype": "PanelObjectData"
          },
          {
            "ClipAble": false,
            "BackColorAlpha": 102,
            "SingleColor": {
              "R": 150,
              "G": 200
            },
            "FirstColor": {
              "R": 150,
              "G": 200
            },
            "EndColor": {},
            "ColorVector": {
              "ScaleY": 1.0
            },
            "Scale9Width": 1,
            "Scale9Height": 1,
            "TouchEnable": true,
            "AnchorPoint": {
              "ScaleX": 0.5,
              "ScaleY": 0.5
            },
            "Position": {
              "X": 496.0,
              "Y": 180.0
            },
            "Scale": {
              "ScaleX": 1.0,
              "ScaleY": 1.0
            },
            "CColor": {},
            "IconVisible": false,
            "PrePosition": {
              "X": 0.6851,
              "Y": 0.687
            },
            "PreSize": {
              "X": 0.3315,
              "Y": 0.916
            },
            "LeftMargin": 376.0,
            "RightMargin": 108.0,
            "TopMargin": -38.0,
            "BottomMargin": 60.0,
            "Tag": 74,
            "Children": [
              {
                "FileData": {
                  "Type": "MarkedSubImage",
                  "Path": "gameasset/daily_img_shadow.png",
                  "Plist": "gameplist.plist"
                },
                "Scale9Enable": true,
                "Scale9OriginX": 52,
                "Scale9OriginY": 44,
                "Scale9Width": 17,
                "Scale9Height": 22,
                "AnchorPoint": {
                  "ScaleX": 0.5,
                  "ScaleY": 0.5
                },
                "Position": {
                  "X": 120.0,
                  "Y": 114.0
                },
                "Scale": {
                  "ScaleX": 1.0,
                  "ScaleY": 1.0
                },
                "CColor": {},
                "IconVisible": false,
                "PrePosition": {
                  "X": 0.5,
                  "Y": 0.475
                },
                "PreSize": {
                  "X": 1.2833,
                  "Y": 1.2417
                },
                "LeftMargin": -34.0,
                "RightMargin": -34.0,
                "TopMargin": -23.0,
                "BottomMargin": -35.0,
                "Tag": 76,
                "ActionTag": 1446341594,
                "Size": {
                  "X": 308.0,
                  "Y": 298.0
                },
                "Name": "pic_shadow",
                "ctype": "ImageViewObjectData"
              },
              {
                "FileData": {
                  "Type": "MarkedSubImage",
                  "Path": "gameasset/white_bg.png",
                  "Plist": "gameplist.plist"
                },
                "Scale9Enable": true,
                "Scale9OriginX": 6,
                "Scale9OriginY": 6,
                "Scale9Width": 8,
                "Scale9Height": 8,
                "AnchorPoint": {
                  "ScaleX": 0.5,
                  "ScaleY": 0.5
                },
                "Position": {
                  "X": 120.0,
                  "Y": 120.0
                },
                "Scale": {
                  "ScaleX": 1.0,
                  "ScaleY": 1.0
                },
                "CColor": {
                  "R": 189,
                  "G": 189,
                  "B": 162
                },
                "IconVisible": false,
                "PrePosition": {
                  "X": 0.5,
                  "Y": 0.5
                },
                "PreSize": {
                  "X": 0.9792,
                  "Y": 0.9583
                },
                "LeftMargin": 2.5,
                "RightMargin": 2.5,
                "TopMargin": 5.0,
                "BottomMargin": 5.0,
                "Tag": 77,
                "ActionTag": 1780613307,
                "Size": {
                  "X": 235.0,
                  "Y": 230.0
                },
                "Name": "pic_bg",
                "ctype": "ImageViewObjectData"
              },
              {
                "FileData": {
                  "Type": "MarkedSubImage",
                  "Path": "gameasset/img_frame_kuang.png",
                  "Plist": "gameplist.plist"
                },
                "Scale9OriginX": 19,
                "Scale9OriginY": 19,
                "Scale9Width": 290,
                "Scale9Height": 290,
                "AnchorPoint": {
                  "ScaleX": 0.5,
                  "ScaleY": 0.5
                },
                "Position": {
                  "X": 120.0,
                  "Y": 121.0
                },
                "Scale": {
                  "ScaleX": 1.0,
                  "ScaleY": 1.0
                },
                "CColor": {},
                "IconVisible": false,
                "PrePosition": {
                  "X": 0.5,
                  "Y": 0.5042
                },
                "PreSize": {
                  "X": 1.0125,
                  "Y": 1.0125
                },
                "LeftMargin": -1.5,
                "RightMargin": -1.5,
                "TopMargin": -2.5,
                "BottomMargin": -0.5,
                "Tag": 78,
                "ActionTag": 1291774805,
                "Size": {
                  "X": 243.0,
                  "Y": 243.0
                },
                "Name": "pic_kuang",
                "ctype": "ImageViewObjectData"
              }
            ],
            "ActionTag": -1346209579,
            "Size": {
              "X": 240.0,
              "Y": 240.0
            },
            "Name": "prePicGroup",
            "ctype": "PanelObjectData"
          }
        ],
        "Size": {
          "X": 724.0,
          "Y": 262.0
        },
        "Name": "Scene",
        "ctype": "SingleNodeObjectData"
      },
      "UsedResources": [
        "font/inter-semi-36.fnt",
        "font/inter-semi-36.png",
        "gameplist.plist",
        "gameplist.png"
      ],
      "ctype": "GameFileData"
    }
  },
  "Type": "Scene"
}