{
  "ID": "3bcb291d-c9f8-4359-a682-6649686e4b9e",
  "Version": "3.10.0.0",
  "Name": "dailyItem",
  "Content": {
    "Content": {
      "Animation": {
        "Duration": 0,
        "Speed": 1.0,
        "Timelines": [],
        "ctype": "TimelineActionData"
      },
      "AnimationList": [],
      "ObjectData": {
        "Tag": 28,
        "Children": [
          {
            "ClipAble": false,
            "BackColorAlpha": 102,
            "SingleColor": {
              "R": 150,
              "G": 200
            },
            "FirstColor": {
              "R": 150,
              "G": 200
            },
            "EndColor": {},
            "ColorVector": {
              "ScaleY": 1.0
            },
            "Scale9Width": 1,
            "Scale9Height": 1,
            "TouchEnable": true,
            "AnchorPoint": {},
            "Position": {
              "X": 0.0,
              "Y": 0.0
            },
            "Scale": {
              "ScaleX": 1.0,
              "ScaleY": 1.0
            },
            "CColor": {},
            "IconVisible": false,
            "PrePosition": {
              "X": 0.0,
              "Y": 0.0
            },
            "PreSize": {
              "X": 1.0,
              "Y": 1.0
            },
            "Tag": 29,
            "Children": [
              {
                "FileData": {
                  "Type": "MarkedSubImage",
                  "Path": "gameasset/daily_circle.png",
                  "Plist": "gameplist.plist"
                },
                "BlendFunc": {
                  "Src": 1,
                  "Dst": 771
                },
                "AnchorPoint": {
                  "ScaleX": 0.5,
                  "ScaleY": 0.5
                },
                "Position": {
                  "X": 36.0,
                  "Y": 32.0
                },
                "Scale": {
                  "ScaleX": 1.0,
                  "ScaleY": 1.0
                },
                "CColor": {},
                "IconVisible": false,
                "PrePosition": {
                  "X": 0.5,
                  "Y": 0.5
                },
                "PreSize": {
                  "X": 0.8889,
                  "Y": 1.0
                },
                "LeftMargin": 4.0,
                "RightMargin": 4.0,
                "Tag": 30,
                "ActionTag": 486434497,
                "Size": {
                  "X": 64.0,
                  "Y": 64.0
                },
                "Name": "daily_circle",
                "ctype": "SpriteObjectData"
              },
              {
                "FileData": {
                  "Type": "MarkedSubImage",
                  "Path": "gameasset/daily_star.png",
                  "Plist": "gameplist.plist"
                },
                "BlendFunc": {
                  "Src": 1,
                  "Dst": 771
                },
                "AnchorPoint": {
                  "ScaleX": 0.5,
                  "ScaleY": 0.5
                },
                "Position": {
                  "X": 36.0,
                  "Y": 32.0
                },
                "Scale": {
                  "ScaleX": 1.0,
                  "ScaleY": 1.0
                },
                "CColor": {},
                "IconVisible": false,
                "PrePosition": {
                  "X": 0.5,
                  "Y": 0.5
                },
                "PreSize": {
                  "X": 0.625,
                  "Y": 0.6875
                },
                "LeftMargin": 13.5,
                "RightMargin": 13.5,
                "TopMargin": 10.0,
                "BottomMargin": 10.0,
                "Tag": 31,
                "ActionTag": -1532074739,
                "Size": {
                  "X": 45.0,
                  "Y": 44.0
                },
                "Name": "daily_star",
                "ctype": "SpriteObjectData"
              },
              {
                "LabelText": "12",
                "LabelBMFontFile_CNB": {
                  "Type": "Normal",
                  "Path": "font/inter-medium-28.fnt",
                  "Plist": ""
                },
                "AnchorPoint": {
                  "ScaleX": 0.5,
                  "ScaleY": 0.5
                },
                "Position": {
                  "X": 36.0,
                  "Y": 32.0
                },
                "Scale": {
                  "ScaleX": 1.0,
                  "ScaleY": 1.0
                },
                "CColor": {},
                "IconVisible": false,
                "PrePosition": {
                  "X": 0.5,
                  "Y": 0.5
                },
                "PreSize": {
                  "X": 0.4306,
                  "Y": 0.5469
                },
                "LeftMargin": 20.5,
                "RightMargin": 20.5,
                "TopMargin": 14.5,
                "BottomMargin": 14.5,
                "Tag": 32,
                "ActionTag": -424404923,
                "Size": {
                  "X": 31.0,
                  "Y": 35.0
                },
                "Name": "daily_num",
                "ctype": "TextBMFontObjectData"
              }
            ],
            "ActionTag": -54339781,
            "Size": {
              "X": 72.0,
              "Y": 64.0
            },
            "Name": "dailyGroup",
            "ctype": "PanelObjectData"
          }
        ],
        "Size": {
          "X": 72.0,
          "Y": 64.0
        },
        "Name": "Scene",
        "ctype": "SingleNodeObjectData"
      },
      "UsedResources": [
        "font/inter-medium-28.fnt",
        "font/inter-medium-28.png",
        "gameplist.plist",
        "gameplist.png"
      ],
      "ctype": "GameFileData"
    }
  },
  "Type": "Scene"
}