{
  "ID": "75e974f1-2d60-47cc-8e31-784b8f608289",
  "Version": "3.10.0.0",
  "Name": "dialogPreGroup",
  "Content": {
    "Content": {
      "Animation": {
        "Duration": 0,
        "Speed": 1.0,
        "Timelines": [],
        "ctype": "TimelineActionData"
      },
      "AnimationList": [],
      "ObjectData": {
        "Tag": 458,
        "Children": [
          {
            "ClipAble": false,
            "BackColorAlpha": 102,
            "ComboBoxIndex": 1,
            "SingleColor": {
              "R": 150,
              "G": 200
            },
            "FirstColor": {
              "R": 150,
              "G": 200
            },
            "EndColor": {},
            "ColorVector": {
              "ScaleY": 1.0
            },
            "Scale9Width": 1,
            "Scale9Height": 1,
            "TouchEnable": true,
            "AnchorPoint": {},
            "Position": {
              "X": 0.0,
              "Y": 0.0
            },
            "Scale": {
              "ScaleX": 1.0,
              "ScaleY": 1.0
            },
            "CColor": {},
            "IconVisible": false,
            "PrePosition": {
              "X": 0.0,
              "Y": 0.0
            },
            "PreSize": {
              "X": 1.0,
              "Y": 1.0
            },
            "Tag": 465,
            "Children": [
              {
                "FileData": {
                  "Type": "MarkedSubImage",
                  "Path": "collection2/banner_bg.png",
                  "Plist": "coinmay.plist"
                },
                "BlendFunc": {
                  "Src": 1,
                  "Dst": 771
                },
                "AnchorPoint": {
                  "ScaleX": 0.5
                },
                "Position": {
                  "X": 210.0,
                  "Y": -18.0
                },
                "Scale": {
                  "ScaleX": 1.0,
                  "ScaleY": 1.0
                },
                "CColor": {},
                "IconVisible": false,
                "PrePosition": {
                  "X": 0.5,
                  "Y": -0.075
                },
                "PreSize": {
                  "X": 1.0714,
                  "Y": 1.125
                },
                "LeftMargin": -15.0,
                "RightMargin": -15.0,
                "TopMargin": -12.0,
                "BottomMargin": -18.0,
                "Tag": 26,
                "ActionTag": -258658300,
                "Size": {
                  "X": 450.0,
                  "Y": 270.0
                },
                "Name": "banner_bg_1",
                "ctype": "SpriteObjectData"
              },
              {
                "FileData": {
                  "Type": "MarkedSubImage",
                  "Path": "collection2/border.png",
                  "Plist": "coinmay.plist"
                },
                "Scale9OriginX": 26,
                "Scale9OriginY": 33,
                "Scale9Width": 247,
                "Scale9Height": 238,
                "AnchorPoint": {
                  "ScaleX": 0.5,
                  "ScaleY": 0.5
                },
                "Position": {
                  "X": 214.0,
                  "Y": -23.0
                },
                "Scale": {
                  "ScaleX": 1.0,
                  "ScaleY": 1.0
                },
                "RotationSkewX": -27.0,
                "RotationSkewY": -26.9975,
                "CColor": {},
                "IconVisible": false,
                "PrePosition": {
                  "X": 0.5095,
                  "Y": -0.0958
                },
                "PreSize": {
                  "X": 0.7119,
                  "Y": 1.2375
                },
                "LeftMargin": 64.5,
                "RightMargin": 56.5,
                "TopMargin": 114.5,
                "BottomMargin": -171.5,
                "Tag": 461,
                "ActionTag": -1983042580,
                "Size": {
                  "X": 299.0,
                  "Y": 297.0
                },
                "Name": "preKuang_1",
                "ctype": "ImageViewObjectData"
              },
              {
                "FileData": {
                  "Type": "MarkedSubImage",
                  "Path": "collection2/border.png",
                  "Plist": "coinmay.plist"
                },
                "Scale9OriginX": 26,
                "Scale9OriginY": 33,
                "Scale9Width": 247,
                "Scale9Height": 238,
                "AnchorPoint": {
                  "ScaleX": 0.5,
                  "ScaleY": 0.5
                },
                "Position": {
                  "X": 249.0,
                  "Y": 25.0
                },
                "Scale": {
                  "ScaleX": 1.0,
                  "ScaleY": 1.0
                },
                "RotationSkewX": -26.0009,
                "RotationSkewY": -25.999,
                "CColor": {},
                "IconVisible": false,
                "PrePosition": {
                  "X": 0.5929,
                  "Y": 0.1042
                },
                "PreSize": {
                  "X": 0.7119,
                  "Y": 1.2375
                },
                "LeftMargin": 99.5,
                "RightMargin": 21.5,
                "TopMargin": 66.5,
                "BottomMargin": -123.5,
                "Tag": 462,
                "ActionTag": 1234896632,
                "Size": {
                  "X": 299.0,
                  "Y": 297.0
                },
                "Name": "preKuang_2",
                "ctype": "ImageViewObjectData"
              },
              {
                "FileData": {
                  "Type": "MarkedSubImage",
                  "Path": "collection2/border.png",
                  "Plist": "coinmay.plist"
                },
                "Scale9OriginX": 26,
                "Scale9OriginY": 33,
                "Scale9Width": 247,
                "Scale9Height": 238,
                "AnchorPoint": {
                  "ScaleX": 0.5,
                  "ScaleY": 0.5
                },
                "Position": {
                  "X": 288.0,
                  "Y": 55.0
                },
                "Scale": {
                  "ScaleX": 1.0,
                  "ScaleY": 1.0
                },
                "RotationSkewX": -16.9992,
                "RotationSkewY": -17.0015,
                "CColor": {},
                "IconVisible": false,
                "PrePosition": {
                  "X": 0.6857,
                  "Y": 0.2292
                },
                "PreSize": {
                  "X": 0.7119,
                  "Y": 1.2375
                },
                "LeftMargin": 138.5,
                "RightMargin": -17.5,
                "TopMargin": 36.5,
                "BottomMargin": -93.5,
                "Tag": 463,
                "ActionTag": -1128638832,
                "Size": {
                  "X": 299.0,
                  "Y": 297.0
                },
                "Name": "preKuang_3",
                "ctype": "ImageViewObjectData"
              },
              {
                "FileData": {
                  "Type": "MarkedSubImage",
                  "Path": "collection2/border.png",
                  "Plist": "coinmay.plist"
                },
                "Scale9OriginX": 26,
                "Scale9OriginY": 33,
                "Scale9Width": 247,
                "Scale9Height": 238,
                "AnchorPoint": {
                  "ScaleX": 0.5,
                  "ScaleY": 0.5
                },
                "Position": {
                  "X": 342.0,
                  "Y": 87.0
                },
                "Scale": {
                  "ScaleX": 1.0,
                  "ScaleY": 1.0
                },
                "RotationSkewX": -9.0,
                "RotationSkewY": -8.999,
                "CColor": {},
                "IconVisible": false,
                "PrePosition": {
                  "X": 0.8143,
                  "Y": 0.3625
                },
                "PreSize": {
                  "X": 0.7119,
                  "Y": 1.2375
                },
                "LeftMargin": 192.5,
                "RightMargin": -71.5,
                "TopMargin": 4.5,
                "BottomMargin": -61.5,
                "Tag": 464,
                "ActionTag": 315492349,
                "Size": {
                  "X": 299.0,
                  "Y": 297.0
                },
                "Name": "preKuang_4",
                "ctype": "ImageViewObjectData"
              }
            ],
            "ActionTag": 1646006242,
            "Size": {
              "X": 420.0,
              "Y": 240.0
            },
            "Name": "group",
            "ctype": "PanelObjectData"
          }
        ],
        "Size": {
          "X": 420.0,
          "Y": 240.0
        },
        "Name": "Scene",
        "ctype": "SingleNodeObjectData"
      },
      "UsedResources": [
        "coinmay.plist",
        "coinmay.png"
      ],
      "ctype": "GameFileData"
    }
  },
  "Type": "Scene"
}