{
  "ID": "967f2a62-3b37-4815-b0a0-0eb40bba3dc9",
  "Version": "3.10.0.0",
  "Name": "finishdialog",
  "Content": {
    "Content": {
      "Animation": {
        "Duration": 0,
        "Speed": 1.0,
        "Timelines": [],
        "ctype": "TimelineActionData"
      },
      "AnimationList": [],
      "ObjectData": {
        "Tag": 621,
        "Children": [
          {
            "ClipAble": false,
            "BackColorAlpha": 102,
            "SingleColor": {
              "R": 150,
              "G": 200
            },
            "FirstColor": {
              "R": 150,
              "G": 200
            },
            "EndColor": {},
            "ColorVector": {
              "ScaleY": 1.0
            },
            "Scale9Width": 1,
            "Scale9Height": 1,
            "TouchEnable": true,
            "AnchorPoint": {
              "ScaleX": 0.5,
              "ScaleY": 0.5
            },
            "Position": {
              "X": 360.0,
              "Y": 640.0
            },
            "Scale": {
              "ScaleX": 1.0,
              "ScaleY": 1.0
            },
            "CColor": {},
            "IconVisible": false,
            "PrePosition": {
              "X": 0.5,
              "Y": 0.5
            },
            "PreSize": {
              "X": 0.7778,
              "Y": 0.5625
            },
            "LeftMargin": 80.0,
            "RightMargin": 80.0,
            "TopMargin": 280.0,
            "BottomMargin": 280.0,
            "Tag": 644,
            "Children": [
              {
                "FileData": {
                  "Type": "MarkedSubImage",
                  "Path": "gameasset/popups_bg.png",
                  "Plist": "gameplist.plist"
                },
                "Scale9Enable": true,
                "Scale9OriginX": 93,
                "Scale9OriginY": 89,
                "Scale9Width": 18,
                "Scale9Height": 20,
                "AnchorPoint": {
                  "ScaleX": 0.5,
                  "ScaleY": 0.5
                },
                "Position": {
                  "X": 280.0,
                  "Y": 355.0
                },
                "Scale": {
                  "ScaleX": 1.0,
                  "ScaleY": 1.0
                },
                "CColor": {},
                "IconVisible": false,
                "PrePosition": {
                  "X": 0.5,
                  "Y": 0.4931
                },
                "PreSize": {
                  "X": 1.1839,
                  "Y": 1.1458
                },
                "LeftMargin": -51.5,
                "RightMargin": -51.5,
                "TopMargin": -47.5,
                "BottomMargin": -57.5,
                "Tag": 645,
                "ActionTag": -653737531,
                "Size": {
                  "X": 663.0,
                  "Y": 825.0
                },
                "Name": "bg",
                "ctype": "ImageViewObjectData"
              },
              {
                "ClipAble": false,
                "BackColorAlpha": 102,
                "SingleColor": {
                  "R": 150,
                  "G": 200
                },
                "FirstColor": {
                  "R": 150,
                  "G": 200
                },
                "EndColor": {},
                "ColorVector": {
                  "ScaleY": 1.0
                },
                "Scale9Width": 1,
                "Scale9Height": 1,
                "TouchEnable": true,
                "AnchorPoint": {
                  "ScaleX": 0.5
                },
                "Position": {
                  "X": 280.0,
                  "Y": 38.0
                },
                "Scale": {
                  "ScaleX": 1.0,
                  "ScaleY": 1.0
                },
                "CColor": {},
                "IconVisible": false,
                "PrePosition": {
                  "X": 0.5,
                  "Y": 0.0528
                },
                "PreSize": {
                  "X": 0.7143,
                  "Y": 0.1389
                },
                "LeftMargin": 80.0,
                "RightMargin": 80.0,
                "TopMargin": 582.0,
                "BottomMargin": 38.0,
                "Tag": 646,
                "Children": [
                  {
                    "FileData": {
                      "Type": "MarkedSubImage",
                      "Path": "finishMacPic/okbtn.png",
                      "Plist": "finishMcplist.plist"
                    },
                    "BlendFunc": {
                      "Src": 1,
                      "Dst": 771
                    },
                    "AnchorPoint": {
                      "ScaleX": 0.5,
                      "ScaleY": 0.5
                    },
                    "Position": {
                      "X": 200.0,
                      "Y": 50.0
                    },
                    "Scale": {
                      "ScaleX": 1.0,
                      "ScaleY": 1.0
                    },
                    "CColor": {},
                    "IconVisible": false,
                    "PrePosition": {
                      "X": 0.5,
                      "Y": 0.5
                    },
                    "PreSize": {
                      "X": 1.085,
                      "Y": 1.22
                    },
                    "LeftMargin": -17.0,
                    "RightMargin": -17.0,
                    "TopMargin": -11.0,
                    "BottomMargin": -11.0,
                    "Tag": 647,
                    "ActionTag": 1368701455,
                    "Size": {
                      "X": 434.0,
                      "Y": 122.0
                    },
                    "Name": "okbtn_16",
                    "ctype": "SpriteObjectData"
                  }
                ],
                "ActionTag": 1963322614,
                "Size": {
                  "X": 400.0,
                  "Y": 100.0
                },
                "Name": "okBtn",
                "ctype": "PanelObjectData"
              },
              {
                "LabelText": "Week 1 Finished",
                "LabelBMFontFile_CNB": {
                  "Type": "Normal",
                  "Path": "font/inter-blod-40.png.fnt",
                  "Plist": ""
                },
                "AnchorPoint": {
                  "ScaleX": 0.5,
                  "ScaleY": 0.5
                },
                "Position": {
                  "X": 280.0,
                  "Y": 667.0
                },
                "Scale": {
                  "ScaleX": 1.0,
                  "ScaleY": 1.0
                },
                "CColor": {
                  "R": 166,
                  "G": 83,
                  "B": 94
                },
                "IconVisible": false,
                "PrePosition": {
                  "X": 0.5,
                  "Y": 0.9264
                },
                "PreSize": {
                  "X": 0.5589,
                  "Y": 0.0681
                },
                "LeftMargin": 123.5,
                "RightMargin": 123.5,
                "TopMargin": 28.5,
                "BottomMargin": 642.5,
                "Tag": 648,
                "ActionTag": 1536630464,
                "Size": {
                  "X": 313.0,
                  "Y": 49.0
                },
                "Name": "titleLabel",
                "ctype": "TextBMFontObjectData"
              },
              {
                "ClipAble": false,
                "BackColorAlpha": 102,
                "SingleColor": {
                  "R": 150,
                  "G": 200
                },
                "FirstColor": {
                  "R": 150,
                  "G": 200
                },
                "EndColor": {},
                "ColorVector": {
                  "ScaleY": 1.0
                },
                "TouchEnable": true,
                "AnchorPoint": {
                  "ScaleX": 0.5,
                  "ScaleY": 0.5
                },
                "Position": {
                  "X": 280.0,
                  "Y": 486.0
                },
                "Scale": {
                  "ScaleX": 1.0,
                  "ScaleY": 1.0
                },
                "CColor": {},
                "IconVisible": false,
                "PrePosition": {
                  "X": 0.5,
                  "Y": 0.675
                },
                "PreSize": {
                  "X": 0.3571,
                  "Y": 0.2778
                },
                "LeftMargin": 180.0,
                "RightMargin": 180.0,
                "TopMargin": 134.0,
                "BottomMargin": 386.0,
                "Tag": 73,
                "Children": [
                  {
                    "FileData": {
                      "Type": "MarkedSubImage",
                      "Path": "fiishdialog/trophy1.png",
                      "Plist": "finishDialogPlist.plist"
                    },
                    "BlendFunc": {
                      "Src": 1,
                      "Dst": 771
                    },
                    "AnchorPoint": {
                      "ScaleX": 0.5,
                      "ScaleY": 0.5
                    },
                    "Position": {
                      "X": 100.0,
                      "Y": 100.0
                    },
                    "Scale": {
                      "ScaleX": 1.0,
                      "ScaleY": 1.0
                    },
                    "CColor": {},
                    "IconVisible": false,
                    "PrePosition": {
                      "X": 0.5,
                      "Y": 0.5
                    },
                    "PreSize": {
                      "X": 0.965,
                      "Y": 1.005
                    },
                    "LeftMargin": 3.5,
                    "RightMargin": 3.5,
                    "TopMargin": -0.5,
                    "BottomMargin": -0.5,
                    "Tag": 655,
                    "ActionTag": 1289277673,
                    "Size": {
                      "X": 193.0,
                      "Y": 201.0
                    },
                    "Name": "trophyIcon",
                    "ctype": "SpriteObjectData"
                  }
                ],
                "ActionTag": 1534106610,
                "Size": {
                  "X": 200.0,
                  "Y": 200.0
                },
                "Name": "Panel_2",
                "ctype": "PanelObjectData"
              },
              {
                "FileData": {
                  "Type": "MarkedSubImage",
                  "Path": "fiishdialog/finishdialoginfp.png",
                  "Plist": "finishDialogPlist.plist"
                },
                "BlendFunc": {
                  "Src": 1,
                  "Dst": 771
                },
                "AnchorPoint": {
                  "ScaleX": 0.5,
                  "ScaleY": 0.5
                },
                "Position": {
                  "X": 280.0,
                  "Y": 219.0
                },
                "Scale": {
                  "ScaleX": 1.0,
                  "ScaleY": 1.0
                },
                "CColor": {},
                "IconVisible": false,
                "PrePosition": {
                  "X": 0.5,
                  "Y": 0.3042
                },
                "PreSize": {
                  "X": 0.7821,
                  "Y": 0.0861
                },
                "LeftMargin": 61.0,
                "RightMargin": 61.0,
                "TopMargin": 470.0,
                "BottomMargin": 188.0,
                "Tag": 650,
                "ActionTag": 1703998524,
                "Size": {
                  "X": 438.0,
                  "Y": 62.0
                },
                "Name": "ifo_18",
                "ctype": "SpriteObjectData"
              },
              {
                "FileData": {
                  "Type": "MarkedSubImage",
                  "Path": "fiishdialog/digital_bg.png",
                  "Plist": "finishDialogPlist.plist"
                },
                "BlendFunc": {
                  "Src": 1,
                  "Dst": 771
                },
                "AnchorPoint": {
                  "ScaleX": 0.5,
                  "ScaleY": 0.5
                },
                "Position": {
                  "X": 280.0,
                  "Y": 318.0
                },
                "Scale": {
                  "ScaleX": 1.0,
                  "ScaleY": 1.0
                },
                "CColor": {},
                "IconVisible": false,
                "PrePosition": {
                  "X": 0.5,
                  "Y": 0.4417
                },
                "PreSize": {
                  "X": 0.6304,
                  "Y": 0.0889
                },
                "LeftMargin": 103.5,
                "RightMargin": 103.5,
                "TopMargin": 370.0,
                "BottomMargin": 286.0,
                "Tag": 656,
                "ActionTag": 1875881801,
                "Size": {
                  "X": 353.0,
                  "Y": 64.0
                },
                "Name": "digital_bg_16",
                "ctype": "SpriteObjectData"
              },
              {
                "LabelText": "+500",
                "LabelBMFontFile_CNB": {
                  "Type": "Normal",
                  "Path": "font/inter-blod-32.fnt",
                  "Plist": ""
                },
                "AnchorPoint": {
                  "ScaleX": 0.5,
                  "ScaleY": 0.5
                },
                "Position": {
                  "X": 309.0,
                  "Y": 317.0
                },
                "Scale": {
                  "ScaleX": 0.97,
                  "ScaleY": 0.97
                },
                "CColor": {
                  "R": 166,
                  "G": 83,
                  "B": 94
                },
                "IconVisible": false,
                "PrePosition": {
                  "X": 0.5518,
                  "Y": 0.4403
                },
                "PreSize": {
                  "X": 0.1518,
                  "Y": 0.0542
                },
                "LeftMargin": 266.5,
                "RightMargin": 208.5,
                "TopMargin": 383.5,
                "BottomMargin": 297.5,
                "Tag": 660,
                "ActionTag": -2081098084,
                "Size": {
                  "X": 85.0,
                  "Y": 39.0
                },
                "Name": "label2",
                "ctype": "TextBMFontObjectData"
              },
              {
                "FileData": {
                  "Type": "MarkedSubImage",
                  "Path": "fiishdialog/coin.png",
                  "Plist": "finishDialogPlist.plist"
                },
                "BlendFunc": {
                  "Src": 1,
                  "Dst": 771
                },
                "AnchorPoint": {},
                "Position": {
                  "X": 202.5,
                  "Y": 287.0
                },
                "Scale": {
                  "ScaleX": 1.0,
                  "ScaleY": 1.0
                },
                "CColor": {},
                "IconVisible": false,
                "PrePosition": {
                  "X": 0.3616,
                  "Y": 0.3986
                },
                "PreSize": {
                  "X": 0.0982,
                  "Y": 0.0778
                },
                "LeftMargin": 202.5,
                "RightMargin": 302.5,
                "TopMargin": 377.0,
                "BottomMargin": 287.0,
                "Tag": 657,
                "ActionTag": 1474213249,
                "Size": {
                  "X": 55.0,
                  "Y": 56.0
                },
                "Name": "coin_17",
                "ctype": "SpriteObjectData"
              }
            ],
            "ActionTag": -1843083088,
            "Size": {
              "X": 560.0,
              "Y": 720.0
            },
            "Name": "dialogPanel",
            "ctype": "PanelObjectData"
          }
        ],
        "Size": {
          "X": 720.0,
          "Y": 1280.0
        },
        "Name": "Scene",
        "ctype": "SingleNodeObjectData"
      },
      "UsedResources": [
        "finishDialogPlist.plist",
        "finishDialogPlist.png",
        "finishMcplist.plist",
        "finishMcplist.png",
        "font/inter-blod-32.fnt",
        "font/inter-blod-32.png",
        "font/inter-blod-40.png.fnt",
        "font/inter-blod-40.png.png",
        "gameplist.plist",
        "gameplist.png"
      ],
      "ctype": "GameFileData"
    }
  },
  "Type": "Scene"
}