{
  "ID": "ea61aa10-1501-493b-b637-3e41786ea406",
  "Version": "3.10.0.0",
  "Name": "finshMcDialog",
  "Content": {
    "Content": {
      "Animation": {
        "Duration": 0,
        "Speed": 1.0,
        "Timelines": [],
        "ctype": "TimelineActionData"
      },
      "AnimationList": [],
      "ObjectData": {
        "Tag": 564,
        "Children": [
          {
            "ClipAble": false,
            "BackColorAlpha": 102,
            "SingleColor": {
              "R": 150,
              "G": 200
            },
            "FirstColor": {
              "R": 150,
              "G": 200
            },
            "EndColor": {},
            "ColorVector": {
              "ScaleY": 1.0
            },
            "Scale9Width": 1,
            "Scale9Height": 1,
            "TouchEnable": true,
            "AnchorPoint": {
              "ScaleX": 0.5,
              "ScaleY": 0.5
            },
            "Position": {
              "X": 360.0,
              "Y": 640.0
            },
            "Scale": {
              "ScaleX": 1.0,
              "ScaleY": 1.0
            },
            "CColor": {},
            "IconVisible": false,
            "PrePosition": {
              "X": 0.5,
              "Y": 0.5
            },
            "PreSize": {
              "X": 0.7778,
              "Y": 0.5625
            },
            "LeftMargin": 80.0,
            "RightMargin": 80.0,
            "TopMargin": 280.0,
            "BottomMargin": 280.0,
            "Tag": 617,
            "Children": [
              {
                "FileData": {
                  "Type": "MarkedSubImage",
                  "Path": "gameasset/popups_bg.png",
                  "Plist": "gameplist.plist"
                },
                "Scale9Enable": true,
                "Scale9OriginX": 93,
                "Scale9OriginY": 89,
                "Scale9Width": 18,
                "Scale9Height": 20,
                "AnchorPoint": {
                  "ScaleX": 0.5,
                  "ScaleY": 0.5
                },
                "Position": {
                  "X": 280.0,
                  "Y": 355.0
                },
                "Scale": {
                  "ScaleX": 1.0,
                  "ScaleY": 1.0
                },
                "CColor": {},
                "IconVisible": false,
                "PrePosition": {
                  "X": 0.5,
                  "Y": 0.4931
                },
                "PreSize": {
                  "X": 1.1839,
                  "Y": 1.1458
                },
                "LeftMargin": -51.5,
                "RightMargin": -51.5,
                "TopMargin": -47.5,
                "BottomMargin": -57.5,
                "Tag": 609,
                "ActionTag": 1416262123,
                "Size": {
                  "X": 663.0,
                  "Y": 825.0
                },
                "Name": "bg",
                "ctype": "ImageViewObjectData"
              },
              {
                "ClipAble": false,
                "BackColorAlpha": 102,
                "SingleColor": {
                  "R": 150,
                  "G": 200
                },
                "FirstColor": {
                  "R": 150,
                  "G": 200
                },
                "EndColor": {},
                "ColorVector": {
                  "ScaleY": 1.0
                },
                "Scale9Width": 1,
                "Scale9Height": 1,
                "TouchEnable": true,
                "AnchorPoint": {
                  "ScaleX": 0.5
                },
                "Position": {
                  "X": 280.0,
                  "Y": 38.0
                },
                "Scale": {
                  "ScaleX": 1.0,
                  "ScaleY": 1.0
                },
                "CColor": {},
                "IconVisible": false,
                "PrePosition": {
                  "X": 0.5,
                  "Y": 0.0528
                },
                "PreSize": {
                  "X": 0.7143,
                  "Y": 0.1389
                },
                "LeftMargin": 80.0,
                "RightMargin": 80.0,
                "TopMargin": 582.0,
                "BottomMargin": 38.0,
                "Tag": 600,
                "Children": [
                  {
                    "FileData": {
                      "Type": "MarkedSubImage",
                      "Path": "finishMacPic/okbtn.png",
                      "Plist": "finishMcplist.plist"
                    },
                    "BlendFunc": {
                      "Src": 1,
                      "Dst": 771
                    },
                    "AnchorPoint": {
                      "ScaleX": 0.5,
                      "ScaleY": 0.5
                    },
                    "Position": {
                      "X": 200.0,
                      "Y": 50.0
                    },
                    "Scale": {
                      "ScaleX": 1.0,
                      "ScaleY": 1.0
                    },
                    "CColor": {},
                    "IconVisible": false,
                    "PrePosition": {
                      "X": 0.5,
                      "Y": 0.5
                    },
                    "PreSize": {
                      "X": 1.085,
                      "Y": 1.22
                    },
                    "LeftMargin": -17.0,
                    "RightMargin": -17.0,
                    "TopMargin": -11.0,
                    "BottomMargin": -11.0,
                    "Tag": 612,
                    "ActionTag": 1323864823,
                    "Size": {
                      "X": 434.0,
                      "Y": 122.0
                    },
                    "Name": "okbtn_16",
                    "ctype": "SpriteObjectData"
                  }
                ],
                "ActionTag": -771186216,
                "Size": {
                  "X": 400.0,
                  "Y": 100.0
                },
                "Name": "okBtn",
                "ctype": "PanelObjectData"
              },
              {
                "LabelText": "Week 1 Finished",
                "LabelBMFontFile_CNB": {
                  "Type": "Normal",
                  "Path": "font/inter-blod-40.png.fnt",
                  "Plist": ""
                },
                "AnchorPoint": {
                  "ScaleX": 0.5,
                  "ScaleY": 0.5
                },
                "Position": {
                  "X": 280.0,
                  "Y": 667.0
                },
                "Scale": {
                  "ScaleX": 1.0,
                  "ScaleY": 1.0
                },
                "CColor": {
                  "R": 166,
                  "G": 83,
                  "B": 94
                },
                "IconVisible": false,
                "PrePosition": {
                  "X": 0.5,
                  "Y": 0.9264
                },
                "PreSize": {
                  "X": 0.5589,
                  "Y": 0.0681
                },
                "LeftMargin": 123.5,
                "RightMargin": 123.5,
                "TopMargin": 28.5,
                "BottomMargin": 642.5,
                "Tag": 610,
                "ActionTag": 1706045441,
                "Size": {
                  "X": 313.0,
                  "Y": 49.0
                },
                "Name": "titleLabel",
                "ctype": "TextBMFontObjectData"
              },
              {
                "FileData": {
                  "Type": "MarkedSubImage",
                  "Path": "finishMacPic/top_bg.png",
                  "Plist": "finishMcplist.plist"
                },
                "BlendFunc": {
                  "Src": 1,
                  "Dst": 771
                },
                "AnchorPoint": {
                  "ScaleX": 0.5,
                  "ScaleY": 0.5
                },
                "Position": {
                  "X": 280.0,
                  "Y": 466.0
                },
                "Scale": {
                  "ScaleX": 1.0,
                  "ScaleY": 1.0
                },
                "CColor": {},
                "IconVisible": false,
                "PrePosition": {
                  "X": 0.5,
                  "Y": 0.6472
                },
                "PreSize": {
                  "X": 0.9143,
                  "Y": 0.4167
                },
                "LeftMargin": 24.0,
                "RightMargin": 24.0,
                "TopMargin": 104.0,
                "BottomMargin": 316.0,
                "Tag": 613,
                "ActionTag": 1544074483,
                "Size": {
                  "X": 512.0,
                  "Y": 300.0
                },
                "Name": "top_bg_17",
                "ctype": "SpriteObjectData"
              },
              {
                "FileData": {
                  "Type": "MarkedSubImage",
                  "Path": "finishMacPic/ifo.png",
                  "Plist": "finishMcplist.plist"
                },
                "BlendFunc": {
                  "Src": 1,
                  "Dst": 771
                },
                "AnchorPoint": {
                  "ScaleX": 0.5,
                  "ScaleY": 0.5
                },
                "Position": {
                  "X": 288.3575,
                  "Y": 229.3469
                },
                "Scale": {
                  "ScaleX": 1.0,
                  "ScaleY": 1.0
                },
                "CColor": {},
                "IconVisible": false,
                "PrePosition": {
                  "X": 0.5149,
                  "Y": 0.3185
                },
                "PreSize": {
                  "X": 0.8304,
                  "Y": 0.1375
                },
                "LeftMargin": 55.8575,
                "RightMargin": 39.1425,
                "TopMargin": 441.1531,
                "BottomMargin": 179.8469,
                "Tag": 614,
                "ActionTag": -2031769769,
                "Size": {
                  "X": 465.0,
                  "Y": 99.0
                },
                "Name": "ifo_18",
                "ctype": "SpriteObjectData"
              },
              {
                "FileData": {
                  "Type": "MarkedSubImage",
                  "Path": "finishMacPic/trophy3.png",
                  "Plist": "finishMcplist.plist"
                },
                "BlendFunc": {
                  "Src": 1,
                  "Dst": 771
                },
                "AnchorPoint": {
                  "ScaleX": 0.5,
                  "ScaleY": 0.5
                },
                "Position": {
                  "X": 281.0004,
                  "Y": 455.0
                },
                "Scale": {
                  "ScaleX": 1.0,
                  "ScaleY": 1.0
                },
                "CColor": {},
                "IconVisible": false,
                "PrePosition": {
                  "X": 0.5018,
                  "Y": 0.6319
                },
                "PreSize": {
                  "X": 0.775,
                  "Y": 0.3861
                },
                "LeftMargin": 64.0004,
                "RightMargin": 61.9996,
                "TopMargin": 126.0,
                "BottomMargin": 316.0,
                "Tag": 615,
                "ActionTag": -620244947,
                "Size": {
                  "X": 434.0,
                  "Y": 278.0
                },
                "Name": "trophy3_19",
                "ctype": "SpriteObjectData"
              },
              {
                "LabelText": "20",
                "LabelBMFontFile_CNB": {
                  "Type": "Normal",
                  "Path": "font/inter-bold-20.fnt",
                  "Plist": ""
                },
                "AnchorPoint": {
                  "ScaleX": 0.5,
                  "ScaleY": 0.5
                },
                "Position": {
                  "X": 152.0,
                  "Y": 399.0
                },
                "Scale": {
                  "ScaleX": 1.0,
                  "ScaleY": 1.0
                },
                "CColor": {
                  "R": 166,
                  "G": 83,
                  "B": 94
                },
                "IconVisible": false,
                "PrePosition": {
                  "X": 0.2714,
                  "Y": 0.5542
                },
                "PreSize": {
                  "X": 0.0482,
                  "Y": 0.0347
                },
                "LeftMargin": 138.5,
                "RightMargin": 394.5,
                "TopMargin": 308.5,
                "BottomMargin": 386.5,
                "Tag": 618,
                "ActionTag": 1781185853,
                "Size": {
                  "X": 27.0,
                  "Y": 25.0
                },
                "Name": "starNum2",
                "ctype": "TextBMFontObjectData"
              },
              {
                "LabelText": "20",
                "LabelBMFontFile_CNB": {
                  "Type": "Normal",
                  "Path": "font/inter-bold-20.fnt",
                  "Plist": ""
                },
                "AnchorPoint": {
                  "ScaleX": 0.5,
                  "ScaleY": 0.5
                },
                "Position": {
                  "X": 297.0,
                  "Y": 428.0
                },
                "Scale": {
                  "ScaleX": 1.0,
                  "ScaleY": 1.0
                },
                "CColor": {
                  "R": 166,
                  "G": 83,
                  "B": 94
                },
                "IconVisible": false,
                "PrePosition": {
                  "X": 0.5304,
                  "Y": 0.5944
                },
                "PreSize": {
                  "X": 0.0482,
                  "Y": 0.0347
                },
                "LeftMargin": 283.5,
                "RightMargin": 249.5,
                "TopMargin": 279.5,
                "BottomMargin": 415.5,
                "Tag": 619,
                "ActionTag": 442759464,
                "Size": {
                  "X": 27.0,
                  "Y": 25.0
                },
                "Name": "starNum1",
                "ctype": "TextBMFontObjectData"
              },
              {
                "LabelText": "20",
                "LabelBMFontFile_CNB": {
                  "Type": "Normal",
                  "Path": "font/inter-bold-20.fnt",
                  "Plist": ""
                },
                "AnchorPoint": {
                  "ScaleX": 0.5,
                  "ScaleY": 0.5
                },
                "Position": {
                  "X": 444.0,
                  "Y": 392.0
                },
                "Scale": {
                  "ScaleX": 1.0,
                  "ScaleY": 1.0
                },
                "CColor": {
                  "R": 166,
                  "G": 83,
                  "B": 94
                },
                "IconVisible": false,
                "PrePosition": {
                  "X": 0.7929,
                  "Y": 0.5444
                },
                "PreSize": {
                  "X": 0.0482,
                  "Y": 0.0347
                },
                "LeftMargin": 430.5,
                "RightMargin": 102.5,
                "TopMargin": 315.5,
                "BottomMargin": 379.5,
                "Tag": 620,
                "ActionTag": -674850694,
                "Size": {
                  "X": 27.0,
                  "Y": 25.0
                },
                "Name": "starNum3",
                "ctype": "TextBMFontObjectData"
              },
              {
                "LabelText": "Fnt Text Label",
                "LabelBMFontFile_CNB": {
                  "Type": "Normal",
                  "Path": "font/inter-regular-24.fnt",
                  "Plist": ""
                },
                "AnchorPoint": {
                  "ScaleX": 0.5,
                  "ScaleY": 0.5
                },
                "Position": {
                  "X": 134.0,
                  "Y": 435.0
                },
                "Scale": {
                  "ScaleX": 0.83,
                  "ScaleY": 0.83
                },
                "CColor": {
                  "R": 166,
                  "G": 83,
                  "B": 94
                },
                "IconVisible": false,
                "PrePosition": {
                  "X": 0.2393,
                  "Y": 0.6042
                },
                "PreSize": {
                  "X": 0.2893,
                  "Y": 0.0417
                },
                "LeftMargin": 53.0,
                "RightMargin": 345.0,
                "TopMargin": 270.0,
                "BottomMargin": 420.0,
                "Tag": 129,
                "ActionTag": -1159107628,
                "Size": {
                  "X": 162.0,
                  "Y": 30.0
                },
                "Name": "username2",
                "ctype": "TextBMFontObjectData"
              },
              {
                "LabelText": "Fnt Text Label",
                "LabelBMFontFile_CNB": {
                  "Type": "Normal",
                  "Path": "font/inter-regular-24.fnt",
                  "Plist": ""
                },
                "AnchorPoint": {
                  "ScaleX": 0.5,
                  "ScaleY": 0.5
                },
                "Position": {
                  "X": 283.0,
                  "Y": 464.74
                },
                "Scale": {
                  "ScaleX": 0.83,
                  "ScaleY": 0.83
                },
                "CColor": {
                  "R": 166,
                  "G": 83,
                  "B": 94
                },
                "IconVisible": false,
                "PrePosition": {
                  "X": 0.5054,
                  "Y": 0.6455
                },
                "PreSize": {
                  "X": 0.2893,
                  "Y": 0.0417
                },
                "LeftMargin": 202.0,
                "RightMargin": 196.0,
                "TopMargin": 240.26,
                "BottomMargin": 449.74,
                "Tag": 128,
                "ActionTag": 1692184520,
                "Size": {
                  "X": 162.0,
                  "Y": 30.0
                },
                "Name": "username1",
                "ctype": "TextBMFontObjectData"
              },
              {
                "LabelText": "Fnt Text Label",
                "LabelBMFontFile_CNB": {
                  "Type": "Normal",
                  "Path": "font/inter-regular-24.fnt",
                  "Plist": ""
                },
                "AnchorPoint": {
                  "ScaleX": 0.5,
                  "ScaleY": 0.5
                },
                "Position": {
                  "X": 424.0,
                  "Y": 428.0
                },
                "Scale": {
                  "ScaleX": 0.83,
                  "ScaleY": 0.83
                },
                "CColor": {
                  "R": 166,
                  "G": 83,
                  "B": 94
                },
                "IconVisible": false,
                "PrePosition": {
                  "X": 0.7571,
                  "Y": 0.5944
                },
                "PreSize": {
                  "X": 0.2893,
                  "Y": 0.0417
                },
                "LeftMargin": 343.0,
                "RightMargin": 55.0,
                "TopMargin": 277.0,
                "BottomMargin": 413.0,
                "Tag": 125,
                "ActionTag": 780896852,
                "Size": {
                  "X": 162.0,
                  "Y": 30.0
                },
                "Name": "username3",
                "ctype": "TextBMFontObjectData"
              }
            ],
            "ActionTag": 1380844176,
            "Size": {
              "X": 560.0,
              "Y": 720.0
            },
            "Name": "dialogPanel",
            "ctype": "PanelObjectData"
          }
        ],
        "Size": {
          "X": 720.0,
          "Y": 1280.0
        },
        "Name": "Scene",
        "ctype": "SingleNodeObjectData"
      },
      "UsedResources": [
        "finishMcplist.plist",
        "finishMcplist.png",
        "font/inter-blod-40.png.fnt",
        "font/inter-blod-40.png.png",
        "font/inter-bold-20.fnt",
        "font/inter-bold-20.png",
        "font/inter-regular-24.fnt",
        "font/inter-regular-24.png",
        "gameplist.plist",
        "gameplist.png"
      ],
      "ctype": "GameFileData"
    }
  },
  "Type": "Scene"
}