{
  "ID": "43fa72dd-f183-4da0-9d2e-742200c1c978",
  "Version": "3.10.0.0",
  "Name": "floatgroup",
  "Content": {
    "Content": {
      "Animation": {
        "Duration": 0,
        "Speed": 1.0,
        "Timelines": [],
        "ctype": "TimelineActionData"
      },
      "AnimationList": [],
      "ObjectData": {
        "Tag": 65,
        "Children": [
          {
            "FileData": {
              "Type": "MarkedSubImage",
              "Path": "gameasset/dailybg.png",
              "Plist": "gameplist.plist"
            },
            "BlendFunc": {
              "Src": 1,
              "Dst": 771
            },
            "AnchorPoint": {
              "ScaleX": 0.5,
              "ScaleY": 0.5
            },
            "Position": {
              "X": 75.1736,
              "Y": 144.825
            },
            "Scale": {
              "ScaleX": 1.0,
              "ScaleY": 1.0
            },
            "CColor": {},
            "IconVisible": false,
            "PrePosition": {
              "X": 0.1038,
              "Y": 0.5528
            },
            "PreSize": {
              "X": 0.9945,
              "Y": 1.0
            },
            "LeftMargin": -284.8264,
            "RightMargin": 288.8264,
            "TopMargin": -13.825,
            "BottomMargin": 13.825,
            "Tag": 66,
            "ActionTag": -129389217,
            "Size": {
              "X": 720.0,
              "Y": 262.0
            },
            "Name": "dailybg_1",
            "ctype": "SpriteObjectData"
          }
        ],
        "Size": {
          "X": 724.0,
          "Y": 262.0
        },
        "Name": "Scene",
        "ctype": "SingleNodeObjectData"
      },
      "UsedResources": [
        "gameplist.plist",
        "gameplist.png"
      ],
      "ctype": "GameFileData"
    }
  },
  "Type": "Scene"
}