{
  "ID": "c23ecd5c-90df-48f1-b9fd-a3a28958d525",
  "Version": "3.10.0.0",
  "Name": "floatItemGroup",
  "Content": {
    "Content": {
      "Animation": {
        "Duration": 0,
        "Speed": 1.0,
        "Timelines": [],
        "ctype": "TimelineActionData"
      },
      "AnimationList": [],
      "ObjectData": {
        "Tag": 262,
        "Children": [
          {
            "ClipAble": false,
            "BackColorAlpha": 102,
            "SingleColor": {
              "R": 150,
              "G": 200
            },
            "FirstColor": {
              "R": 150,
              "G": 200
            },
            "EndColor": {},
            "ColorVector": {
              "ScaleY": 1.0
            },
            "Scale9Width": 1,
            "Scale9Height": 1,
            "TouchEnable": true,
            "AnchorPoint": {},
            "Position": {
              "X": 0.0,
              "Y": 0.0
            },
            "Scale": {
              "ScaleX": 1.0,
              "ScaleY": 1.0
            },
            "CColor": {},
            "IconVisible": false,
            "PrePosition": {
              "X": 0.0,
              "Y": 0.0
            },
            "PreSize": {
              "X": 3.84,
              "Y": 1.936
            },
            "RightMargin": -497.0,
            "TopMargin": -117.0,
            "Tag": 264,
            "Children": [
              {
                "FileData": {
                  "Type": "MarkedSubImage",
                  "Path": "gameasset/daily_bg.png",
                  "Plist": "gameplist.plist"
                },
                "BlendFunc": {
                  "Src": 1,
                  "Dst": 771
                },
                "AnchorPoint": {
                  "ScaleX": 0.5,
                  "ScaleY": 0.5
                },
                "Position": {
                  "X": 336.0,
                  "Y": 116.05
                },
                "Scale": {
                  "ScaleX": 1.0,
                  "ScaleY": 1.0
                },
                "CColor": {},
                "IconVisible": false,
                "PrePosition": {
                  "X": 0.5,
                  "Y": 0.4795
                },
                "PreSize": {
                  "X": 1.0417,
                  "Y": 1.1074
                },
                "LeftMargin": -14.0,
                "RightMargin": -14.0,
                "TopMargin": -8.05,
                "BottomMargin": -17.95,
                "Tag": 267,
                "ActionTag": 2043382674,
                "Size": {
                  "X": 700.0,
                  "Y": 268.0
                },
                "Name": "dailybg",
                "ctype": "SpriteObjectData"
              },
              {
                "FileData": {
                  "Type": "MarkedSubImage",
                  "Path": "gameasset/Daily Challenge.png",
                  "Plist": "gameplist.plist"
                },
                "BlendFunc": {
                  "Src": 1,
                  "Dst": 771
                },
                "AnchorPoint": {
                  "ScaleY": 0.5
                },
                "Position": {
                  "X": 40.0,
                  "Y": 191.0
                },
                "Scale": {
                  "ScaleX": 1.0,
                  "ScaleY": 1.0
                },
                "CColor": {},
                "IconVisible": false,
                "PrePosition": {
                  "X": 0.0595,
                  "Y": 0.7893
                },
                "PreSize": {
                  "X": 0.3185,
                  "Y": 0.1116
                },
                "LeftMargin": 40.0,
                "RightMargin": 418.0,
                "TopMargin": 37.5,
                "BottomMargin": 177.5,
                "Tag": 268,
                "ActionTag": -1630617217,
                "Size": {
                  "X": 214.0,
                  "Y": 27.0
                },
                "Name": "dailychallenge",
                "ctype": "SpriteObjectData"
              },
              {
                "LabelText": "February 28",
                "LabelBMFontFile_CNB": {
                  "Type": "Normal",
                  "Path": "font/inter-semi-36.fnt",
                  "Plist": ""
                },
                "AnchorPoint": {
                  "ScaleY": 0.5
                },
                "Position": {
                  "X": 36.0,
                  "Y": 146.0
                },
                "Scale": {
                  "ScaleX": 1.0,
                  "ScaleY": 1.0
                },
                "CColor": {},
                "IconVisible": false,
                "PrePosition": {
                  "X": 0.0536,
                  "Y": 0.6033
                },
                "PreSize": {
                  "X": 0.317,
                  "Y": 0.1818
                },
                "LeftMargin": 36.0,
                "RightMargin": 423.0,
                "TopMargin": 74.0,
                "BottomMargin": 124.0,
                "Tag": 269,
                "ActionTag": 941931392,
                "Size": {
                  "X": 213.0,
                  "Y": 44.0
                },
                "Name": "date",
                "ctype": "TextBMFontObjectData"
              },
              {
                "ClipAble": false,
                "BackColorAlpha": 102,
                "SingleColor": {
                  "R": 150,
                  "G": 200
                },
                "FirstColor": {
                  "R": 150,
                  "G": 200
                },
                "EndColor": {},
                "ColorVector": {
                  "ScaleY": 1.0
                },
                "Scale9Width": 1,
                "Scale9Height": 1,
                "TouchEnable": true,
                "AnchorPoint": {
                  "ScaleY": 0.5
                },
                "Position": {
                  "X": 40.0,
                  "Y": 52.0
                },
                "Scale": {
                  "ScaleX": 1.0,
                  "ScaleY": 1.0
                },
                "CColor": {},
                "IconVisible": false,
                "PrePosition": {
                  "X": 0.0595,
                  "Y": 0.2149
                },
                "PreSize": {
                  "X": 0.2679,
                  "Y": 0.2314
                },
                "LeftMargin": 40.0,
                "RightMargin": 452.0,
                "TopMargin": 162.0,
                "BottomMargin": 24.0,
                "Tag": 270,
                "Children": [
                  {
                    "FileData": {
                      "Type": "MarkedSubImage",
                      "Path": "gameasset/dailyPlay.png",
                      "Plist": "gameplist.plist"
                    },
                    "BlendFunc": {
                      "Src": 1,
                      "Dst": 771
                    },
                    "AnchorPoint": {},
                    "Position": {
                      "X": 0.0,
                      "Y": 0.0
                    },
                    "Scale": {
                      "ScaleX": 1.0,
                      "ScaleY": 1.0
                    },
                    "CColor": {},
                    "IconVisible": false,
                    "PrePosition": {
                      "X": 0.0,
                      "Y": 0.0
                    },
                    "PreSize": {
                      "X": 1.0,
                      "Y": 1.0
                    },
                    "Tag": 271,
                    "ActionTag": 1747148769,
                    "Size": {
                      "X": 180.0,
                      "Y": 56.0
                    },
                    "Name": "dailyPlay",
                    "ctype": "SpriteObjectData"
                  },
                  {
                    "FileData": {
                      "Type": "MarkedSubImage",
                      "Path": "gameasset/dailyRestart.png",
                      "Plist": "gameplist.plist"
                    },
                    "BlendFunc": {
                      "Src": 1,
                      "Dst": 771
                    },
                    "AnchorPoint": {},
                    "Position": {
                      "X": 0.0,
                      "Y": 0.0
                    },
                    "Scale": {
                      "ScaleX": 1.0,
                      "ScaleY": 1.0
                    },
                    "CColor": {},
                    "IconVisible": false,
                    "PrePosition": {
                      "X": 0.0,
                      "Y": 0.0
                    },
                    "PreSize": {
                      "X": 1.0,
                      "Y": 1.0
                    },
                    "Tag": 272,
                    "ActionTag": 1714126959,
                    "Size": {
                      "X": 180.0,
                      "Y": 56.0
                    },
                    "Name": "dailyRestart",
                    "ctype": "SpriteObjectData"
                  }
                ],
                "ActionTag": -253110951,
                "Size": {
                  "X": 180.0,
                  "Y": 56.0
                },
                "Name": "playBtn",
                "ctype": "PanelObjectData"
              },
              {
                "FileData": {
                  "Type": "MarkedSubImage",
                  "Path": "gameasset/Collection.png",
                  "Plist": "gameplist.plist"
                },
                "BlendFunc": {
                  "Src": 1,
                  "Dst": 771
                },
                "AnchorPoint": {
                  "ScaleY": 0.5
                },
                "Position": {
                  "X": 39.0,
                  "Y": 194.0
                },
                "Scale": {
                  "ScaleX": 1.0,
                  "ScaleY": 1.0
                },
                "CColor": {},
                "IconVisible": false,
                "PrePosition": {
                  "X": 0.058,
                  "Y": 0.8017
                },
                "PreSize": {
                  "X": 0.1994,
                  "Y": 0.0909
                },
                "LeftMargin": 39.0,
                "RightMargin": 499.0,
                "TopMargin": 37.0,
                "BottomMargin": 183.0,
                "Tag": 180,
                "ActionTag": 1188704079,
                "Size": {
                  "X": 134.0,
                  "Y": 22.0
                },
                "Name": "Collection_12",
                "ctype": "SpriteObjectData"
              }
            ],
            "ActionTag": -532024177,
            "Size": {
              "X": 672.0,
              "Y": 242.0
            },
            "Name": "floatPanel",
            "ctype": "PanelObjectData"
          }
        ],
        "Size": {
          "X": 672.0,
          "Y": 242.0
        },
        "Name": "Scene",
        "ctype": "SingleNodeObjectData"
      },
      "UsedResources": [
        "font/inter-semi-36.fnt",
        "font/inter-semi-36.png",
        "gameplist.plist",
        "gameplist.png"
      ],
      "ctype": "GameFileData"
    }
  },
  "Type": "Scene"
}