{
  "ID": "fde7144f-8344-4232-bf61-40a1984a4faf",
  "Version": "3.10.0.0",
  "Name": "fristSkip",
  "Content": {
    "Content": {
      "Animation": {
        "Duration": 0,
        "Speed": 1.0,
        "Timelines": [],
        "ctype": "TimelineActionData"
      },
      "AnimationList": [],
      "ObjectData": {
        "Tag": 144,
        "Children": [
          {
            "ClipAble": false,
            "BackColorAlpha": 102,
            "SingleColor": {
              "R": 150,
              "G": 200
            },
            "FirstColor": {
              "R": 150,
              "G": 200
            },
            "EndColor": {},
            "ColorVector": {
              "ScaleY": 1.0
            },
            "Scale9Width": 1,
            "Scale9Height": 1,
            "TouchEnable": true,
            "AnchorPoint": {
              "ScaleX": 0.5,
              "ScaleY": 0.5
            },
            "Position": {
              "X": 360.0,
              "Y": 640.0
            },
            "Scale": {
              "ScaleX": 1.0,
              "ScaleY": 1.0
            },
            "CColor": {},
            "IconVisible": false,
            "PrePosition": {
              "X": 0.5,
              "Y": 0.5
            },
            "PreSize": {
              "X": 1.0,
              "Y": 1.0
            },
            "Tag": 146,
            "Children": [
              {
                "FileData": {
                  "Type": "MarkedSubImage",
                  "Path": "gameasset/popups_bg.png",
                  "Plist": "gameplist.plist"
                },
                "Scale9Enable": true,
                "Scale9OriginX": 93,
                "Scale9OriginY": 89,
                "Scale9Width": 18,
                "Scale9Height": 20,
                "AnchorPoint": {
                  "ScaleX": 0.5,
                  "ScaleY": 0.5
                },
                "Position": {
                  "X": 360.0,
                  "Y": 699.0
                },
                "Scale": {
                  "ScaleX": 1.0,
                  "ScaleY": 1.0
                },
                "CColor": {},
                "IconVisible": false,
                "PrePosition": {
                  "X": 0.5,
                  "Y": 0.5461
                },
                "PreSize": {
                  "X": 0.9208,
                  "Y": 0.4102
                },
                "LeftMargin": 28.5,
                "RightMargin": 28.5,
                "TopMargin": 318.5,
                "BottomMargin": 436.5,
                "Tag": 147,
                "ActionTag": 1383619795,
                "Size": {
                  "X": 663.0,
                  "Y": 525.0
                },
                "Name": "bg",
                "ctype": "ImageViewObjectData"
              },
              {
                "ClipAble": false,
                "BackColorAlpha": 102,
                "SingleColor": {
                  "R": 150,
                  "G": 200
                },
                "FirstColor": {
                  "R": 150,
                  "G": 200
                },
                "EndColor": {},
                "ColorVector": {
                  "ScaleY": 1.0
                },
                "Scale9Width": 1,
                "Scale9Height": 1,
                "TouchEnable": true,
                "AnchorPoint": {
                  "ScaleX": 0.5,
                  "ScaleY": 0.5
                },
                "Position": {
                  "X": 360.0,
                  "Y": 588.0
                },
                "Scale": {
                  "ScaleX": 1.0,
                  "ScaleY": 1.0
                },
                "CColor": {},
                "IconVisible": false,
                "PrePosition": {
                  "X": 0.5,
                  "Y": 0.4594
                },
                "PreSize": {
                  "X": 0.5556,
                  "Y": 0.0688
                },
                "LeftMargin": 160.0,
                "RightMargin": 160.0,
                "TopMargin": 648.0,
                "BottomMargin": 544.0,
                "Tag": 150,
                "Children": [
                  {
                    "FileData": {
                      "Type": "MarkedSubImage",
                      "Path": "reward/ok.png",
                      "Plist": "rewardplist.plist"
                    },
                    "BlendFunc": {
                      "Src": 1,
                      "Dst": 771
                    },
                    "AnchorPoint": {
                      "ScaleX": 0.5,
                      "ScaleY": 0.5
                    },
                    "Position": {
                      "X": 200.3123,
                      "Y": 39.0
                    },
                    "Scale": {
                      "ScaleX": 1.0,
                      "ScaleY": 1.0
                    },
                    "CColor": {},
                    "IconVisible": false,
                    "PrePosition": {
                      "X": 0.5008,
                      "Y": 0.4432
                    },
                    "PreSize": {
                      "X": 1.085,
                      "Y": 1.3864
                    },
                    "LeftMargin": -16.6877,
                    "RightMargin": -17.3123,
                    "TopMargin": -12.0,
                    "BottomMargin": -22.0,
                    "Tag": 151,
                    "ActionTag": -122776127,
                    "Size": {
                      "X": 434.0,
                      "Y": 122.0
                    },
                    "Name": "button",
                    "ctype": "SpriteObjectData"
                  }
                ],
                "ActionTag": 1420589035,
                "Size": {
                  "X": 400.0,
                  "Y": 88.0
                },
                "Name": "claim",
                "ctype": "PanelObjectData"
              },
              {
                "ClipAble": false,
                "BackColorAlpha": 102,
                "SingleColor": {
                  "R": 150,
                  "G": 200
                },
                "FirstColor": {
                  "R": 150,
                  "G": 200
                },
                "EndColor": {},
                "ColorVector": {
                  "ScaleY": 1.0
                },
                "TouchEnable": true,
                "AnchorPoint": {},
                "Position": {
                  "X": 548.0,
                  "Y": 824.0
                },
                "Scale": {
                  "ScaleX": 1.0,
                  "ScaleY": 1.0
                },
                "CColor": {},
                "IconVisible": false,
                "PrePosition": {
                  "X": 0.7611,
                  "Y": 0.6438
                },
                "PreSize": {
                  "X": 0.1139,
                  "Y": 0.0641
                },
                "LeftMargin": 548.0,
                "RightMargin": 90.0,
                "TopMargin": 374.0,
                "BottomMargin": 824.0,
                "Tag": 166,
                "Children": [
                  {
                    "FileData": {
                      "Type": "MarkedSubImage",
                      "Path": "reward/close.png",
                      "Plist": "rewardplist.plist"
                    },
                    "BlendFunc": {
                      "Src": 1,
                      "Dst": 771
                    },
                    "AnchorPoint": {
                      "ScaleX": 0.5,
                      "ScaleY": 0.5
                    },
                    "Position": {
                      "X": 41.0,
                      "Y": 41.0
                    },
                    "Scale": {
                      "ScaleX": 1.0,
                      "ScaleY": 1.0
                    },
                    "CColor": {},
                    "IconVisible": false,
                    "PrePosition": {
                      "X": 0.5,
                      "Y": 0.5
                    },
                    "PreSize": {
                      "X": 0.6341,
                      "Y": 0.6341
                    },
                    "LeftMargin": 15.0,
                    "RightMargin": 15.0,
                    "TopMargin": 15.0,
                    "BottomMargin": 15.0,
                    "Tag": 167,
                    "ActionTag": 214460757,
                    "Size": {
                      "X": 52.0,
                      "Y": 52.0
                    },
                    "Name": "close_6",
                    "ctype": "SpriteObjectData"
                  }
                ],
                "ActionTag": -1776424474,
                "Size": {
                  "X": 82.0,
                  "Y": 82.0
                },
                "Name": "closeBtn",
                "ctype": "PanelObjectData"
              }
            ],
            "ActionTag": 942461540,
            "Size": {
              "X": 720.0,
              "Y": 1280.0
            },
            "Name": "Panel_1",
            "ctype": "PanelObjectData"
          },
          {
            "FileData": {
              "Type": "MarkedSubImage",
              "Path": "reward/skipContent.png",
              "Plist": "rewardplist.plist"
            },
            "BlendFunc": {
              "Src": 1,
              "Dst": 771
            },
            "AnchorPoint": {
              "ScaleX": 0.5,
              "ScaleY": 0.5
            },
            "Position": {
              "X": 360.0,
              "Y": 731.0
            },
            "Scale": {
              "ScaleX": 1.0,
              "ScaleY": 1.0
            },
            "CColor": {},
            "IconVisible": false,
            "PrePosition": {
              "X": 0.5,
              "Y": 0.5711
            },
            "PreSize": {
              "X": 0.5181,
              "Y": 0.0484
            },
            "LeftMargin": 173.5,
            "RightMargin": 173.5,
            "TopMargin": 518.0,
            "BottomMargin": 700.0,
            "Tag": 168,
            "ActionTag": 161979476,
            "Size": {
              "X": 373.0,
              "Y": 62.0
            },
            "Name": "skipContent_7",
            "ctype": "SpriteObjectData"
          },
          {
            "FileData": {
              "Type": "MarkedSubImage",
              "Path": "reward/skipTitlle.png",
              "Plist": "rewardplist.plist"
            },
            "BlendFunc": {
              "Src": 1,
              "Dst": 771
            },
            "AnchorPoint": {
              "ScaleX": 0.5,
              "ScaleY": 0.5
            },
            "Position": {
              "X": 360.0,
              "Y": 813.0
            },
            "Scale": {
              "ScaleX": 1.0,
              "ScaleY": 1.0
            },
            "CColor": {},
            "IconVisible": false,
            "PrePosition": {
              "X": 0.5,
              "Y": 0.6352
            },
            "PreSize": {
              "X": 0.4028,
              "Y": 0.0281
            },
            "LeftMargin": 215.0,
            "RightMargin": 215.0,
            "TopMargin": 449.0,
            "BottomMargin": 795.0,
            "Tag": 169,
            "ActionTag": 1461377409,
            "Size": {
              "X": 290.0,
              "Y": 36.0
            },
            "Name": "skipTitlle_8",
            "ctype": "SpriteObjectData"
          }
        ],
        "Size": {
          "X": 720.0,
          "Y": 1280.0
        },
        "Name": "Scene",
        "ctype": "SingleNodeObjectData"
      },
      "UsedResources": [
        "gameplist.plist",
        "gameplist.png",
        "rewardplist.plist",
        "rewardplist.png"
      ],
      "ctype": "GameFileData"
    }
  },
  "Type": "Scene"
}