{
  "ID": "f75b50d3-ff46-4747-a5cd-94232f575c6b",
  "Version": "3.10.0.0",
  "Name": "gallerypanel",
  "Content": {
    "Content": {
      "Animation": {
        "Duration": 0,
        "Speed": 1.0,
        "Timelines": [],
        "ctype": "TimelineActionData"
      },
      "AnimationList": [],
      "ObjectData": {
        "Tag": 22,
        "Children": [
          {
            "ClipAble": false,
            "BackColorAlpha": 102,
            "SingleColor": {
              "R": 150,
              "G": 200
            },
            "FirstColor": {
              "R": 150,
              "G": 200
            },
            "EndColor": {},
            "ColorVector": {
              "ScaleY": 1.0
            },
            "Scale9Width": 1,
            "Scale9Height": 1,
            "TouchEnable": true,
            "AnchorPoint": {
              "ScaleY": 1.0
            },
            "Position": {
              "X": 0.0,
              "Y": 326.0
            },
            "Scale": {
              "ScaleX": 1.0,
              "ScaleY": 1.0
            },
            "CColor": {},
            "IconVisible": false,
            "PrePosition": {
              "X": 0.0,
              "Y": 1.0
            },
            "PreSize": {
              "X": 1.0,
              "Y": 1.0
            },
            "Tag": 24,
            "Children": [
              {
                "ClipAble": false,
                "BackColorAlpha": 102,
                "SingleColor": {
                  "R": 150,
                  "G": 200
                },
                "FirstColor": {
                  "R": 150,
                  "G": 200
                },
                "EndColor": {},
                "ColorVector": {
                  "ScaleY": 1.0
                },
                "Scale9Width": 1,
                "Scale9Height": 1,
                "TouchEnable": true,
                "AnchorPoint": {},
                "Position": {
                  "X": 0.0,
                  "Y": 0.0
                },
                "Scale": {
                  "ScaleX": 1.0,
                  "ScaleY": 1.0
                },
                "CColor": {},
                "IconVisible": false,
                "PrePosition": {
                  "X": 0.0,
                  "Y": 0.0
                },
                "PreSize": {
                  "X": 1.0,
                  "Y": 0.7331
                },
                "TopMargin": 87.0,
                "Tag": 41,
                "Children": [
                  {
                    "FileData": {
                      "Type": "MarkedSubImage",
                      "Path": "gameasset/topbar1.png",
                      "Plist": "gameplist.plist"
                    },
                    "BlendFunc": {
                      "Src": 1,
                      "Dst": 771
                    },
                    "AnchorPoint": {
                      "ScaleX": 0.5,
                      "ScaleY": 1.0
                    },
                    "Position": {
                      "X": 360.0,
                      "Y": 4.0
                    },
                    "Scale": {
                      "ScaleX": 1.0,
                      "ScaleY": 1.0
                    },
                    "CColor": {},
                    "IconVisible": false,
                    "PrePosition": {
                      "X": 0.5,
                      "Y": 0.0167
                    },
                    "PreSize": {
                      "X": 1.0,
                      "Y": 0.1674
                    },
                    "TopMargin": 235.0,
                    "BottomMargin": -36.0,
                    "Tag": 39,
                    "ActionTag": 426944684,
                    "Size": {
                      "X": 720.0,
                      "Y": 40.0
                    },
                    "Name": "topbar1_8",
                    "ctype": "SpriteObjectData"
                  },
                  {
                    "FileData": {
                      "Type": "MarkedSubImage",
                      "Path": "gameasset/white_bg.png",
                      "Plist": "gameplist.plist"
                    },
                    "Scale9Enable": true,
                    "Scale9OriginX": 6,
                    "Scale9OriginY": 6,
                    "Scale9Width": 8,
                    "Scale9Height": 8,
                    "AnchorPoint": {},
                    "Position": {
                      "X": 0.0,
                      "Y": 0.0
                    },
                    "Scale": {
                      "ScaleX": 1.0,
                      "ScaleY": 1.0
                    },
                    "CColor": {
                      "R": 224,
                      "G": 223,
                      "B": 209
                    },
                    "IconVisible": false,
                    "PrePosition": {
                      "X": 0.0,
                      "Y": 0.0
                    },
                    "PreSize": {
                      "X": 1.0,
                      "Y": 1.364
                    },
                    "TopMargin": -87.0,
                    "Tag": 44,
                    "ActionTag": -1545398760,
                    "Size": {
                      "X": 720.0,
                      "Y": 326.0
                    },
                    "Name": "bg",
                    "ctype": "ImageViewObjectData"
                  },
                  {
                    "FileData": {
                      "Type": "MarkedSubImage",
                      "Path": "gameasset/dailybg.png",
                      "Plist": "gameplist.plist"
                    },
                    "BlendFunc": {
                      "Src": 1,
                      "Dst": 771
                    },
                    "AnchorPoint": {
                      "ScaleX": 0.5,
                      "ScaleY": 0.5
                    },
                    "Position": {
                      "X": 360.0,
                      "Y": 121.0
                    },
                    "Scale": {
                      "ScaleX": 1.0,
                      "ScaleY": 1.0
                    },
                    "CColor": {},
                    "IconVisible": false,
                    "PrePosition": {
                      "X": 0.5,
                      "Y": 0.5063
                    },
                    "PreSize": {
                      "X": 1.0,
                      "Y": 1.0962
                    },
                    "TopMargin": -13.0,
                    "BottomMargin": -10.0,
                    "Tag": 29,
                    "ActionTag": 325836566,
                    "Size": {
                      "X": 720.0,
                      "Y": 262.0
                    },
                    "Name": "dailybg",
                    "ctype": "SpriteObjectData"
                  },
                  {
                    "FileData": {
                      "Type": "MarkedSubImage",
                      "Path": "gameasset/Daily Challenge.png",
                      "Plist": "gameplist.plist"
                    },
                    "BlendFunc": {
                      "Src": 1,
                      "Dst": 771
                    },
                    "AnchorPoint": {
                      "ScaleX": 0.5,
                      "ScaleY": 0.5
                    },
                    "Position": {
                      "X": 193.0,
                      "Y": 187.0
                    },
                    "Scale": {
                      "ScaleX": 1.0,
                      "ScaleY": 1.0
                    },
                    "CColor": {},
                    "IconVisible": false,
                    "PrePosition": {
                      "X": 0.2681,
                      "Y": 0.7824
                    },
                    "PreSize": {
                      "X": 0.2972,
                      "Y": 0.113
                    },
                    "LeftMargin": 86.0,
                    "RightMargin": 420.0,
                    "TopMargin": 38.5,
                    "BottomMargin": 173.5,
                    "Tag": 30,
                    "ActionTag": -367804463,
                    "Size": {
                      "X": 214.0,
                      "Y": 27.0
                    },
                    "Name": "dailychallenge",
                    "ctype": "SpriteObjectData"
                  },
                  {
                    "LabelText": "February 28",
                    "LabelBMFontFile_CNB": {
                      "Type": "Normal",
                      "Path": "font/inter-semi-36.fnt",
                      "Plist": ""
                    },
                    "AnchorPoint": {
                      "ScaleX": 0.5,
                      "ScaleY": 0.5
                    },
                    "Position": {
                      "X": 190.0,
                      "Y": 147.0
                    },
                    "Scale": {
                      "ScaleX": 1.0,
                      "ScaleY": 1.0
                    },
                    "CColor": {},
                    "IconVisible": false,
                    "PrePosition": {
                      "X": 0.2639,
                      "Y": 0.6151
                    },
                    "PreSize": {
                      "X": 0.2958,
                      "Y": 0.1841
                    },
                    "LeftMargin": 83.5,
                    "RightMargin": 423.5,
                    "TopMargin": 70.0,
                    "BottomMargin": 125.0,
                    "Tag": 33,
                    "ActionTag": -405948893,
                    "Size": {
                      "X": 213.0,
                      "Y": 44.0
                    },
                    "Name": "date",
                    "ctype": "TextBMFontObjectData"
                  },
                  {
                    "ClipAble": false,
                    "BackColorAlpha": 102,
                    "SingleColor": {
                      "R": 150,
                      "G": 200
                    },
                    "FirstColor": {
                      "R": 150,
                      "G": 200
                    },
                    "EndColor": {},
                    "ColorVector": {
                      "ScaleY": 1.0
                    },
                    "Scale9Width": 1,
                    "Scale9Height": 1,
                    "TouchEnable": true,
                    "AnchorPoint": {
                      "ScaleX": 0.5,
                      "ScaleY": 0.5
                    },
                    "Position": {
                      "X": 178.0,
                      "Y": 72.0
                    },
                    "Scale": {
                      "ScaleX": 1.0,
                      "ScaleY": 1.0
                    },
                    "CColor": {},
                    "IconVisible": false,
                    "PrePosition": {
                      "X": 0.2472,
                      "Y": 0.3013
                    },
                    "PreSize": {
                      "X": 0.25,
                      "Y": 0.2343
                    },
                    "LeftMargin": 88.0,
                    "RightMargin": 452.0,
                    "TopMargin": 139.0,
                    "BottomMargin": 44.0,
                    "Tag": 119,
                    "Children": [
                      {
                        "FileData": {
                          "Type": "MarkedSubImage",
                          "Path": "gameasset/dailyPlay.png",
                          "Plist": "gameplist.plist"
                        },
                        "BlendFunc": {
                          "Src": 1,
                          "Dst": 771
                        },
                        "AnchorPoint": {},
                        "Position": {
                          "X": 0.0,
                          "Y": 0.0
                        },
                        "Scale": {
                          "ScaleX": 1.0,
                          "ScaleY": 1.0
                        },
                        "CColor": {},
                        "IconVisible": false,
                        "PrePosition": {
                          "X": 0.0,
                          "Y": 0.0
                        },
                        "PreSize": {
                          "X": 1.0,
                          "Y": 1.0
                        },
                        "Tag": 31,
                        "ActionTag": 469050463,
                        "Size": {
                          "X": 180.0,
                          "Y": 56.0
                        },
                        "Name": "dailyPlay",
                        "ctype": "SpriteObjectData"
                      },
                      {
                        "FileData": {
                          "Type": "MarkedSubImage",
                          "Path": "gameasset/dailyRestart.png",
                          "Plist": "gameplist.plist"
                        },
                        "BlendFunc": {
                          "Src": 1,
                          "Dst": 771
                        },
                        "AnchorPoint": {},
                        "Position": {
                          "X": 0.0,
                          "Y": 0.0
                        },
                        "Scale": {
                          "ScaleX": 1.0,
                          "ScaleY": 1.0
                        },
                        "CColor": {},
                        "IconVisible": false,
                        "PrePosition": {
                          "X": 0.0,
                          "Y": 0.0
                        },
                        "PreSize": {
                          "X": 1.0,
                          "Y": 1.0
                        },
                        "Tag": 32,
                        "ActionTag": -1121807562,
                        "Size": {
                          "X": 180.0,
                          "Y": 56.0
                        },
                        "Name": "dailyRestart",
                        "ctype": "SpriteObjectData"
                      }
                    ],
                    "ActionTag": 204010186,
                    "Size": {
                      "X": 180.0,
                      "Y": 56.0
                    },
                    "Name": "playBtn",
                    "ctype": "PanelObjectData"
                  }
                ],
                "ActionTag": -1660828181,
                "Size": {
                  "X": 720.0,
                  "Y": 239.0
                },
                "Name": "floatPanel",
                "ctype": "PanelObjectData"
              },
              {
                "ClipAble": false,
                "BackColorAlpha": 102,
                "SingleColor": {
                  "R": 150,
                  "G": 200
                },
                "FirstColor": {
                  "R": 150,
                  "G": 200
                },
                "EndColor": {},
                "ColorVector": {
                  "ScaleY": 1.0
                },
                "Scale9Width": 1,
                "Scale9Height": 1,
                "TouchEnable": true,
                "AnchorPoint": {
                  "ScaleY": 1.0
                },
                "Position": {
                  "X": 0.0,
                  "Y": 326.0
                },
                "Scale": {
                  "ScaleX": 1.0,
                  "ScaleY": 1.0
                },
                "CColor": {},
                "IconVisible": false,
                "PrePosition": {
                  "X": 0.0,
                  "Y": 1.0
                },
                "PreSize": {
                  "X": 1.0,
                  "Y": 0.2669
                },
                "BottomMargin": 239.0,
                "Tag": 40,
                "Children": [
                  {
                    "FileData": {
                      "Type": "MarkedSubImage",
                      "Path": "loadingscreen/white_bg.png",
                      "Plist": "gameplist.plist"
                    },
                    "Scale9Enable": true,
                    "Scale9OriginX": 6,
                    "Scale9OriginY": 6,
                    "Scale9Width": 8,
                    "Scale9Height": 8,
                    "AnchorPoint": {
                      "ScaleX": 0.5,
                      "ScaleY": 0.5
                    },
                    "Position": {
                      "X": 360.0,
                      "Y": 42.0
                    },
                    "Scale": {
                      "ScaleX": 1.0,
                      "ScaleY": 1.0
                    },
                    "CColor": {
                      "R": 224,
                      "G": 223,
                      "B": 209
                    },
                    "IconVisible": false,
                    "PrePosition": {
                      "X": 0.5,
                      "Y": 0.4828
                    },
                    "PreSize": {
                      "X": 1.0,
                      "Y": 1.0345
                    },
                    "BottomMargin": -3.0,
                    "Tag": 91,
                    "ActionTag": -1613552318,
                    "Size": {
                      "X": 720.0,
                      "Y": 90.0
                    },
                    "Name": "titlebg",
                    "ctype": "ImageViewObjectData"
                  },
                  {
                    "FileData": {
                      "Type": "MarkedSubImage",
                      "Path": "gameasset/1_1_setting.png",
                      "Plist": "gameplist.plist"
                    },
                    "BlendFunc": {
                      "Src": 1,
                      "Dst": 771
                    },
                    "AnchorPoint": {
                      "ScaleX": 0.5,
                      "ScaleY": 0.5
                    },
                    "Position": {
                      "X": 672.0,
                      "Y": 43.5
                    },
                    "Scale": {
                      "ScaleX": 1.0,
                      "ScaleY": 1.0
                    },
                    "CColor": {},
                    "IconVisible": false,
                    "PrePosition": {
                      "X": 0.9333,
                      "Y": 0.5
                    },
                    "PreSize": {
                      "X": 0.0583,
                      "Y": 0.4828
                    },
                    "LeftMargin": 651.0,
                    "RightMargin": 27.0,
                    "TopMargin": 22.5,
                    "BottomMargin": 22.5,
                    "Tag": 25,
                    "ActionTag": 751219390,
                    "Size": {
                      "X": 42.0,
                      "Y": 42.0
                    },
                    "Name": "setting",
                    "ctype": "SpriteObjectData"
                  },
                  {
                    "LabelText": "Gallery",
                    "LabelBMFontFile_CNB": {
                      "Type": "Normal",
                      "Path": "font/inter-m-36.fnt",
                      "Plist": ""
                    },
                    "AnchorPoint": {
                      "ScaleY": 0.5
                    },
                    "Position": {
                      "X": 35.0,
                      "Y": 43.5
                    },
                    "Scale": {
                      "ScaleX": 1.0,
                      "ScaleY": 1.0
                    },
                    "CColor": {
                      "R": 137,
                      "G": 14,
                      "B": 14
                    },
                    "IconVisible": false,
                    "PrePosition": {
                      "X": 0.0486,
                      "Y": 0.5
                    },
                    "PreSize": {
                      "X": 0.1778,
                      "Y": 0.5402
                    },
                    "LeftMargin": 35.0,
                    "RightMargin": 557.0,
                    "TopMargin": 20.0,
                    "BottomMargin": 20.0,
                    "Tag": 26,
                    "ActionTag": -2020471464,
                    "Size": {
                      "X": 128.0,
                      "Y": 47.0
                    },
                    "Name": "gallery",
                    "ctype": "TextBMFontObjectData"
                  }
                ],
                "ActionTag": -2112718293,
                "Size": {
                  "X": 720.0,
                  "Y": 87.0
                },
                "Name": "topPanel",
                "ctype": "PanelObjectData"
              },
              {
                "ClipAble": false,
                "BackColorAlpha": 102,
                "SingleColor": {
                  "R": 150,
                  "G": 200
                },
                "FirstColor": {
                  "R": 150,
                  "G": 200
                },
                "EndColor": {},
                "ColorVector": {
                  "ScaleY": 1.0
                },
                "Scale9Width": 1,
                "Scale9Height": 1,
                "TouchEnable": true,
                "AnchorPoint": {},
                "Position": {
                  "X": 374.0,
                  "Y": 55.0
                },
                "Scale": {
                  "ScaleX": 1.0,
                  "ScaleY": 1.0
                },
                "CColor": {},
                "IconVisible": false,
                "PrePosition": {
                  "X": 0.5194,
                  "Y": 0.1687
                },
                "PreSize": {
                  "X": 0.3333,
                  "Y": 0.7362
                },
                "LeftMargin": 374.0,
                "RightMargin": 106.0,
                "TopMargin": 31.0,
                "BottomMargin": 55.0,
                "Tag": 43,
                "Children": [
                  {
                    "FileData": {
                      "Type": "MarkedSubImage",
                      "Path": "gameasset/img_shadow.png",
                      "Plist": "gameplist.plist"
                    },
                    "Scale9Enable": true,
                    "Scale9OriginX": 51,
                    "Scale9OriginY": 37,
                    "Scale9Width": 30,
                    "Scale9Height": 44,
                    "AnchorPoint": {
                      "ScaleX": 0.5,
                      "ScaleY": 0.5
                    },
                    "Position": {
                      "X": 120.0,
                      "Y": 116.0
                    },
                    "Scale": {
                      "ScaleX": 1.0,
                      "ScaleY": 1.0
                    },
                    "CColor": {
                      "R": 94,
                      "G": 13,
                      "B": 0
                    },
                    "IconVisible": false,
                    "PrePosition": {
                      "X": 0.5,
                      "Y": 0.4833
                    },
                    "PreSize": {
                      "X": 1.2,
                      "Y": 1.1958
                    },
                    "LeftMargin": -24.0,
                    "RightMargin": -24.0,
                    "TopMargin": -19.5,
                    "BottomMargin": -27.5,
                    "Tag": 37,
                    "ActionTag": -1490818377,
                    "Size": {
                      "X": 288.0,
                      "Y": 287.0
                    },
                    "Alpha": 76,
                    "Name": "preshadow",
                    "ctype": "ImageViewObjectData"
                  },
                  {
                    "FileData": {
                      "Type": "MarkedSubImage",
                      "Path": "gameasset/white_bg.png",
                      "Plist": "gameplist.plist"
                    },
                    "Scale9OriginX": 6,
                    "Scale9OriginY": 6,
                    "Scale9Width": 8,
                    "Scale9Height": 8,
                    "AnchorPoint": {
                      "ScaleX": 0.5,
                      "ScaleY": 0.5
                    },
                    "Position": {
                      "X": 120.0,
                      "Y": 120.0
                    },
                    "Scale": {
                      "ScaleX": 1.0,
                      "ScaleY": 1.0
                    },
                    "CColor": {
                      "R": 151,
                      "G": 54,
                      "B": 54
                    },
                    "IconVisible": false,
                    "PrePosition": {
                      "X": 0.5,
                      "Y": 0.5
                    },
                    "PreSize": {
                      "X": 0.0417,
                      "Y": 0.0417
                    },
                    "LeftMargin": 115.0,
                    "RightMargin": 115.0,
                    "TopMargin": 115.0,
                    "BottomMargin": 115.0,
                    "Tag": 46,
                    "ActionTag": -172319508,
                    "Size": {
                      "X": 10.0,
                      "Y": 10.0
                    },
                    "Name": "preimage",
                    "ctype": "ImageViewObjectData"
                  },
                  {
                    "FileData": {
                      "Type": "MarkedSubImage",
                      "Path": "gameasset/img_bg.png",
                      "Plist": "gameplist.plist"
                    },
                    "Scale9Enable": true,
                    "Scale9OriginX": 17,
                    "Scale9OriginY": 17,
                    "Scale9Width": 46,
                    "Scale9Height": 46,
                    "AnchorPoint": {
                      "ScaleX": 0.5,
                      "ScaleY": 0.5
                    },
                    "Position": {
                      "X": 120.0,
                      "Y": 120.0
                    },
                    "Scale": {
                      "ScaleX": 1.0,
                      "ScaleY": 1.0
                    },
                    "CColor": {
                      "R": 224,
                      "G": 223,
                      "B": 209
                    },
                    "IconVisible": false,
                    "PrePosition": {
                      "X": 0.5,
                      "Y": 0.5
                    },
                    "PreSize": {
                      "X": 0.9792,
                      "Y": 0.9833
                    },
                    "LeftMargin": 2.5,
                    "RightMargin": 2.5,
                    "TopMargin": 2.0,
                    "BottomMargin": 2.0,
                    "Tag": 38,
                    "ActionTag": -1162648503,
                    "Size": {
                      "X": 235.0,
                      "Y": 236.0
                    },
                    "Name": "prebg",
                    "ctype": "ImageViewObjectData"
                  },
                  {
                    "FileData": {
                      "Type": "MarkedSubImage",
                      "Path": "gameasset/img_framenew.png",
                      "Plist": "gameplist.plist"
                    },
                    "Scale9Enable": true,
                    "Scale9OriginX": 26,
                    "Scale9OriginY": 33,
                    "Scale9Width": 28,
                    "Scale9Height": 21,
                    "AnchorPoint": {
                      "ScaleX": 0.5,
                      "ScaleY": 0.5
                    },
                    "Position": {
                      "X": 120.0,
                      "Y": 120.0
                    },
                    "Scale": {
                      "ScaleX": 1.0,
                      "ScaleY": 1.0
                    },
                    "CColor": {},
                    "IconVisible": false,
                    "PrePosition": {
                      "X": 0.5,
                      "Y": 0.5
                    },
                    "PreSize": {
                      "X": 1.0,
                      "Y": 1.0
                    },
                    "Tag": 21,
                    "ActionTag": -329086057,
                    "Size": {
                      "X": 240.0,
                      "Y": 240.0
                    },
                    "Name": "preKuang",
                    "ctype": "ImageViewObjectData"
                  }
                ],
                "ActionTag": -813751573,
                "Size": {
                  "X": 240.0,
                  "Y": 240.0
                },
                "Name": "prePanel",
                "ctype": "PanelObjectData"
              }
            ],
            "ActionTag": -865518226,
            "Size": {
              "X": 720.0,
              "Y": 326.0
            },
            "Name": "galleryPanel",
            "ctype": "PanelObjectData"
          }
        ],
        "Size": {
          "X": 720.0,
          "Y": 326.0
        },
        "Name": "Scene",
        "ctype": "SingleNodeObjectData"
      },
      "UsedResources": [
        "font/inter-m-36.fnt",
        "font/inter-m-36.png",
        "font/inter-semi-36.fnt",
        "font/inter-semi-36.png",
        "gameplist.plist",
        "gameplist.png"
      ],
      "ctype": "GameFileData"
    }
  },
  "Type": "Scene"
}