{
  "ID": "26480c70-69df-4c02-9954-99637f5ed9bb",
  "Version": "3.10.0.0",
  "Name": "gameloading",
  "Content": {
    "Content": {
      "Animation": {
        "Duration": 0,
        "Speed": 1.0,
        "Timelines": [],
        "ctype": "TimelineActionData"
      },
      "AnimationList": [],
      "ObjectData": {
        "Tag": 40,
        "Children": [
          {
            "FileData": {
              "Type": "MarkedSubImage",
              "Path": "loadingscreen/white_bg.png",
              "Plist": "gameplist.plist"
            },
            "Scale9Enable": true,
            "Scale9OriginX": 10,
            "Scale9OriginY": 10,
            "Scale9Width": 1,
            "Scale9Height": 1,
            "AnchorPoint": {
              "ScaleX": 0.5,
              "ScaleY": 0.5
            },
            "Position": {
              "X": 360.0,
              "Y": 640.0
            },
            "Scale": {
              "ScaleX": 1.0,
              "ScaleY": 1.0
            },
            "CColor": {
              "R": 245,
              "G": 238,
              "B": 215
            },
            "IconVisible": false,
            "PrePosition": {
              "X": 0.5,
              "Y": 0.5
            },
            "PreSize": {
              "X": 1.0,
              "Y": 1.0
            },
            "Tag": 45,
            "ActionTag": 1519757856,
            "Size": {
              "X": 720.0,
              "Y": 1280.0
            },
            "Name": "gloading_bg",
            "ctype": "ImageViewObjectData"
          },
          {
            "FileData": {
              "Type": "MarkedSubImage",
              "Path": "gameloading/loading1.png",
              "Plist": "gameplist.plist"
            },
            "BlendFunc": {
              "Src": 1,
              "Dst": 771
            },
            "AnchorPoint": {},
            "Position": {
              "X": 279.0,
              "Y": 615.0
            },
            "Scale": {
              "ScaleX": 1.0,
              "ScaleY": 1.0
            },
            "CColor": {},
            "IconVisible": false,
            "PrePosition": {
              "X": 0.3875,
              "Y": 0.4805
            },
            "PreSize": {
              "X": 0.2681,
              "Y": 0.132
            },
            "LeftMargin": 279.0,
            "RightMargin": 248.0,
            "TopMargin": 496.0,
            "BottomMargin": 615.0,
            "Tag": 41,
            "ActionTag": 691703906,
            "Size": {
              "X": 193.0,
              "Y": 169.0
            },
            "Name": "gloading_line",
            "ctype": "SpriteObjectData"
          }
        ],
        "Size": {
          "X": 720.0,
          "Y": 1280.0
        },
        "Name": "Scene",
        "ctype": "SingleNodeObjectData"
      },
      "UsedResources": [
        "gameplist.plist",
        "gameplist.png"
      ],
      "ctype": "GameFileData"
    }
  },
  "Type": "Scene"
}