{
  "ID": "c78cfb14-801c-4828-b101-182845b07fee",
  "Version": "3.10.0.0",
  "Name": "gameView",
  "Content": {
    "Content": {
      "Animation": {
        "Duration": 0,
        "Speed": 1.0,
        "Timelines": [],
        "ctype": "TimelineActionData"
      },
      "AnimationList": [],
      "ObjectData": {
        "Tag": 147,
        "Children": [
          {
            "FileData": {
              "Type": "MarkedSubImage",
              "Path": "loadingscreen/white_bg.png",
              "Plist": "gameplist.plist"
            },
            "Scale9Enable": true,
            "Scale9OriginX": 10,
            "Scale9OriginY": 10,
            "Scale9Width": 1,
            "Scale9Height": 1,
            "AnchorPoint": {
              "ScaleX": 0.5,
              "ScaleY": 0.5
            },
            "Position": {
              "X": 360.0,
              "Y": 640.0
            },
            "Scale": {
              "ScaleX": 1.0,
              "ScaleY": 1.0
            },
            "CColor": {
              "R": 245,
              "G": 238,
              "B": 215
            },
            "IconVisible": false,
            "PrePosition": {
              "X": 0.5,
              "Y": 0.5
            },
            "PreSize": {
              "X": 1.0,
              "Y": 1.0
            },
            "Tag": 275,
            "ActionTag": 991802856,
            "Size": {
              "X": 720.0,
              "Y": 1280.0
            },
            "Name": "game_bg",
            "ctype": "ImageViewObjectData"
          },
          {
            "ClipAble": false,
            "BackColorAlpha": 102,
            "SingleColor": {
              "R": 150,
              "G": 200
            },
            "FirstColor": {
              "R": 150,
              "G": 200
            },
            "EndColor": {},
            "ColorVector": {
              "ScaleY": 1.0
            },
            "Scale9Width": 1,
            "Scale9Height": 1,
            "TouchEnable": true,
            "AnchorPoint": {},
            "Position": {
              "X": 0.0,
              "Y": 124.0
            },
            "Scale": {
              "ScaleX": 1.0,
              "ScaleY": 1.0
            },
            "CColor": {},
            "IconVisible": false,
            "PrePosition": {
              "X": 0.0,
              "Y": 0.0969
            },
            "PreSize": {
              "X": 1.0,
              "Y": 0.125
            },
            "TopMargin": 996.0,
            "BottomMargin": 124.0,
            "Tag": 272,
            "Children": [
              {
                "FileData": {
                  "Type": "MarkedSubImage",
                  "Path": "gameasset/white_bg.png",
                  "Plist": "gameplist.plist"
                },
                "Scale9Enable": true,
                "Scale9OriginX": 4,
                "Scale9OriginY": 4,
                "Scale9Width": 12,
                "Scale9Height": 12,
                "AnchorPoint": {
                  "ScaleX": 0.5,
                  "ScaleY": 0.5
                },
                "Position": {
                  "X": 360.0,
                  "Y": 80.0
                },
                "Scale": {
                  "ScaleX": 1.0,
                  "ScaleY": 1.0
                },
                "CColor": {
                  "R": 209,
                  "G": 208,
                  "B": 194
                },
                "IconVisible": false,
                "PrePosition": {
                  "X": 0.5,
                  "Y": 0.5
                },
                "PreSize": {
                  "X": 1.0,
                  "Y": 1.0
                },
                "Tag": 273,
                "ActionTag": -522421996,
                "Size": {
                  "X": 720.0,
                  "Y": 160.0
                },
                "Name": "bottom_bg",
                "ctype": "ImageViewObjectData"
              },
              {
                "ClipAble": false,
                "BackColorAlpha": 102,
                "SingleColor": {
                  "R": 150,
                  "G": 200
                },
                "FirstColor": {
                  "R": 150,
                  "G": 200
                },
                "EndColor": {},
                "ColorVector": {
                  "ScaleY": 1.0
                },
                "Scale9Width": 1,
                "Scale9Height": 1,
                "TouchEnable": true,
                "AnchorPoint": {},
                "Position": {
                  "X": 0.0,
                  "Y": 140.0
                },
                "Scale": {
                  "ScaleX": 1.0,
                  "ScaleY": 1.0
                },
                "CColor": {},
                "IconVisible": false,
                "PrePosition": {
                  "X": 0.0,
                  "Y": 0.875
                },
                "PreSize": {
                  "X": 0.1167,
                  "Y": 0.2
                },
                "RightMargin": 636.0,
                "TopMargin": -12.0,
                "BottomMargin": 140.0,
                "Tag": 112,
                "Children": [
                  {
                    "FileData": {
                      "Type": "MarkedSubImage",
                      "Path": "gameasset/2_1_apart_num.png",
                      "Plist": "gameplist.plist"
                    },
                    "Scale9OriginX": 27,
                    "Scale9OriginY": 9,
                    "Scale9Width": 28,
                    "Scale9Height": 14,
                    "AnchorPoint": {},
                    "Position": {
                      "X": 0.0,
                      "Y": 0.0
                    },
                    "Scale": {
                      "ScaleX": 1.0,
                      "ScaleY": 1.0
                    },
                    "CColor": {},
                    "IconVisible": false,
                    "PrePosition": {
                      "X": 0.0,
                      "Y": 0.0
                    },
                    "PreSize": {
                      "X": 0.9762,
                      "Y": 1.0
                    },
                    "RightMargin": 2.0,
                    "Tag": 113,
                    "ActionTag": -1464137489,
                    "Size": {
                      "X": 82.0,
                      "Y": 32.0
                    },
                    "Name": "bottom_num_bg",
                    "ctype": "ImageViewObjectData"
                  },
                  {
                    "LabelText": "27/3",
                    "LabelBMFontFile_CNB": {
                      "Type": "Normal",
                      "Path": "font/inter-regular-24.fnt",
                      "Plist": ""
                    },
                    "AnchorPoint": {
                      "ScaleX": 0.5,
                      "ScaleY": 0.5
                    },
                    "Position": {
                      "X": 42.0,
                      "Y": 16.0
                    },
                    "Scale": {
                      "ScaleX": 1.0,
                      "ScaleY": 1.0
                    },
                    "CColor": {
                      "G": 251,
                      "B": 229
                    },
                    "IconVisible": false,
                    "PrePosition": {
                      "X": 0.5,
                      "Y": 0.5
                    },
                    "PreSize": {
                      "X": 0.6429,
                      "Y": 0.9375
                    },
                    "LeftMargin": 15.0,
                    "RightMargin": 15.0,
                    "TopMargin": 1.0,
                    "BottomMargin": 1.0,
                    "Tag": 85,
                    "ActionTag": -1723868447,
                    "Size": {
                      "X": 54.0,
                      "Y": 30.0
                    },
                    "Name": "bottom_pack_num",
                    "ctype": "TextBMFontObjectData"
                  }
                ],
                "ActionTag": -10929,
                "Size": {
                  "X": 84.0,
                  "Y": 32.0
                },
                "Name": "bottom_num",
                "ctype": "PanelObjectData"
              }
            ],
            "ActionTag": 95396811,
            "Size": {
              "X": 720.0,
              "Y": 160.0
            },
            "Name": "game_bottom",
            "ctype": "PanelObjectData"
          },
          {
            "ClipAble": false,
            "BackColorAlpha": 102,
            "SingleColor": {
              "R": 150,
              "G": 200
            },
            "FirstColor": {
              "R": 150,
              "G": 200
            },
            "EndColor": {},
            "ColorVector": {
              "ScaleY": 1.0
            },
            "Scale9Width": 1,
            "Scale9Height": 1,
            "TouchEnable": true,
            "AnchorPoint": {
              "ScaleX": 0.5,
              "ScaleY": 0.5
            },
            "Position": {
              "X": 360.0,
              "Y": 640.0
            },
            "Scale": {
              "ScaleX": 1.0,
              "ScaleY": 1.0
            },
            "CColor": {},
            "IconVisible": false,
            "PrePosition": {
              "X": 0.5,
              "Y": 0.5
            },
            "PreSize": {
              "X": 1.0,
              "Y": 1.0
            },
            "Tag": 114,
            "Children": [
              {
                "FileData": {
                  "Type": "MarkedSubImage",
                  "Path": "gameasset/img_border.png",
                  "Plist": "gameplist.plist"
                },
                "BlendFunc": {
                  "Src": 1,
                  "Dst": 771
                },
                "AnchorPoint": {
                  "ScaleX": 0.5,
                  "ScaleY": 0.5
                },
                "Position": {
                  "X": 439.1125,
                  "Y": 662.3032
                },
                "Scale": {
                  "ScaleX": 1.0,
                  "ScaleY": 1.0
                },
                "CColor": {},
                "IconVisible": false,
                "PrePosition": {
                  "X": 0.6099,
                  "Y": 0.5174
                },
                "PreSize": {
                  "X": 0.8889,
                  "Y": 0.6734
                },
                "LeftMargin": 119.1125,
                "RightMargin": -39.1125,
                "TopMargin": 186.6968,
                "BottomMargin": 231.3032,
                "Tag": 128,
                "ActionTag": 409623875,
                "Size": {
                  "X": 640.0,
                  "Y": 862.0
                },
                "Name": "img_border",
                "ctype": "SpriteObjectData"
              }
            ],
            "ActionTag": 4298672,
            "Size": {
              "X": 720.0,
              "Y": 1280.0
            },
            "Name": "middle",
            "ctype": "PanelObjectData"
          },
          {
            "ClipAble": false,
            "BackColorAlpha": 102,
            "SingleColor": {
              "R": 150,
              "G": 200
            },
            "FirstColor": {
              "R": 150,
              "G": 200
            },
            "EndColor": {},
            "ColorVector": {
              "ScaleY": 1.0
            },
            "Scale9Width": 1,
            "Scale9Height": 1,
            "TouchEnable": true,
            "AnchorPoint": {},
            "Position": {
              "X": 0.0,
              "Y": 1192.0
            },
            "Scale": {
              "ScaleX": 1.0,
              "ScaleY": 1.0
            },
            "CColor": {},
            "IconVisible": false,
            "PrePosition": {
              "X": 0.0,
              "Y": 0.9312
            },
            "PreSize": {
              "X": 1.0,
              "Y": 0.0688
            },
            "BottomMargin": 1192.0,
            "Tag": 266,
            "Children": [
              {
                "ClipAble": false,
                "BackColorAlpha": 102,
                "SingleColor": {
                  "R": 150,
                  "G": 200
                },
                "FirstColor": {
                  "R": 150,
                  "G": 200
                },
                "EndColor": {},
                "ColorVector": {
                  "ScaleY": 1.0
                },
                "Scale9Width": 1,
                "Scale9Height": 1,
                "TouchEnable": true,
                "AnchorPoint": {},
                "Position": {
                  "X": 17.0,
                  "Y": 13.0
                },
                "Scale": {
                  "ScaleX": 1.0,
                  "ScaleY": 1.0
                },
                "CColor": {},
                "IconVisible": false,
                "PrePosition": {
                  "X": 0.0236,
                  "Y": 0.1477
                },
                "PreSize": {
                  "X": 0.0833,
                  "Y": 0.6818
                },
                "LeftMargin": 17.0,
                "RightMargin": 643.0,
                "TopMargin": 15.0,
                "BottomMargin": 13.0,
                "Tag": 244,
                "Children": [
                  {
                    "FileData": {
                      "Type": "MarkedSubImage",
                      "Path": "gameasset/2_1_back.png",
                      "Plist": "gameplist.plist"
                    },
                    "BlendFunc": {
                      "Src": 1,
                      "Dst": 771
                    },
                    "AnchorPoint": {
                      "ScaleX": 0.5,
                      "ScaleY": 0.5
                    },
                    "Position": {
                      "X": 30.0,
                      "Y": 30.0
                    },
                    "Scale": {
                      "ScaleX": 1.0,
                      "ScaleY": 1.0
                    },
                    "CColor": {},
                    "IconVisible": false,
                    "PrePosition": {
                      "X": 0.5,
                      "Y": 0.5
                    },
                    "PreSize": {
                      "X": 0.6667,
                      "Y": 0.6
                    },
                    "LeftMargin": 10.0,
                    "RightMargin": 10.0,
                    "TopMargin": 12.0,
                    "BottomMargin": 12.0,
                    "Tag": 265,
                    "ActionTag": -1711073640,
                    "Size": {
                      "X": 40.0,
                      "Y": 36.0
                    },
                    "Name": "top_back1",
                    "ctype": "SpriteObjectData"
                  }
                ],
                "ActionTag": 68733005,
                "Size": {
                  "X": 60.0,
                  "Y": 60.0
                },
                "Name": "top_back",
                "ctype": "PanelObjectData"
              },
              {
                "FileData": {
                  "Type": "MarkedSubImage",
                  "Path": "gameasset/progress.png",
                  "Plist": "gameplist.plist"
                },
                "BlendFunc": {
                  "Src": 1,
                  "Dst": 771
                },
                "AnchorPoint": {
                  "ScaleX": 0.5,
                  "ScaleY": 0.5
                },
                "Position": {
                  "X": 356.5502,
                  "Y": 18.6348
                },
                "Scale": {
                  "ScaleX": 1.0,
                  "ScaleY": 1.0
                },
                "CColor": {
                  "R": 0,
                  "G": 0,
                  "B": 0
                },
                "IconVisible": false,
                "PrePosition": {
                  "X": 0.4952,
                  "Y": 0.2118
                },
                "PreSize": {
                  "X": 0.0139,
                  "Y": 0.0455
                },
                "LeftMargin": 351.5502,
                "RightMargin": 358.4498,
                "TopMargin": 67.3652,
                "BottomMargin": 16.6348,
                "Tag": 269,
                "ActionTag": 725469175,
                "Size": {
                  "X": 10.0,
                  "Y": 4.0
                },
                "Name": "top_progress",
                "ctype": "SpriteObjectData"
              },
              {
                "ClipAble": false,
                "BackColorAlpha": 102,
                "SingleColor": {
                  "R": 150,
                  "G": 200
                },
                "FirstColor": {
                  "R": 150,
                  "G": 200
                },
                "EndColor": {},
                "ColorVector": {
                  "ScaleY": 1.0
                },
                "Scale9Width": 1,
                "Scale9Height": 1,
                "TouchEnable": true,
                "AnchorPoint": {
                  "ScaleX": 0.5,
                  "ScaleY": 0.5
                },
                "Position": {
                  "X": 664.0,
                  "Y": 44.0
                },
                "Scale": {
                  "ScaleX": 1.0,
                  "ScaleY": 1.0
                },
                "CColor": {},
                "IconVisible": false,
                "PrePosition": {
                  "X": 0.9222,
                  "Y": 0.5
                },
                "PreSize": {
                  "X": 0.1,
                  "Y": 0.8182
                },
                "LeftMargin": 628.0,
                "RightMargin": 20.0,
                "TopMargin": 8.0,
                "BottomMargin": 8.0,
                "Tag": 16,
                "Children": [
                  {
                    "ClipAble": false,
                    "BackColorAlpha": 102,
                    "SingleColor": {
                      "R": 150,
                      "G": 200
                    },
                    "FirstColor": {
                      "R": 150,
                      "G": 200
                    },
                    "EndColor": {},
                    "ColorVector": {
                      "ScaleY": 1.0
                    },
                    "Scale9Width": 1,
                    "Scale9Height": 1,
                    "TouchEnable": true,
                    "AnchorPoint": {
                      "ScaleX": 0.5,
                      "ScaleY": 0.5
                    },
                    "Position": {
                      "X": 36.0,
                      "Y": 36.0
                    },
                    "Scale": {
                      "ScaleX": 1.0,
                      "ScaleY": 1.0
                    },
                    "CColor": {},
                    "IconVisible": false,
                    "PrePosition": {
                      "X": 0.5,
                      "Y": 0.5
                    },
                    "PreSize": {
                      "X": 1.0,
                      "Y": 1.0
                    },
                    "Tag": 15,
                    "Children": [
                      {
                        "FileData": {
                          "Type": "MarkedSubImage",
                          "Path": "gameasset/hintbg.png",
                          "Plist": "gameplist.plist"
                        },
                        "Scale9OriginX": 21,
                        "Scale9OriginY": 21,
                        "Scale9Width": 30,
                        "Scale9Height": 30,
                        "AnchorPoint": {
                          "ScaleX": 0.5,
                          "ScaleY": 0.5
                        },
                        "Position": {
                          "X": 36.0,
                          "Y": 36.0
                        },
                        "Scale": {
                          "ScaleX": 1.0,
                          "ScaleY": 1.0
                        },
                        "CColor": {},
                        "IconVisible": false,
                        "PrePosition": {
                          "X": 0.5,
                          "Y": 0.5
                        },
                        "PreSize": {
                          "X": 1.0,
                          "Y": 1.0
                        },
                        "Tag": 108,
                        "ActionTag": -687443531,
                        "Size": {
                          "X": 72.0,
                          "Y": 72.0
                        },
                        "Name": "top_tip_bg",
                        "ctype": "ImageViewObjectData"
                      },
                      {
                        "FileData": {
                          "Type": "MarkedSubImage",
                          "Path": "gameasset/hint.png",
                          "Plist": "gameplist.plist"
                        },
                        "Scale9OriginX": 13,
                        "Scale9OriginY": 21,
                        "Scale9Width": 16,
                        "Scale9Height": 16,
                        "AnchorPoint": {
                          "ScaleX": 0.5,
                          "ScaleY": 0.5
                        },
                        "Position": {
                          "X": 36.0001,
                          "Y": 35.9999
                        },
                        "Scale": {
                          "ScaleX": 1.0,
                          "ScaleY": 1.0
                        },
                        "CColor": {},
                        "IconVisible": false,
                        "PrePosition": {
                          "X": 0.5,
                          "Y": 0.5
                        },
                        "PreSize": {
                          "X": 0.5556,
                          "Y": 0.7778
                        },
                        "LeftMargin": 16.0001,
                        "RightMargin": 15.9999,
                        "TopMargin": 8.0001,
                        "BottomMargin": 7.9999,
                        "Tag": 110,
                        "ActionTag": 791592939,
                        "Size": {
                          "X": 40.0,
                          "Y": 56.0
                        },
                        "Name": "top_tip",
                        "ctype": "ImageViewObjectData"
                      }
                    ],
                    "ActionTag": -2050057277,
                    "Size": {
                      "X": 72.0,
                      "Y": 72.0
                    },
                    "Name": "top_tp_g",
                    "ctype": "PanelObjectData"
                  },
                  {
                    "ClipAble": false,
                    "BackColorAlpha": 102,
                    "SingleColor": {
                      "R": 150,
                      "G": 200
                    },
                    "FirstColor": {
                      "R": 150,
                      "G": 200
                    },
                    "EndColor": {},
                    "ColorVector": {
                      "ScaleY": 1.0
                    },
                    "Scale9Width": 1,
                    "Scale9Height": 1,
                    "TouchEnable": true,
                    "AnchorPoint": {
                      "ScaleX": 0.5
                    },
                    "Position": {
                      "X": 69.0,
                      "Y": 47.0
                    },
                    "Scale": {
                      "ScaleX": 1.0,
                      "ScaleY": 1.0
                    },
                    "CColor": {},
                    "IconVisible": false,
                    "PrePosition": {
                      "X": 0.9583,
                      "Y": 0.6528
                    },
                    "PreSize": {
                      "X": 0.7222,
                      "Y": 0.3333
                    },
                    "LeftMargin": 43.0,
                    "RightMargin": -23.0,
                    "TopMargin": 1.0,
                    "BottomMargin": 47.0,
                    "Tag": 14,
                    "Children": [
                      {
                        "FileData": {
                          "Type": "MarkedSubImage",
                          "Path": "gameasset/hint_adbg.png",
                          "Plist": "gameplist.plist"
                        },
                        "Scale9Enable": true,
                        "Scale9OriginX": 13,
                        "Scale9OriginY": 12,
                        "Scale9Width": 3,
                        "Scale9Height": 3,
                        "AnchorPoint": {
                          "ScaleX": 0.5,
                          "ScaleY": 0.5
                        },
                        "Position": {
                          "X": 26.0,
                          "Y": 12.0
                        },
                        "Scale": {
                          "ScaleX": 1.0,
                          "ScaleY": 1.0
                        },
                        "CColor": {},
                        "IconVisible": false,
                        "PrePosition": {
                          "X": 0.5,
                          "Y": 0.5
                        },
                        "PreSize": {
                          "X": 0.6923,
                          "Y": 1.0833
                        },
                        "LeftMargin": 8.0,
                        "RightMargin": 8.0,
                        "TopMargin": -1.0,
                        "BottomMargin": -1.0,
                        "Tag": 31,
                        "ActionTag": 702847567,
                        "Size": {
                          "X": 36.0,
                          "Y": 26.0
                        },
                        "Name": "top_ad",
                        "ctype": "ImageViewObjectData"
                      },
                      {
                        "FileData": {
                          "Type": "MarkedSubImage",
                          "Path": "gameasset/AD.png",
                          "Plist": "gameplist.plist"
                        },
                        "BlendFunc": {
                          "Src": 1,
                          "Dst": 771
                        },
                        "AnchorPoint": {
                          "ScaleX": 0.5,
                          "ScaleY": 0.5
                        },
                        "Position": {
                          "X": 26.0001,
                          "Y": 12.0
                        },
                        "Scale": {
                          "ScaleX": 0.78,
                          "ScaleY": 0.78
                        },
                        "CColor": {},
                        "IconVisible": false,
                        "PrePosition": {
                          "X": 0.5,
                          "Y": 0.5
                        },
                        "PreSize": {
                          "X": 0.6731,
                          "Y": 0.75
                        },
                        "LeftMargin": 8.5001,
                        "RightMargin": 8.4999,
                        "TopMargin": 3.0,
                        "BottomMargin": 3.0,
                        "Tag": 127,
                        "ActionTag": -906625170,
                        "Size": {
                          "X": 35.0,
                          "Y": 18.0
                        },
                        "Name": "AD_6",
                        "ctype": "SpriteObjectData"
                      },
                      {
                        "FileData": {
                          "Type": "MarkedSubImage",
                          "Path": "gameasset/hint_numbg.png",
                          "Plist": "gameplist.plist"
                        },
                        "Scale9Enable": true,
                        "Scale9OriginX": 8,
                        "Scale9OriginY": 8,
                        "Scale9Width": 12,
                        "Scale9Height": 10,
                        "AnchorPoint": {
                          "ScaleX": 0.5,
                          "ScaleY": 0.5
                        },
                        "Position": {
                          "X": 26.0,
                          "Y": 12.0
                        },
                        "Scale": {
                          "ScaleX": 1.0,
                          "ScaleY": 1.0
                        },
                        "CColor": {},
                        "IconVisible": false,
                        "PrePosition": {
                          "X": 0.5,
                          "Y": 0.5
                        },
                        "PreSize": {
                          "X": 0.6923,
                          "Y": 1.0833
                        },
                        "LeftMargin": 8.0,
                        "RightMargin": 8.0,
                        "TopMargin": -1.0,
                        "BottomMargin": -1.0,
                        "Tag": 32,
                        "ActionTag": -1842851395,
                        "Size": {
                          "X": 36.0,
                          "Y": 26.0
                        },
                        "Name": "top_lv",
                        "ctype": "ImageViewObjectData"
                      },
                      {
                        "LabelText": "1",
                        "LabelBMFontFile_CNB": {
                          "Type": "Normal",
                          "Path": "font/inter-medium-28.fnt",
                          "Plist": ""
                        },
                        "AnchorPoint": {
                          "ScaleX": 0.5,
                          "ScaleY": 0.5
                        },
                        "Position": {
                          "X": 26.0,
                          "Y": 12.0
                        },
                        "Scale": {
                          "ScaleX": 0.71,
                          "ScaleY": 0.71
                        },
                        "CColor": {
                          "R": 245,
                          "G": 235,
                          "B": 206
                        },
                        "IconVisible": false,
                        "PrePosition": {
                          "X": 0.5,
                          "Y": 0.5
                        },
                        "PreSize": {
                          "X": 0.2308,
                          "Y": 1.4583
                        },
                        "LeftMargin": 20.0,
                        "RightMargin": 20.0,
                        "TopMargin": -5.5,
                        "BottomMargin": -5.5,
                        "Tag": 247,
                        "ActionTag": 1219214654,
                        "Size": {
                          "X": 12.0,
                          "Y": 35.0
                        },
                        "Name": "hintNum",
                        "ctype": "TextBMFontObjectData"
                      }
                    ],
                    "ActionTag": 963333753,
                    "Size": {
                      "X": 52.0,
                      "Y": 24.0
                    },
                    "Name": "top_ad_g",
                    "ctype": "PanelObjectData"
                  }
                ],
                "ActionTag": 1097960989,
                "Size": {
                  "X": 72.0,
                  "Y": 72.0
                },
                "Name": "ad",
                "ctype": "PanelObjectData"
              }
            ],
            "ActionTag": -2023637824,
            "Size": {
              "X": 720.0,
              "Y": 88.0
            },
            "Name": "game_top",
            "ctype": "PanelObjectData"
          }
        ],
        "Size": {
          "X": 720.0,
          "Y": 1280.0
        },
        "Name": "Scene",
        "ctype": "SingleNodeObjectData"
      },
      "UsedResources": [
        "font/inter-medium-28.fnt",
        "font/inter-medium-28.png",
        "font/inter-regular-24.fnt",
        "font/inter-regular-24.png",
        "gameplist.plist",
        "gameplist.png"
      ],
      "ctype": "GameFileData"
    }
  },
  "Type": "Scene"
}