{
  "ID": "041b56b2-f3ab-44de-9e76-a6d19288a080",
  "Version": "3.10.0.0",
  "Name": "giftdialog",
  "Content": {
    "Content": {
      "Animation": {
        "Duration": 0,
        "Speed": 1.0,
        "Timelines": [],
        "ctype": "TimelineActionData"
      },
      "AnimationList": [],
      "ObjectData": {
        "Children": [
          {
            "FileData": {
              "Type": "MarkedSubImage",
              "Path": "claim/gift2.png",
              "Plist": "gift.plist"
            },
            "BlendFunc": {
              "Src": 1,
              "Dst": 771
            },
            "AnchorPoint": {
              "ScaleX": 0.5,
              "ScaleY": 0.5
            },
            "Position": {
              "X": 360.0,
              "Y": 519.5
            },
            "Scale": {
              "ScaleX": 1.0,
              "ScaleY": 1.0
            },
            "CColor": {},
            "IconVisible": false,
            "PrePosition": {
              "X": 0.5,
              "Y": 0.4059
            },
            "PreSize": {
              "X": 0.25,
              "Y": 0.0914
            },
            "LeftMargin": 270.0,
            "RightMargin": 270.0,
            "TopMargin": 702.0,
            "BottomMargin": 461.0,
            "Tag": 42,
            "Size": {
              "X": 180.0,
              "Y": 117.0
            },
            "Name": "gift2",
            "ctype": "SpriteObjectData"
          },
          {
            "FileData": {
              "Type": "MarkedSubImage",
              "Path": "claim/gift1.png",
              "Plist": "gift.plist"
            },
            "BlendFunc": {
              "Src": 1,
              "Dst": 771
            },
            "AnchorPoint": {
              "ScaleX": 0.5,
              "ScaleY": 0.5
            },
            "Position": {
              "X": 234.5,
              "Y": 557.0
            },
            "Scale": {
              "ScaleX": 1.0,
              "ScaleY": 1.0
            },
            "CColor": {},
            "IconVisible": false,
            "PrePosition": {
              "X": 0.3257,
              "Y": 0.4352
            },
            "PreSize": {
              "X": 0.2625,
              "Y": 0.1484
            },
            "LeftMargin": 140.0,
            "RightMargin": 391.0,
            "TopMargin": 628.0,
            "BottomMargin": 462.0,
            "Tag": 43,
            "Size": {
              "X": 189.0,
              "Y": 190.0
            },
            "Name": "gift1",
            "ctype": "SpriteObjectData"
          },
          {
            "FileData": {
              "Type": "MarkedSubImage",
              "Path": "claim/light2.png",
              "Plist": "gift.plist"
            },
            "BlendFunc": {
              "Src": 1,
              "Dst": 771
            },
            "AnchorPoint": {
              "ScaleX": 0.5,
              "ScaleY": 0.5
            },
            "Position": {
              "X": 360.0,
              "Y": 855.5
            },
            "Scale": {
              "ScaleX": 1.0,
              "ScaleY": 1.0
            },
            "CColor": {},
            "IconVisible": false,
            "PrePosition": {
              "X": 0.5,
              "Y": 0.6684
            },
            "PreSize": {
              "X": 0.9639,
              "Y": 0.5414
            },
            "LeftMargin": 13.0,
            "RightMargin": 13.0,
            "TopMargin": 78.0,
            "BottomMargin": 509.0,
            "Tag": 44,
            "Size": {
              "X": 694.0,
              "Y": 693.0
            },
            "Name": "light2",
            "ctype": "SpriteObjectData"
          },
          {
            "FileData": {
              "Type": "MarkedSubImage",
              "Path": "claim/light1.png",
              "Plist": "gift.plist"
            },
            "BlendFunc": {
              "Src": 1,
              "Dst": 771
            },
            "AnchorPoint": {
              "ScaleX": 0.5,
              "ScaleY": 0.5
            },
            "Position": {
              "X": 360.0,
              "Y": 856.0
            },
            "Scale": {
              "ScaleX": 1.0,
              "ScaleY": 1.0
            },
            "CColor": {},
            "IconVisible": false,
            "PrePosition": {
              "X": 0.5,
              "Y": 0.6687
            },
            "PreSize": {
              "X": 0.475,
              "Y": 0.2672
            },
            "LeftMargin": 189.0,
            "RightMargin": 189.0,
            "TopMargin": 253.0,
            "BottomMargin": 685.0,
            "Tag": 45,
            "Size": {
              "X": 342.0,
              "Y": 342.0
            },
            "Name": "light1",
            "ctype": "SpriteObjectData"
          },
          {
            "FileData": {
              "Type": "MarkedSubImage",
              "Path": "claim/star2.png",
              "Plist": "gift.plist"
            },
            "BlendFunc": {
              "Src": 1,
              "Dst": 771
            },
            "AnchorPoint": {
              "ScaleX": 0.5,
              "ScaleY": 0.5
            },
            "Position": {
              "X": 350.0,
              "Y": 860.0
            },
            "Scale": {
              "ScaleX": 1.0,
              "ScaleY": 1.0
            },
            "CColor": {},
            "IconVisible": false,
            "PrePosition": {
              "X": 0.4861,
              "Y": 0.6719
            },
            "PreSize": {
              "X": 0.5111,
              "Y": 0.1906
            },
            "LeftMargin": 166.0,
            "RightMargin": 186.0,
            "TopMargin": 298.0,
            "BottomMargin": 738.0,
            "Tag": 46,
            "Size": {
              "X": 368.0,
              "Y": 244.0
            },
            "Name": "star2",
            "ctype": "SpriteObjectData"
          },
          {
            "FileData": {
              "Type": "MarkedSubImage",
              "Path": "claim/star1.png",
              "Plist": "gift.plist"
            },
            "BlendFunc": {
              "Src": 1,
              "Dst": 771
            },
            "AnchorPoint": {
              "ScaleX": 0.5,
              "ScaleY": 0.5
            },
            "Position": {
              "X": 348.5,
              "Y": 874.0
            },
            "Scale": {
              "ScaleX": 1.0,
              "ScaleY": 1.0
            },
            "CColor": {},
            "IconVisible": false,
            "PrePosition": {
              "X": 0.484,
              "Y": 0.6828
            },
            "PreSize": {
              "X": 0.5014,
              "Y": 0.2094
            },
            "LeftMargin": 168.0,
            "RightMargin": 191.0,
            "TopMargin": 272.0,
            "BottomMargin": 740.0,
            "Tag": 47,
            "Size": {
              "X": 361.0,
              "Y": 268.0
            },
            "Name": "star1",
            "ctype": "SpriteObjectData"
          },
          {
            "FileData": {
              "Type": "MarkedSubImage",
              "Path": "claim/coin.png",
              "Plist": "gift.plist"
            },
            "BlendFunc": {
              "Src": 1,
              "Dst": 771
            },
            "AnchorPoint": {
              "ScaleX": 0.5,
              "ScaleY": 0.5
            },
            "Position": {
              "X": 359.0,
              "Y": 851.5
            },
            "Scale": {
              "ScaleX": 1.0,
              "ScaleY": 1.0
            },
            "CColor": {},
            "IconVisible": false,
            "PrePosition": {
              "X": 0.4986,
              "Y": 0.6652
            },
            "PreSize": {
              "X": 0.325,
              "Y": 0.1539
            },
            "LeftMargin": 242.0,
            "RightMargin": 244.0,
            "TopMargin": 330.0,
            "BottomMargin": 753.0,
            "Tag": 48,
            "Size": {
              "X": 234.0,
              "Y": 197.0
            },
            "Name": "coin",
            "ctype": "SpriteObjectData"
          },
          {
            "FileData": {
              "Type": "MarkedSubImage",
              "Path": "claim/_60.png",
              "Plist": "gift.plist"
            },
            "BlendFunc": {
              "Src": 1,
              "Dst": 771
            },
            "AnchorPoint": {
              "ScaleX": 0.5,
              "ScaleY": 0.5
            },
            "Position": {
              "X": 360.5,
              "Y": 713.0
            },
            "Scale": {
              "ScaleX": 1.0,
              "ScaleY": 1.0
            },
            "CColor": {},
            "IconVisible": false,
            "PrePosition": {
              "X": 0.5007,
              "Y": 0.557
            },
            "PreSize": {
              "X": 0.1597,
              "Y": 0.0359
            },
            "LeftMargin": 303.0,
            "RightMargin": 302.0,
            "TopMargin": 544.0,
            "BottomMargin": 690.0,
            "Tag": 49,
            "Size": {
              "X": 115.0,
              "Y": 46.0
            },
            "Name": "_60",
            "ctype": "SpriteObjectData"
          }
        ],
        "Size": {
          "X": 720.0,
          "Y": 1280.0
        },
        "Name": "claim_11",
        "ctype": "SingleNodeObjectData"
      },
      "UsedResources": [
        "gift.plist",
        "gift.png"
      ],
      "ctype": "GameFileData"
    }
  },
  "Type": "Scene"
}