{
  "ID": "4568aaae-1236-43ff-8617-8fd1796dcd55",
  "Version": "3.10.0.0",
  "Name": "loadingscreen",
  "Content": {
    "Content": {
      "Animation": {
        "Duration": 0,
        "Speed": 1.0,
        "Timelines": [],
        "ctype": "TimelineActionData"
      },
      "AnimationList": [],
      "ObjectData": {
        "Tag": 33,
        "Children": [
          {
            "FileData": {
              "Type": "MarkedSubImage",
              "Path": "loadingresource/progressbg.png",
              "Plist": "loadingplist.plist"
            },
            "BlendFunc": {
              "Src": 1,
              "Dst": 771
            },
            "AnchorPoint": {},
            "Position": {
              "X": 140.0,
              "Y": 270.0
            },
            "Scale": {
              "ScaleX": 1.0,
              "ScaleY": 1.0
            },
            "CColor": {},
            "IconVisible": false,
            "PrePosition": {
              "X": 0.1944,
              "Y": 0.2109
            },
            "PreSize": {
              "X": 0.6111,
              "Y": 0.0078
            },
            "LeftMargin": 140.0,
            "RightMargin": 140.0,
            "TopMargin": 1000.0,
            "BottomMargin": 270.0,
            "Tag": 4,
            "ActionTag": -1551657319,
            "Size": {
              "X": 440.0,
              "Y": 10.0
            },
            "Name": "progressbg",
            "ctype": "SpriteObjectData"
          },
          {
            "FileData": {
              "Type": "MarkedSubImage",
              "Path": "loadingresource/star1.png",
              "Plist": "loadingplist.plist"
            },
            "BlendFunc": {
              "Src": 1,
              "Dst": 771
            },
            "AnchorPoint": {
              "ScaleX": 0.5
            },
            "Position": {
              "X": 360.0,
              "Y": 675.0
            },
            "Scale": {
              "ScaleX": 1.0,
              "ScaleY": 1.0
            },
            "CColor": {},
            "IconVisible": false,
            "PrePosition": {
              "X": 0.5,
              "Y": 0.5273
            },
            "PreSize": {
              "X": 0.65,
              "Y": 0.2305
            },
            "LeftMargin": 126.0,
            "RightMargin": 126.0,
            "TopMargin": 310.0,
            "BottomMargin": 675.0,
            "Tag": 5,
            "ActionTag": -1631197876,
            "Size": {
              "X": 468.0,
              "Y": 295.0
            },
            "Name": "logo",
            "ctype": "SpriteObjectData"
          },
          {
            "LabelText": "100%",
            "LabelBMFontFile_CNB": {
              "Type": "Normal",
              "Path": "font/i-m40.fnt",
              "Plist": ""
            },
            "AnchorPoint": {
              "ScaleX": 0.5
            },
            "Position": {
              "X": 360.0,
              "Y": 303.0
            },
            "Scale": {
              "ScaleX": 1.0,
              "ScaleY": 1.0
            },
            "CColor": {
              "R": 204,
              "G": 98,
              "B": 86
            },
            "IconVisible": false,
            "PrePosition": {
              "X": 0.5,
              "Y": 0.2367
            },
            "PreSize": {
              "X": 0.1431,
              "Y": 0.0383
            },
            "LeftMargin": 308.5,
            "RightMargin": 308.5,
            "TopMargin": 928.0,
            "BottomMargin": 303.0,
            "Tag": 6,
            "ActionTag": -1801122293,
            "Size": {
              "X": 103.0,
              "Y": 49.0
            },
            "Name": "BitmapFontLabel_1",
            "ctype": "TextBMFontObjectData"
          },
          {
            "FileData": {
              "Type": "MarkedSubImage",
              "Path": "loadingresource/progress.png",
              "Plist": "loadingplist.plist"
            },
            "Scale9Enable": true,
            "Scale9OriginX": 8,
            "Scale9OriginY": 3,
            "Scale9Width": 11,
            "Scale9Height": 4,
            "AnchorPoint": {},
            "Position": {
              "X": 140.0,
              "Y": 270.0
            },
            "Scale": {
              "ScaleX": 1.0,
              "ScaleY": 1.0
            },
            "CColor": {},
            "IconVisible": false,
            "PrePosition": {
              "X": 0.1944,
              "Y": 0.2109
            },
            "PreSize": {
              "X": 0.0375,
              "Y": 0.0078
            },
            "LeftMargin": 140.0,
            "RightMargin": 553.0,
            "TopMargin": 1000.0,
            "BottomMargin": 270.0,
            "Tag": 7,
            "ActionTag": -668079930,
            "Size": {
              "X": 27.0,
              "Y": 10.0
            },
            "Name": "progress",
            "ctype": "ImageViewObjectData"
          }
        ],
        "Size": {
          "X": 720.0,
          "Y": 1280.0
        },
        "Name": "Scene",
        "ctype": "SingleNodeObjectData"
      },
      "UsedResources": [
        "font/i-m40.fnt",
        "font/i-m40.png",
        "loadingplist.plist",
        "loadingplist.png"
      ],
      "ctype": "GameFileData"
    }
  },
  "Type": "Scene"
}