{
  "ID": "a2ee0952-26b5-49ae-8bf9-4f1d6279b798",
  "Version": "3.10.0.0",
  "Name": "MainScene",
  "Content": {
    "Content": {
      "Animation": {
        "Duration": 0,
        "Speed": 1.0,
        "Timelines": [],
        "ctype": "TimelineActionData"
      },
      "AnimationList": [],
      "ObjectData": {
        "Children": [
          {
            "ClipAble": false,
            "BackColorAlpha": 102,
            "SingleColor": {
              "R": 150,
              "G": 200
            },
            "FirstColor": {
              "R": 150,
              "G": 200
            },
            "EndColor": {},
            "ColorVector": {
              "ScaleY": 1.0
            },
            "Scale9Width": 1,
            "Scale9Height": 1,
            "TouchEnable": true,
            "AnchorPoint": {},
            "Position": {
              "X": 0.0,
              "Y": 0.0
            },
            "Scale": {
              "ScaleX": 1.0,
              "ScaleY": 1.0
            },
            "CColor": {},
            "IconVisible": false,
            "PrePosition": {
              "X": 0.0,
              "Y": 0.0
            },
            "PreSize": {
              "X": 1.0,
              "Y": 0.075
            },
            "TopMargin": 1184.0,
            "Tag": 55,
            "Children": [
              {
                "FileData": {
                  "Type": "MarkedSubImage",
                  "Path": "gameasset/barbg.png",
                  "Plist": "gameplist.plist"
                },
                "Scale9Enable": true,
                "Scale9OriginX": 7,
                "Scale9OriginY": 59,
                "Scale9Width": 7,
                "Scale9Height": 16,
                "AnchorPoint": {
                  "ScaleX": 0.5
                },
                "Position": {
                  "X": 360.0,
                  "Y": 0.0
                },
                "Scale": {
                  "ScaleX": 1.0,
                  "ScaleY": 1.0
                },
                "CColor": {},
                "IconVisible": false,
                "PrePosition": {
                  "X": 0.5,
                  "Y": 0.0
                },
                "PreSize": {
                  "X": 1.0,
                  "Y": 1.2604
                },
                "TopMargin": -25.0,
                "Tag": 265,
                "ActionTag": -1500484991,
                "Size": {
                  "X": 720.0,
                  "Y": 121.0
                },
                "Name": "bottom_bg",
                "ctype": "ImageViewObjectData"
              },
              {
                "FileData": {
                  "Type": "MarkedSubImage",
                  "Path": "gameasset/barbg_shadow.png",
                  "Plist": "gameplist.plist"
                },
                "Scale9Enable": true,
                "Scale9OriginX": 34,
                "Scale9OriginY": 68,
                "Scale9Width": 16,
                "Scale9Height": 72,
                "AnchorPoint": {
                  "ScaleX": 0.5
                },
                "Position": {
                  "X": 360.0,
                  "Y": 0.0
                },
                "Scale": {
                  "ScaleX": 1.0,
                  "ScaleY": 1.0
                },
                "CColor": {
                  "G": 0,
                  "B": 0
                },
                "IconVisible": false,
                "PrePosition": {
                  "X": 0.5,
                  "Y": 0.0
                },
                "PreSize": {
                  "X": 1.0764,
                  "Y": 1.6042
                },
                "LeftMargin": -27.5,
                "RightMargin": -27.5,
                "TopMargin": -58.0,
                "Tag": 178,
                "ActionTag": 460564575,
                "Size": {
                  "X": 775.0,
                  "Y": 154.0
                },
                "Name": "bottom_shadow",
                "ctype": "ImageViewObjectData"
              },
              {
                "ClipAble": false,
                "BackColorAlpha": 102,
                "SingleColor": {
                  "R": 150,
                  "G": 200
                },
                "FirstColor": {
                  "R": 150,
                  "G": 200
                },
                "EndColor": {},
                "ColorVector": {
                  "ScaleY": 1.0
                },
                "Scale9Width": 1,
                "Scale9Height": 1,
                "TouchEnable": true,
                "AnchorPoint": {
                  "ScaleY": 0.5
                },
                "Position": {
                  "X": 0.0,
                  "Y": 48.0
                },
                "Scale": {
                  "ScaleX": 1.0,
                  "ScaleY": 1.0
                },
                "CColor": {},
                "IconVisible": false,
                "PrePosition": {
                  "X": 0.0,
                  "Y": 0.5
                },
                "PreSize": {
                  "X": 0.5,
                  "Y": 1.0
                },
                "RightMargin": 360.0,
                "Tag": 61,
                "Children": [
                  {
                    "FileData": {
                      "Type": "MarkedSubImage",
                      "Path": "gameasset/gallery1.png",
                      "Plist": "gameplist.plist"
                    },
                    "BlendFunc": {
                      "Src": 1,
                      "Dst": 771
                    },
                    "AnchorPoint": {},
                    "Position": {
                      "X": 158.0,
                      "Y": 47.0
                    },
                    "Scale": {
                      "ScaleX": 1.0,
                      "ScaleY": 1.0
                    },
                    "CColor": {},
                    "IconVisible": false,
                    "PrePosition": {
                      "X": 0.4389,
                      "Y": 0.4896
                    },
                    "PreSize": {
                      "X": 0.1222,
                      "Y": 0.5833
                    },
                    "LeftMargin": 158.0,
                    "RightMargin": 158.0,
                    "TopMargin": -7.0,
                    "BottomMargin": 47.0,
                    "Tag": 58,
                    "ActionTag": -2020102719,
                    "Size": {
                      "X": 44.0,
                      "Y": 56.0
                    },
                    "Name": "book_icon",
                    "ctype": "SpriteObjectData"
                  },
                  {
                    "FileData": {
                      "Type": "MarkedSubImage",
                      "Path": "gameasset/barbg_collected.png",
                      "Plist": "gameplist.plist"
                    },
                    "BlendFunc": {
                      "Src": 1,
                      "Dst": 771
                    },
                    "AnchorPoint": {},
                    "Position": {
                      "X": 0.0,
                      "Y": 0.0
                    },
                    "Scale": {
                      "ScaleX": 1.0,
                      "ScaleY": 1.0
                    },
                    "CColor": {},
                    "IconVisible": false,
                    "PrePosition": {
                      "X": 0.0,
                      "Y": 0.0
                    },
                    "PreSize": {
                      "X": 1.0,
                      "Y": 0.9896
                    },
                    "TopMargin": 1.0,
                    "Tag": 59,
                    "ActionTag": -531306969,
                    "Size": {
                      "X": 360.0,
                      "Y": 95.0
                    },
                    "Name": "bottom_select",
                    "ctype": "SpriteObjectData"
                  }
                ],
                "ActionTag": -412979547,
                "Size": {
                  "X": 360.0,
                  "Y": 96.0
                },
                "Name": "leftbtn",
                "ctype": "PanelObjectData"
              },
              {
                "ClipAble": false,
                "BackColorAlpha": 102,
                "SingleColor": {
                  "R": 150,
                  "G": 200
                },
                "FirstColor": {
                  "R": 150,
                  "G": 200
                },
                "EndColor": {},
                "ColorVector": {
                  "ScaleY": 1.0
                },
                "Scale9Width": 1,
                "Scale9Height": 1,
                "TouchEnable": true,
                "AnchorPoint": {
                  "ScaleX": 1.0
                },
                "Position": {
                  "X": 720.0,
                  "Y": 0.0
                },
                "Scale": {
                  "ScaleX": 1.0,
                  "ScaleY": 1.0
                },
                "CColor": {},
                "IconVisible": false,
                "PrePosition": {
                  "X": 1.0,
                  "Y": 0.0
                },
                "PreSize": {
                  "X": 0.5,
                  "Y": 1.0
                },
                "LeftMargin": 360.0,
                "Tag": 62,
                "Children": [
                  {
                    "FileData": {
                      "Type": "MarkedSubImage",
                      "Path": "gameasset/gallery1.png",
                      "Plist": "gameplist.plist"
                    },
                    "BlendFunc": {
                      "Src": 1,
                      "Dst": 771
                    },
                    "AnchorPoint": {},
                    "Position": {
                      "X": 158.0,
                      "Y": 47.0
                    },
                    "Scale": {
                      "ScaleX": 1.0,
                      "ScaleY": 1.0
                    },
                    "CColor": {},
                    "IconVisible": false,
                    "PrePosition": {
                      "X": 0.4389,
                      "Y": 0.4896
                    },
                    "PreSize": {
                      "X": 0.1222,
                      "Y": 0.5833
                    },
                    "LeftMargin": 158.0,
                    "RightMargin": 158.0,
                    "TopMargin": -7.0,
                    "BottomMargin": 47.0,
                    "Tag": 63,
                    "ActionTag": -274359076,
                    "Size": {
                      "X": 44.0,
                      "Y": 56.0
                    },
                    "Name": "book_icon",
                    "ctype": "SpriteObjectData"
                  },
                  {
                    "FileData": {
                      "Type": "MarkedSubImage",
                      "Path": "gameasset/barbg_collected.png",
                      "Plist": "gameplist.plist"
                    },
                    "BlendFunc": {
                      "Src": 1,
                      "Dst": 771
                    },
                    "AnchorPoint": {},
                    "Position": {
                      "X": 0.0,
                      "Y": 0.0
                    },
                    "Scale": {
                      "ScaleX": 1.0,
                      "ScaleY": 1.0
                    },
                    "CColor": {},
                    "IconVisible": false,
                    "PrePosition": {
                      "X": 0.0,
                      "Y": 0.0
                    },
                    "PreSize": {
                      "X": 1.0,
                      "Y": 0.9896
                    },
                    "TopMargin": 1.0,
                    "Tag": 64,
                    "ActionTag": 315385219,
                    "Size": {
                      "X": 360.0,
                      "Y": 95.0
                    },
                    "Name": "bottom_select",
                    "ctype": "SpriteObjectData"
                  }
                ],
                "ActionTag": -1298453135,
                "Size": {
                  "X": 360.0,
                  "Y": 96.0
                },
                "Name": "rightbtn",
                "ctype": "PanelObjectData"
              }
            ],
            "ActionTag": -270225084,
            "Size": {
              "X": 720.0,
              "Y": 96.0
            },
            "Name": "main_bottom",
            "ctype": "PanelObjectData"
          }
        ],
        "Size": {
          "X": 720.0,
          "Y": 1280.0
        },
        "Name": "Scene",
        "ctype": "SingleNodeObjectData"
      },
      "UsedResources": [
        "gameplist.plist",
        "gameplist.png"
      ],
      "ctype": "GameFileData"
    }
  },
  "Type": "Scene"
}