{
  "ID": "cdf3da9d-b87b-43b2-b9ef-903f0371bea7",
  "Version": "3.10.0.0",
  "Name": "mainView",
  "Content": {
    "Content": {
      "Animation": {
        "Duration": 0,
        "Speed": 1.0,
        "Timelines": [],
        "ctype": "TimelineActionData"
      },
      "AnimationList": [],
      "ObjectData": {
        "Tag": 3,
        "Children": [
          {
            "FileData": {
              "Type": "MarkedSubImage",
              "Path": "loadingscreen/white_bg.png",
              "Plist": "gameplist.plist"
            },
            "Scale9Enable": true,
            "Scale9OriginX": 6,
            "Scale9OriginY": 6,
            "Scale9Width": 8,
            "Scale9Height": 8,
            "AnchorPoint": {
              "ScaleX": 0.5,
              "ScaleY": 0.5
            },
            "Position": {
              "X": 360.0,
              "Y": 640.0
            },
            "Scale": {
              "ScaleX": 1.0,
              "ScaleY": 1.0
            },
            "CColor": {
              "R": 214,
              "G": 213,
              "B": 199
            },
            "IconVisible": false,
            "PrePosition": {
              "X": 0.5,
              "Y": 0.5
            },
            "PreSize": {
              "X": 1.0,
              "Y": 1.0
            },
            "Tag": 107,
            "ActionTag": 1359063134,
            "Size": {
              "X": 720.0,
              "Y": 1280.0
            },
            "Name": "mainbg",
            "ctype": "ImageViewObjectData"
          },
          {
            "FileData": {
              "Type": "MarkedSubImage",
              "Path": "gameasset/white_bg.png",
              "Plist": "gameplist.plist"
            },
            "Scale9Enable": true,
            "Scale9OriginX": 6,
            "Scale9OriginY": 6,
            "Scale9Width": 8,
            "Scale9Height": 8,
            "AnchorPoint": {
              "ScaleX": 0.5,
              "ScaleY": 1.0
            },
            "Position": {
              "X": 360.0,
              "Y": 1280.0
            },
            "Scale": {
              "ScaleX": 1.0,
              "ScaleY": 1.0
            },
            "CColor": {
              "R": 224,
              "G": 223,
              "B": 209
            },
            "IconVisible": false,
            "PrePosition": {
              "X": 0.5,
              "Y": 1.0
            },
            "PreSize": {
              "X": 1.0,
              "Y": 0.075
            },
            "BottomMargin": 1184.0,
            "Tag": 10,
            "ActionTag": 682286623,
            "Size": {
              "X": 720.0,
              "Y": 96.0
            },
            "Name": "top_bg",
            "ctype": "ImageViewObjectData"
          },
          {
            "ClipAble": false,
            "BackColorAlpha": 102,
            "SingleColor": {
              "R": 150,
              "G": 200
            },
            "FirstColor": {
              "R": 150,
              "G": 200
            },
            "EndColor": {},
            "ColorVector": {
              "ScaleY": 1.0
            },
            "Scale9Width": 1,
            "Scale9Height": 1,
            "TouchEnable": true,
            "AnchorPoint": {
              "ScaleY": 1.0
            },
            "Position": {
              "X": 0.0,
              "Y": 1280.0
            },
            "Scale": {
              "ScaleX": 1.0,
              "ScaleY": 1.0
            },
            "CColor": {},
            "IconVisible": false,
            "PrePosition": {
              "X": 0.0,
              "Y": 1.0
            },
            "PreSize": {
              "X": 1.0,
              "Y": 0.075
            },
            "BottomMargin": 1184.0,
            "Tag": 293,
            "Children": [
              {
                "LabelText": "GALLERY",
                "LabelBMFontFile_CNB": {
                  "Type": "Normal",
                  "Path": "font/inter-m-36.fnt",
                  "Plist": ""
                },
                "AnchorPoint": {
                  "ScaleY": 0.5
                },
                "Position": {
                  "X": 34.0,
                  "Y": 49.0
                },
                "Scale": {
                  "ScaleX": 1.0,
                  "ScaleY": 1.0
                },
                "CColor": {
                  "R": 166,
                  "G": 83,
                  "B": 94
                },
                "IconVisible": false,
                "PrePosition": {
                  "X": 0.0472,
                  "Y": 0.5104
                },
                "PreSize": {
                  "X": 0.0389,
                  "Y": 0.4896
                },
                "LeftMargin": 34.0,
                "RightMargin": 658.0,
                "TopMargin": 23.5,
                "BottomMargin": 25.5,
                "Tag": 365,
                "ActionTag": 1910781240,
                "Size": {
                  "X": 28.0,
                  "Y": 47.0
                },
                "Name": "top_title",
                "ctype": "TextBMFontObjectData"
              },
              {
                "ClipAble": false,
                "BackColorAlpha": 102,
                "SingleColor": {
                  "R": 150,
                  "G": 200
                },
                "FirstColor": {
                  "R": 150,
                  "G": 200
                },
                "EndColor": {},
                "ColorVector": {
                  "ScaleY": 1.0
                },
                "Scale9Width": 1,
                "Scale9Height": 1,
                "TouchEnable": true,
                "AnchorPoint": {
                  "ScaleX": 1.0,
                  "ScaleY": 0.5
                },
                "Position": {
                  "X": 708.0,
                  "Y": 52.0
                },
                "Scale": {
                  "ScaleX": 1.0,
                  "ScaleY": 1.0
                },
                "CColor": {},
                "IconVisible": false,
                "PrePosition": {
                  "X": 0.9833,
                  "Y": 0.5417
                },
                "PreSize": {
                  "X": 0.1,
                  "Y": 0.75
                },
                "LeftMargin": 636.0,
                "RightMargin": 12.0,
                "TopMargin": 8.0,
                "BottomMargin": 16.0,
                "Tag": 173,
                "Children": [
                  {
                    "FileData": {
                      "Type": "MarkedSubImage",
                      "Path": "gameasset/1_1_setting.png",
                      "Plist": "gameplist.plist"
                    },
                    "Scale9OriginX": 13,
                    "Scale9OriginY": 13,
                    "Scale9Width": 16,
                    "Scale9Height": 16,
                    "AnchorPoint": {
                      "ScaleX": 0.5,
                      "ScaleY": 0.5
                    },
                    "Position": {
                      "X": 36.0,
                      "Y": 28.0
                    },
                    "Scale": {
                      "ScaleX": 1.0,
                      "ScaleY": 1.0
                    },
                    "CColor": {},
                    "IconVisible": false,
                    "PrePosition": {
                      "X": 0.5,
                      "Y": 0.3889
                    },
                    "PreSize": {
                      "X": 0.5833,
                      "Y": 0.5833
                    },
                    "LeftMargin": 15.0,
                    "RightMargin": 15.0,
                    "TopMargin": 23.0,
                    "BottomMargin": 7.0,
                    "Tag": 174,
                    "ActionTag": 269757916,
                    "Size": {
                      "X": 42.0,
                      "Y": 42.0
                    },
                    "Name": "Image_9",
                    "ctype": "ImageViewObjectData"
                  }
                ],
                "ActionTag": -524484879,
                "Size": {
                  "X": 72.0,
                  "Y": 72.0
                },
                "Name": "top_setting",
                "ctype": "PanelObjectData"
              }
            ],
            "ActionTag": -2060597627,
            "Size": {
              "X": 720.0,
              "Y": 96.0
            },
            "Name": "main_top",
            "ctype": "PanelObjectData"
          },
          {
            "FileData": {
              "Type": "MarkedSubImage",
              "Path": "gameasset/title_line.png",
              "Plist": "gameplist.plist"
            },
            "Scale9Enable": true,
            "Scale9OriginX": 3,
            "Scale9Width": 5,
            "Scale9Height": 1,
            "AnchorPoint": {
              "ScaleX": 0.5,
              "ScaleY": 0.5
            },
            "Position": {
              "X": 360.0,
              "Y": 1176.0
            },
            "Scale": {
              "ScaleX": 1.0,
              "ScaleY": 1.0
            },
            "CColor": {},
            "IconVisible": false,
            "PrePosition": {
              "X": 0.5,
              "Y": 0.9187
            },
            "PreSize": {
              "X": 0.0153,
              "Y": 0.0008
            },
            "LeftMargin": 354.5,
            "RightMargin": 354.5,
            "TopMargin": 103.5,
            "BottomMargin": 1175.5,
            "Tag": 232,
            "ActionTag": 1413023386,
            "Size": {
              "X": 11.0,
              "Y": 1.0
            },
            "Name": "line",
            "ctype": "ImageViewObjectData"
          }
        ],
        "Size": {
          "X": 720.0,
          "Y": 1280.0
        },
        "Name": "Scene",
        "ctype": "SingleNodeObjectData"
      },
      "UsedResources": [
        "font/inter-m-36.fnt",
        "font/inter-m-36.png",
        "gameplist.plist",
        "gameplist.png"
      ],
      "ctype": "GameFileData"
    }
  },
  "Type": "Scene"
}