{
  "ID": "6dac31b8-2b46-4d41-8528-bc8fe407b535",
  "Version": "3.10.0.0",
  "Name": "newMainScene",
  "Content": {
    "Content": {
      "Animation": {
        "Duration": 0,
        "Speed": 1.0,
        "Timelines": [],
        "ctype": "TimelineActionData"
      },
      "AnimationList": [],
      "ObjectData": {
        "Tag": 92,
        "Children": [
          {
            "ClipAble": false,
            "BackColorAlpha": 102,
            "SingleColor": {
              "R": 150,
              "G": 200
            },
            "FirstColor": {
              "R": 150,
              "G": 200
            },
            "EndColor": {},
            "ColorVector": {
              "ScaleY": 1.0
            },
            "Scale9Width": 1,
            "Scale9Height": 1,
            "TouchEnable": true,
            "AnchorPoint": {},
            "Position": {
              "X": 0.0,
              "Y": 0.0
            },
            "Scale": {
              "ScaleX": 1.0,
              "ScaleY": 1.0
            },
            "CColor": {},
            "IconVisible": false,
            "PrePosition": {
              "X": 0.0,
              "Y": 0.0
            },
            "PreSize": {
              "X": 1.0,
              "Y": 0.075
            },
            "TopMargin": 1184.0,
            "Tag": 14,
            "Children": [
              {
                "FileData": {
                  "Type": "MarkedSubImage",
                  "Path": "gameasset/barbg_shadow.png",
                  "Plist": "gameplist.plist"
                },
                "Scale9Enable": true,
                "Scale9OriginX": 27,
                "Scale9OriginY": 50,
                "Scale9Width": 30,
                "Scale9Height": 54,
                "AnchorPoint": {
                  "ScaleX": 0.5,
                  "ScaleY": 0.5
                },
                "Position": {
                  "X": 359.9997,
                  "Y": 52.183
                },
                "Scale": {
                  "ScaleX": 1.0,
                  "ScaleY": 1.0
                },
                "CColor": {},
                "IconVisible": false,
                "PrePosition": {
                  "X": 0.5,
                  "Y": 0.5436
                },
                "PreSize": {
                  "X": 1.0,
                  "Y": 1.6042
                },
                "LeftMargin": -0.0003,
                "RightMargin": 0.0003,
                "TopMargin": -33.183,
                "BottomMargin": -24.817,
                "Tag": 100,
                "ActionTag": -1392555231,
                "Size": {
                  "X": 720.0,
                  "Y": 154.0
                },
                "Name": "bottom_shadow",
                "ctype": "ImageViewObjectData"
              },
              {
                "FileData": {
                  "Type": "MarkedSubImage",
                  "Path": "gameasset/barbg.png",
                  "Plist": "gameplist.plist"
                },
                "Scale9Enable": true,
                "Scale9OriginX": 6,
                "Scale9OriginY": 31,
                "Scale9Width": 8,
                "Scale9Height": 34,
                "AnchorPoint": {},
                "Position": {
                  "X": 0.0,
                  "Y": 0.0
                },
                "Scale": {
                  "ScaleX": 1.0,
                  "ScaleY": 1.0
                },
                "CColor": {},
                "IconVisible": false,
                "PrePosition": {
                  "X": 0.0,
                  "Y": 0.0
                },
                "PreSize": {
                  "X": 1.0,
                  "Y": 1.0
                },
                "Tag": 17,
                "ActionTag": 373882049,
                "Size": {
                  "X": 720.0,
                  "Y": 96.0
                },
                "Name": "bottom_bg",
                "ctype": "ImageViewObjectData"
              },
              {
                "ClipAble": false,
                "BackColorAlpha": 102,
                "SingleColor": {
                  "R": 150,
                  "G": 200
                },
                "FirstColor": {
                  "R": 150,
                  "G": 200
                },
                "EndColor": {},
                "ColorVector": {
                  "ScaleY": 1.0
                },
                "TouchEnable": true,
                "AnchorPoint": {},
                "Position": {
                  "X": 0.0,
                  "Y": 0.0
                },
                "Scale": {
                  "ScaleX": 1.0,
                  "ScaleY": 1.0
                },
                "CColor": {},
                "IconVisible": false,
                "PrePosition": {
                  "X": 0.0,
                  "Y": 0.0
                },
                "PreSize": {
                  "X": 0.3333,
                  "Y": 1.0
                },
                "RightMargin": 480.0,
                "Tag": 95,
                "Children": [
                  {
                    "FileData": {
                      "Type": "MarkedSubImage",
                      "Path": "gameasset/barbg_collected.png",
                      "Plist": "gameplist.plist"
                    },
                    "Scale9OriginX": 118,
                    "Scale9OriginY": 31,
                    "Scale9Width": 124,
                    "Scale9Height": 33,
                    "AnchorPoint": {},
                    "Position": {
                      "X": 0.0,
                      "Y": 0.0
                    },
                    "Scale": {
                      "ScaleX": 1.0,
                      "ScaleY": 1.0
                    },
                    "CColor": {},
                    "IconVisible": false,
                    "PrePosition": {
                      "X": 0.0,
                      "Y": 0.0
                    },
                    "PreSize": {
                      "X": 1.0,
                      "Y": 0.9896
                    },
                    "TopMargin": 1.0,
                    "Tag": 102,
                    "ActionTag": -449372640,
                    "Size": {
                      "X": 240.0,
                      "Y": 95.0
                    },
                    "Name": "bottom_select",
                    "ctype": "ImageViewObjectData"
                  }
                ],
                "ActionTag": 896418636,
                "Size": {
                  "X": 240.0,
                  "Y": 96.0
                },
                "Name": "leftbtn",
                "ctype": "PanelObjectData"
              },
              {
                "ClipAble": false,
                "BackColorAlpha": 102,
                "SingleColor": {
                  "R": 150,
                  "G": 200
                },
                "FirstColor": {
                  "R": 150,
                  "G": 200
                },
                "EndColor": {},
                "ColorVector": {
                  "ScaleY": 1.0
                },
                "TouchEnable": true,
                "AnchorPoint": {},
                "Position": {
                  "X": 240.0,
                  "Y": -0.0002
                },
                "Scale": {
                  "ScaleX": 1.0,
                  "ScaleY": 1.0
                },
                "CColor": {},
                "IconVisible": false,
                "PrePosition": {
                  "X": 0.3333,
                  "Y": 0.0
                },
                "PreSize": {
                  "X": 0.3333,
                  "Y": 1.0
                },
                "LeftMargin": 240.0,
                "RightMargin": 240.0,
                "TopMargin": 0.0002,
                "BottomMargin": -0.0002,
                "Tag": 96,
                "Children": [
                  {
                    "FileData": {
                      "Type": "MarkedSubImage",
                      "Path": "gameasset/barbg_collected.png",
                      "Plist": "gameplist.plist"
                    },
                    "Scale9OriginX": 118,
                    "Scale9OriginY": 31,
                    "Scale9Width": 124,
                    "Scale9Height": 33,
                    "AnchorPoint": {},
                    "Position": {
                      "X": 0.0,
                      "Y": 0.0
                    },
                    "Scale": {
                      "ScaleX": 1.0,
                      "ScaleY": 1.0
                    },
                    "CColor": {},
                    "IconVisible": false,
                    "PrePosition": {
                      "X": 0.0,
                      "Y": 0.0
                    },
                    "PreSize": {
                      "X": 1.0,
                      "Y": 0.9896
                    },
                    "TopMargin": 1.0,
                    "Tag": 103,
                    "ActionTag": -473158664,
                    "Size": {
                      "X": 240.0,
                      "Y": 95.0
                    },
                    "Name": "bottom_select",
                    "ctype": "ImageViewObjectData"
                  }
                ],
                "ActionTag": -1356727918,
                "Size": {
                  "X": 240.0,
                  "Y": 96.0
                },
                "Name": "middlebtn",
                "ctype": "PanelObjectData"
              },
              {
                "ClipAble": false,
                "BackColorAlpha": 102,
                "SingleColor": {
                  "R": 150,
                  "G": 200
                },
                "FirstColor": {
                  "R": 150,
                  "G": 200
                },
                "EndColor": {},
                "ColorVector": {
                  "ScaleY": 1.0
                },
                "Scale9Width": 1,
                "Scale9Height": 1,
                "TouchEnable": true,
                "AnchorPoint": {},
                "Position": {
                  "X": 480.0,
                  "Y": 0.0
                },
                "Scale": {
                  "ScaleX": 1.0,
                  "ScaleY": 1.0
                },
                "CColor": {},
                "IconVisible": false,
                "PrePosition": {
                  "X": 0.6667,
                  "Y": 0.0
                },
                "PreSize": {
                  "X": 0.3333,
                  "Y": 1.0
                },
                "LeftMargin": 480.0,
                "Tag": 97,
                "Children": [
                  {
                    "FileData": {
                      "Type": "MarkedSubImage",
                      "Path": "gameasset/barbg_collected.png",
                      "Plist": "gameplist.plist"
                    },
                    "Scale9OriginX": 118,
                    "Scale9OriginY": 31,
                    "Scale9Width": 124,
                    "Scale9Height": 33,
                    "AnchorPoint": {},
                    "Position": {
                      "X": 0.0,
                      "Y": 0.0
                    },
                    "Scale": {
                      "ScaleX": 1.0,
                      "ScaleY": 1.0
                    },
                    "CColor": {},
                    "IconVisible": false,
                    "PrePosition": {
                      "X": 0.0,
                      "Y": 0.0
                    },
                    "PreSize": {
                      "X": 1.0,
                      "Y": 0.9896
                    },
                    "TopMargin": 1.0,
                    "Tag": 104,
                    "ActionTag": -287006535,
                    "Size": {
                      "X": 240.0,
                      "Y": 95.0
                    },
                    "Name": "bottom_select",
                    "ctype": "ImageViewObjectData"
                  }
                ],
                "ActionTag": 539930812,
                "Size": {
                  "X": 240.0,
                  "Y": 96.0
                },
                "Name": "rightbtn",
                "ctype": "PanelObjectData"
              }
            ],
            "ActionTag": 453706107,
            "Size": {
              "X": 720.0,
              "Y": 96.0
            },
            "Name": "main_bottom",
            "ctype": "PanelObjectData"
          },
          {
            "ClipAble": false,
            "BackColorAlpha": 102,
            "SingleColor": {
              "R": 150,
              "G": 200
            },
            "FirstColor": {
              "R": 150,
              "G": 200
            },
            "EndColor": {},
            "ColorVector": {
              "ScaleY": 1.0
            },
            "Scale9Width": 1,
            "Scale9Height": 1,
            "TouchEnable": true,
            "AnchorPoint": {},
            "Position": {
              "X": -0.0004,
              "Y": 99.1687
            },
            "Scale": {
              "ScaleX": 1.0,
              "ScaleY": 1.0
            },
            "CColor": {},
            "IconVisible": false,
            "PrePosition": {
              "X": 0.0,
              "Y": 0.0775
            },
            "PreSize": {
              "X": 1.0,
              "Y": 0.925
            },
            "LeftMargin": -0.0004,
            "RightMargin": 0.0004,
            "TopMargin": -3.1687,
            "BottomMargin": 99.1687,
            "Tag": 15,
            "ActionTag": 836058620,
            "Size": {
              "X": 720.0,
              "Y": 1184.0
            },
            "Name": "middle",
            "ctype": "PanelObjectData"
          }
        ],
        "Size": {
          "X": 720.0,
          "Y": 1280.0
        },
        "Name": "Scene",
        "ctype": "SingleNodeObjectData"
      },
      "UsedResources": [
        "gameplist.plist",
        "gameplist.png"
      ],
      "ctype": "GameFileData"
    }
  },
  "Type": "Scene"
}