{
  "ID": "f747abcb-c443-4ad4-b0ae-49e60a08bf6d",
  "Version": "3.10.0.0",
  "Name": "nofinish",
  "Content": {
    "Content": {
      "Animation": {
        "Duration": 0,
        "Speed": 1.0,
        "Timelines": [],
        "ctype": "TimelineActionData"
      },
      "AnimationList": [],
      "ObjectData": {
        "Tag": 12,
        "Children": [
          {
            "FileData": {
              "Type": "MarkedSubImage",
              "Path": "nofinish/noFinishBtn.png",
              "Plist": "Nofinish.plist"
            },
            "BlendFunc": {
              "Src": 1,
              "Dst": 771
            },
            "AnchorPoint": {
              "ScaleX": 0.5,
              "ScaleY": 0.5
            },
            "Position": {
              "X": 217.0,
              "Y": 61.0
            },
            "Scale": {
              "ScaleX": 1.0,
              "ScaleY": 1.0
            },
            "CColor": {},
            "IconVisible": false,
            "PrePosition": {
              "X": 0.3014,
              "Y": 0.0477
            },
            "PreSize": {
              "X": 0.6028,
              "Y": 0.0953
            },
            "RightMargin": 286.0,
            "TopMargin": 1158.0,
            "Tag": 14,
            "ActionTag": 486217623,
            "Size": {
              "X": 434.0,
              "Y": 122.0
            },
            "Name": "noFinishBtn",
            "ctype": "SpriteObjectData"
          },
          {
            "FileData": {
              "Type": "MarkedSubImage",
              "Path": "nofinish/img.png",
              "Plist": "Nofinish.plist"
            },
            "BlendFunc": {
              "Src": 1,
              "Dst": 771
            },
            "AnchorPoint": {
              "ScaleX": 0.5,
              "ScaleY": 0.5
            },
            "Position": {
              "X": 239.0,
              "Y": 318.0
            },
            "Scale": {
              "ScaleX": 1.0,
              "ScaleY": 1.0
            },
            "CColor": {},
            "IconVisible": false,
            "PrePosition": {
              "X": 0.3319,
              "Y": 0.2484
            },
            "PreSize": {
              "X": 0.2556,
              "Y": 0.1195
            },
            "LeftMargin": 147.0,
            "RightMargin": 389.0,
            "TopMargin": 885.5,
            "BottomMargin": 241.5,
            "Tag": 107,
            "ActionTag": 323331127,
            "Size": {
              "X": 184.0,
              "Y": 153.0
            },
            "Name": "img_4",
            "ctype": "SpriteObjectData"
          },
          {
            "FileData": {
              "Type": "MarkedSubImage",
              "Path": "nofinish/nowancheng.png",
              "Plist": "Nofinish.plist"
            },
            "BlendFunc": {
              "Src": 1,
              "Dst": 771
            },
            "AnchorPoint": {
              "ScaleX": 0.5,
              "ScaleY": 0.5
            },
            "Position": {
              "X": 217.0,
              "Y": 182.0
            },
            "Scale": {
              "ScaleX": 1.0,
              "ScaleY": 1.0
            },
            "CColor": {},
            "IconVisible": false,
            "PrePosition": {
              "X": 0.3014,
              "Y": 0.1422
            },
            "PreSize": {
              "X": 0.5528,
              "Y": 0.0273
            },
            "LeftMargin": 18.0,
            "RightMargin": 304.0,
            "TopMargin": 1080.5,
            "BottomMargin": 164.5,
            "Tag": 108,
            "ActionTag": 1275228637,
            "Size": {
              "X": 398.0,
              "Y": 35.0
            },
            "Name": "nofinish",
            "ctype": "SpriteObjectData"
          },
          {
            "FileData": {
              "Type": "MarkedSubImage",
              "Path": "nofinish/NoProgress.png",
              "Plist": "Nofinish.plist"
            },
            "BlendFunc": {
              "Src": 1,
              "Dst": 771
            },
            "AnchorPoint": {
              "ScaleX": 0.5,
              "ScaleY": 0.5
            },
            "Position": {
              "X": 217.0,
              "Y": 182.0
            },
            "Scale": {
              "ScaleX": 1.0,
              "ScaleY": 1.0
            },
            "CColor": {},
            "IconVisible": false,
            "PrePosition": {
              "X": 0.3014,
              "Y": 0.1422
            },
            "PreSize": {
              "X": 0.5611,
              "Y": 0.0273
            },
            "LeftMargin": 15.0,
            "RightMargin": 301.0,
            "TopMargin": 1080.5,
            "BottomMargin": 164.5,
            "Tag": 109,
            "ActionTag": 1111974710,
            "Size": {
              "X": 404.0,
              "Y": 35.0
            },
            "Name": "noProgress",
            "ctype": "SpriteObjectData"
          }
        ],
        "Size": {
          "X": 434.0,
          "Y": 393.0
        },
        "Name": "Scene",
        "ctype": "SingleNodeObjectData"
      },
      "UsedResources": [
        "Nofinish.plist",
        "Nofinish.png"
      ],
      "ctype": "GameFileData"
    }
  },
  "Type": "Scene"
}