{
  "ID": "10858fd5-695a-4d76-ad04-1c065e6ea033",
  "Version": "3.10.0.0",
  "Name": "NoInterNet",
  "Content": {
    "Content": {
      "Animation": {
        "Duration": 0,
        "Speed": 1.0,
        "Timelines": [],
        "ctype": "TimelineActionData"
      },
      "AnimationList": [],
      "ObjectData": {
        "Tag": 53,
        "Children": [
          {
            "ClipAble": false,
            "BackColorAlpha": 102,
            "SingleColor": {
              "R": 150,
              "G": 200
            },
            "FirstColor": {
              "R": 150,
              "G": 200
            },
            "EndColor": {},
            "ColorVector": {
              "ScaleY": 1.0
            },
            "Scale9Width": 1,
            "Scale9Height": 1,
            "TouchEnable": true,
            "AnchorPoint": {
              "ScaleX": 0.5
            },
            "Position": {
              "X": 360.0,
              "Y": 338.0
            },
            "Scale": {
              "ScaleX": 1.0,
              "ScaleY": 1.0
            },
            "CColor": {},
            "IconVisible": false,
            "PrePosition": {
              "X": 0.5,
              "Y": 0.2641
            },
            "PreSize": {
              "X": 0.7778,
              "Y": 0.4719
            },
            "LeftMargin": 80.0,
            "RightMargin": 80.0,
            "TopMargin": 338.0,
            "BottomMargin": 338.0,
            "Tag": 63,
            "Children": [
              {
                "FileData": {
                  "Type": "MarkedSubImage",
                  "Path": "gameasset/popups_bg.png",
                  "Plist": "gameplist.plist"
                },
                "Scale9Enable": true,
                "Scale9OriginX": 90,
                "Scale9OriginY": 97,
                "Scale9Width": 24,
                "Scale9Height": 10,
                "AnchorPoint": {
                  "ScaleX": 0.5
                },
                "Position": {
                  "X": 280.0001,
                  "Y": -59.0
                },
                "Scale": {
                  "ScaleX": 1.0,
                  "ScaleY": 1.0
                },
                "CColor": {},
                "IconVisible": false,
                "PrePosition": {
                  "X": 0.5,
                  "Y": -0.0977
                },
                "PreSize": {
                  "X": 1.1839,
                  "Y": 1.1755
                },
                "LeftMargin": -51.4999,
                "RightMargin": -51.5001,
                "TopMargin": -47.0,
                "BottomMargin": -59.0,
                "Tag": 55,
                "ActionTag": -1949419634,
                "Size": {
                  "X": 663.0,
                  "Y": 710.0
                },
                "Name": "nointernet_bg",
                "ctype": "ImageViewObjectData"
              },
              {
                "ClipAble": false,
                "BackColorAlpha": 102,
                "SingleColor": {
                  "R": 150,
                  "G": 200
                },
                "FirstColor": {
                  "R": 150,
                  "G": 200
                },
                "EndColor": {},
                "ColorVector": {
                  "ScaleY": 1.0
                },
                "Scale9Width": 1,
                "Scale9Height": 1,
                "TouchEnable": true,
                "AnchorPoint": {
                  "ScaleX": 0.5,
                  "ScaleY": 0.5
                },
                "Position": {
                  "X": 280.0001,
                  "Y": 86.9994
                },
                "Scale": {
                  "ScaleX": 1.0,
                  "ScaleY": 1.0
                },
                "CColor": {},
                "IconVisible": false,
                "PrePosition": {
                  "X": 0.5,
                  "Y": 0.144
                },
                "PreSize": {
                  "X": 0.775,
                  "Y": 0.202
                },
                "LeftMargin": 63.0001,
                "RightMargin": 62.9999,
                "TopMargin": 456.0006,
                "BottomMargin": 25.9994,
                "Tag": 65,
                "Children": [
                  {
                    "FileData": {
                      "Type": "MarkedSubImage",
                      "Path": "gameasset/rateok.png",
                      "Plist": "gameplist.plist"
                    },
                    "Scale9OriginX": 33,
                    "Scale9OriginY": 31,
                    "Scale9Width": 368,
                    "Scale9Height": 60,
                    "AnchorPoint": {},
                    "Position": {
                      "X": 0.0,
                      "Y": 0.0
                    },
                    "Scale": {
                      "ScaleX": 1.0,
                      "ScaleY": 1.0
                    },
                    "CColor": {},
                    "IconVisible": false,
                    "PrePosition": {
                      "X": 0.0,
                      "Y": 0.0
                    },
                    "PreSize": {
                      "X": 1.0,
                      "Y": 1.0
                    },
                    "Tag": 60,
                    "ActionTag": -1718043523,
                    "Size": {
                      "X": 434.0,
                      "Y": 122.0
                    },
                    "Name": "nointernet_button_bg",
                    "ctype": "ImageViewObjectData"
                  }
                ],
                "ActionTag": -576286607,
                "Size": {
                  "X": 434.0,
                  "Y": 122.0
                },
                "Name": "nointernet_button",
                "ctype": "PanelObjectData"
              },
              {
                "FileData": {
                  "Type": "MarkedSubImage",
                  "Path": "gameasset/No Internet.png",
                  "Plist": "gameplist.plist"
                },
                "BlendFunc": {
                  "Src": 1,
                  "Dst": 771
                },
                "AnchorPoint": {
                  "ScaleX": 0.5,
                  "ScaleY": 0.5
                },
                "Position": {
                  "X": 280.0,
                  "Y": 343.0
                },
                "Scale": {
                  "ScaleX": 1.0,
                  "ScaleY": 1.0
                },
                "CColor": {},
                "IconVisible": false,
                "PrePosition": {
                  "X": 0.5,
                  "Y": 0.5679
                },
                "PreSize": {
                  "X": 1.0,
                  "Y": 0.4834
                },
                "TopMargin": 115.0,
                "BottomMargin": 197.0,
                "Tag": 207,
                "ActionTag": -187237655,
                "Size": {
                  "X": 560.0,
                  "Y": 292.0
                },
                "Name": "Sprite_1",
                "ctype": "SpriteObjectData"
              }
            ],
            "ActionTag": 767005076,
            "Size": {
              "X": 560.0,
              "Y": 604.0
            },
            "Name": "Group",
            "ctype": "PanelObjectData"
          }
        ],
        "Size": {
          "X": 720.0,
          "Y": 1280.0
        },
        "Name": "Scene",
        "ctype": "SingleNodeObjectData"
      },
      "UsedResources": [
        "gameplist.plist",
        "gameplist.png"
      ],
      "ctype": "GameFileData"
    }
  },
  "Type": "Scene"
}