{
  "ID": "9bf1fa4e-c9c0-4b40-9554-de9f0d3acf82",
  "Version": "3.10.0.0",
  "Name": "pre",
  "Content": {
    "Content": {
      "Animation": {
        "Duration": 0,
        "Speed": 1.0,
        "Timelines": [],
        "ctype": "TimelineActionData"
      },
      "AnimationList": [],
      "ObjectData": {
        "Tag": 241,
        "Children": [
          {
            "ClipAble": false,
            "BackColorAlpha": 102,
            "SingleColor": {
              "R": 150,
              "G": 200
            },
            "FirstColor": {
              "R": 150,
              "G": 200
            },
            "EndColor": {},
            "ColorVector": {
              "ScaleY": 1.0
            },
            "Scale9Width": 1,
            "Scale9Height": 1,
            "TouchEnable": true,
            "AnchorPoint": {
              "ScaleX": 0.5,
              "ScaleY": 0.5
            },
            "Position": {
              "X": 144.0,
              "Y": 144.0
            },
            "Scale": {
              "ScaleX": 1.0,
              "ScaleY": 1.0
            },
            "CColor": {},
            "IconVisible": false,
            "PrePosition": {
              "X": 0.5,
              "Y": 0.5
            },
            "PreSize": {
              "X": 0.8333,
              "Y": 0.8333
            },
            "LeftMargin": 24.0,
            "RightMargin": 24.0,
            "TopMargin": 24.0,
            "BottomMargin": 24.0,
            "Tag": 242,
            "Children": [
              {
                "FileData": {
                  "Type": "MarkedSubImage",
                  "Path": "gameasset/img_shadow.png",
                  "Plist": "gameplist.plist"
                },
                "Scale9Enable": true,
                "Scale9OriginX": 51,
                "Scale9OriginY": 37,
                "Scale9Width": 30,
                "Scale9Height": 44,
                "AnchorPoint": {
                  "ScaleX": 0.5,
                  "ScaleY": 0.5
                },
                "Position": {
                  "X": 120.0,
                  "Y": 116.0
                },
                "Scale": {
                  "ScaleX": 1.0,
                  "ScaleY": 1.0
                },
                "CColor": {
                  "R": 94,
                  "G": 13,
                  "B": 0
                },
                "IconVisible": false,
                "PrePosition": {
                  "X": 0.5,
                  "Y": 0.4833
                },
                "PreSize": {
                  "X": 1.2208,
                  "Y": 1.1958
                },
                "LeftMargin": -26.5,
                "RightMargin": -26.5,
                "TopMargin": -19.5,
                "BottomMargin": -27.5,
                "Tag": 243,
                "ActionTag": -1488678963,
                "Size": {
                  "X": 293.0,
                  "Y": 287.0
                },
                "Alpha": 76,
                "Name": "preshadow",
                "ctype": "ImageViewObjectData"
              },
              {
                "FileData": {
                  "Type": "MarkedSubImage",
                  "Path": "gameasset/white_bg.png",
                  "Plist": "gameplist.plist"
                },
                "Scale9OriginX": 6,
                "Scale9OriginY": 6,
                "Scale9Width": 8,
                "Scale9Height": 8,
                "AnchorPoint": {
                  "ScaleX": 0.5,
                  "ScaleY": 0.5
                },
                "Position": {
                  "X": 120.0,
                  "Y": 120.0
                },
                "Scale": {
                  "ScaleX": 1.0,
                  "ScaleY": 1.0
                },
                "CColor": {
                  "R": 151,
                  "G": 54,
                  "B": 54
                },
                "IconVisible": false,
                "PrePosition": {
                  "X": 0.5,
                  "Y": 0.5
                },
                "PreSize": {
                  "X": 0.0417,
                  "Y": 0.0417
                },
                "LeftMargin": 115.0,
                "RightMargin": 115.0,
                "TopMargin": 115.0,
                "BottomMargin": 115.0,
                "Tag": 244,
                "ActionTag": -573183318,
                "Size": {
                  "X": 10.0,
                  "Y": 10.0
                },
                "Name": "preimage",
                "ctype": "ImageViewObjectData"
              },
              {
                "FileData": {
                  "Type": "MarkedSubImage",
                  "Path": "gameasset/white_bg.png",
                  "Plist": "gameplist.plist"
                },
                "Scale9Enable": true,
                "Scale9OriginX": 6,
                "Scale9OriginY": 6,
                "Scale9Width": 8,
                "Scale9Height": 8,
                "AnchorPoint": {
                  "ScaleX": 0.5,
                  "ScaleY": 0.5
                },
                "Position": {
                  "X": 120.0,
                  "Y": 120.0
                },
                "Scale": {
                  "ScaleX": 1.0,
                  "ScaleY": 1.0
                },
                "CColor": {
                  "R": 224,
                  "G": 223,
                  "B": 209
                },
                "IconVisible": false,
                "PrePosition": {
                  "X": 0.5,
                  "Y": 0.5
                },
                "PreSize": {
                  "X": 0.9958,
                  "Y": 1.0083
                },
                "LeftMargin": 0.5,
                "RightMargin": 0.5,
                "TopMargin": -1.0,
                "BottomMargin": -1.0,
                "Tag": 245,
                "ActionTag": 560655364,
                "Size": {
                  "X": 239.0,
                  "Y": 242.0
                },
                "Name": "prebg",
                "ctype": "ImageViewObjectData"
              },
              {
                "FileData": {
                  "Type": "MarkedSubImage",
                  "Path": "gameasset/img_frame_kuang.png",
                  "Plist": "gameplist.plist"
                },
                "Scale9OriginX": 26,
                "Scale9OriginY": 33,
                "Scale9Width": 276,
                "Scale9Height": 269,
                "AnchorPoint": {
                  "ScaleX": 0.5,
                  "ScaleY": 0.5
                },
                "Position": {
                  "X": 120.0,
                  "Y": 120.0
                },
                "Scale": {
                  "ScaleX": 1.0,
                  "ScaleY": 1.0
                },
                "CColor": {},
                "IconVisible": false,
                "PrePosition": {
                  "X": 0.5,
                  "Y": 0.5
                },
                "PreSize": {
                  "X": 1.05,
                  "Y": 1.05
                },
                "LeftMargin": -6.0,
                "RightMargin": -6.0,
                "TopMargin": -6.0,
                "BottomMargin": -6.0,
                "Tag": 246,
                "ActionTag": -627470062,
                "Size": {
                  "X": 252.0,
                  "Y": 252.0
                },
                "Name": "preKuang",
                "ctype": "ImageViewObjectData"
              }
            ],
            "ActionTag": 913795367,
            "Size": {
              "X": 240.0,
              "Y": 240.0
            },
            "Name": "prePanel",
            "ctype": "PanelObjectData"
          }
        ],
        "Size": {
          "X": 288.0,
          "Y": 288.0
        },
        "Name": "Scene",
        "ctype": "SingleNodeObjectData"
      },
      "UsedResources": [
        "gameplist.plist",
        "gameplist.png"
      ],
      "ctype": "GameFileData"
    }
  },
  "Type": "Scene"
}