{
  "ID": "11b17fa2-423f-43ee-9513-1a4847a64297",
  "Version": "3.10.0.0",
  "Name": "rate01",
  "Content": {
    "Content": {
      "Animation": {
        "Duration": 0,
        "Speed": 1.0,
        "Timelines": [],
        "ctype": "TimelineActionData"
      },
      "AnimationList": [],
      "ObjectData": {
        "Tag": 269,
        "Children": [
          {
            "ClipAble": false,
            "BackColorAlpha": 102,
            "SingleColor": {
              "R": 150,
              "G": 200
            },
            "FirstColor": {
              "R": 150,
              "G": 200
            },
            "EndColor": {},
            "ColorVector": {
              "ScaleY": 1.0
            },
            "Scale9Width": 1,
            "Scale9Height": 1,
            "TouchEnable": true,
            "AnchorPoint": {
              "ScaleX": 0.5
            },
            "Position": {
              "X": 360.0,
              "Y": 405.0
            },
            "Scale": {
              "ScaleX": 1.0,
              "ScaleY": 1.0
            },
            "CColor": {},
            "IconVisible": false,
            "PrePosition": {
              "X": 0.5,
              "Y": 0.3164
            },
            "PreSize": {
              "X": 0.7778,
              "Y": 0.375
            },
            "LeftMargin": 80.0,
            "RightMargin": 80.0,
            "TopMargin": 395.0,
            "BottomMargin": 405.0,
            "Tag": 301,
            "Children": [
              {
                "FileData": {
                  "Type": "MarkedSubImage",
                  "Path": "rate/popups_bg.png",
                  "Plist": "otherplist.plist"
                },
                "Scale9Enable": true,
                "Scale9OriginX": 95,
                "Scale9OriginY": 95,
                "Scale9Width": 14,
                "Scale9Height": 14,
                "AnchorPoint": {
                  "ScaleX": 0.5,
                  "ScaleY": 0.5
                },
                "Position": {
                  "X": 280.0,
                  "Y": 240.0
                },
                "Scale": {
                  "ScaleX": 1.0,
                  "ScaleY": 1.0
                },
                "CColor": {},
                "IconVisible": false,
                "PrePosition": {
                  "X": 0.5,
                  "Y": 0.5
                },
                "PreSize": {
                  "X": 1.1893,
                  "Y": 1.2125
                },
                "LeftMargin": -53.0,
                "RightMargin": -53.0,
                "TopMargin": -51.0,
                "BottomMargin": -51.0,
                "Tag": 302,
                "ActionTag": -655180895,
                "Size": {
                  "X": 666.0,
                  "Y": 582.0
                },
                "Name": "setting_bg",
                "ctype": "ImageViewObjectData"
              },
              {
                "FileData": {
                  "Type": "MarkedSubImage",
                  "Path": "rate/rateTitle.png",
                  "Plist": "otherplist.plist"
                },
                "BlendFunc": {
                  "Src": 1,
                  "Dst": 771
                },
                "AnchorPoint": {
                  "ScaleX": 0.5
                },
                "Position": {
                  "X": 280.0,
                  "Y": 217.0
                },
                "Scale": {
                  "ScaleX": 1.0,
                  "ScaleY": 1.0
                },
                "CColor": {},
                "IconVisible": false,
                "PrePosition": {
                  "X": 0.5,
                  "Y": 0.4521
                },
                "PreSize": {
                  "X": 0.6946,
                  "Y": 0.1729
                },
                "LeftMargin": 85.5,
                "RightMargin": 85.5,
                "TopMargin": 180.0,
                "BottomMargin": 217.0,
                "Tag": 304,
                "ActionTag": 1052510297,
                "Size": {
                  "X": 389.0,
                  "Y": 83.0
                },
                "Name": "setting_title",
                "ctype": "SpriteObjectData"
              },
              {
                "FileData": {
                  "Type": "MarkedSubImage",
                  "Path": "rate/loveIt.png",
                  "Plist": "otherplist.plist"
                },
                "BlendFunc": {
                  "Src": 1,
                  "Dst": 771
                },
                "AnchorPoint": {
                  "ScaleX": 0.5,
                  "ScaleY": 0.5
                },
                "Position": {
                  "X": 411.0,
                  "Y": 95.0
                },
                "Scale": {
                  "ScaleX": 1.0,
                  "ScaleY": 1.0
                },
                "CColor": {},
                "IconVisible": false,
                "PrePosition": {
                  "X": 0.7339,
                  "Y": 0.1979
                },
                "PreSize": {
                  "X": 0.4536,
                  "Y": 0.2542
                },
                "LeftMargin": 284.0,
                "RightMargin": 22.0,
                "TopMargin": 324.0,
                "BottomMargin": 34.0,
                "Tag": 545,
                "ActionTag": -185526039,
                "Size": {
                  "X": 254.0,
                  "Y": 122.0
                },
                "Name": "love",
                "ctype": "SpriteObjectData"
              },
              {
                "FileData": {
                  "Type": "MarkedSubImage",
                  "Path": "rate/notreally.png",
                  "Plist": "otherplist.plist"
                },
                "BlendFunc": {
                  "Src": 1,
                  "Dst": 771
                },
                "AnchorPoint": {
                  "ScaleX": 0.5,
                  "ScaleY": 0.5
                },
                "Position": {
                  "X": 149.0,
                  "Y": 95.0
                },
                "Scale": {
                  "ScaleX": 1.0,
                  "ScaleY": 1.0
                },
                "CColor": {},
                "IconVisible": false,
                "PrePosition": {
                  "X": 0.2661,
                  "Y": 0.1979
                },
                "PreSize": {
                  "X": 0.4536,
                  "Y": 0.2542
                },
                "LeftMargin": 22.0,
                "RightMargin": 284.0,
                "TopMargin": 324.0,
                "BottomMargin": 34.0,
                "Tag": 546,
                "ActionTag": 1894360111,
                "Size": {
                  "X": 254.0,
                  "Y": 122.0
                },
                "Name": "notlove",
                "ctype": "SpriteObjectData"
              },
              {
                "FileData": {
                  "Type": "MarkedSubImage",
                  "Path": "rate/icon1.png",
                  "Plist": "otherplist.plist"
                },
                "BlendFunc": {
                  "Src": 1,
                  "Dst": 771
                },
                "AnchorPoint": {
                  "ScaleX": 0.5,
                  "ScaleY": 0.5
                },
                "Position": {
                  "X": 280.0,
                  "Y": 405.0
                },
                "Scale": {
                  "ScaleX": 1.0,
                  "ScaleY": 1.0
                },
                "CColor": {},
                "IconVisible": false,
                "PrePosition": {
                  "X": 0.5,
                  "Y": 0.8438
                },
                "PreSize": {
                  "X": 0.5268,
                  "Y": 0.0812
                },
                "LeftMargin": 132.5,
                "RightMargin": 132.5,
                "TopMargin": 55.5,
                "BottomMargin": 385.5,
                "Tag": 179,
                "ActionTag": -1031720121,
                "Size": {
                  "X": 295.0,
                  "Y": 39.0
                },
                "Name": "icon1_3",
                "ctype": "SpriteObjectData"
              }
            ],
            "ActionTag": 1505654361,
            "Size": {
              "X": 560.0,
              "Y": 480.0
            },
            "Name": "Panel",
            "ctype": "PanelObjectData"
          }
        ],
        "Size": {
          "X": 720.0,
          "Y": 1280.0
        },
        "Name": "Scene",
        "ctype": "SingleNodeObjectData"
      },
      "UsedResources": [
        "otherplist.plist",
        "otherplist.png"
      ],
      "ctype": "GameFileData"
    }
  },
  "Type": "Scene"
}