{
  "ID": "15886ccd-a03d-48e3-b21f-31f3500af7e0",
  "Version": "3.10.0.0",
  "Name": "rate03",
  "Content": {
    "Content": {
      "Animation": {
        "Duration": 0,
        "Speed": 1.0,
        "Timelines": [],
        "ctype": "TimelineActionData"
      },
      "AnimationList": [],
      "ObjectData": {
        "Tag": 548,
        "Children": [
          {
            "ClipAble": false,
            "BackColorAlpha": 102,
            "SingleColor": {
              "R": 150,
              "G": 200
            },
            "FirstColor": {
              "R": 150,
              "G": 200
            },
            "EndColor": {},
            "ColorVector": {
              "ScaleY": 1.0
            },
            "Scale9Width": 1,
            "Scale9Height": 1,
            "TouchEnable": true,
            "AnchorPoint": {
              "ScaleX": 0.5
            },
            "Position": {
              "X": 360.0,
              "Y": 344.0
            },
            "Scale": {
              "ScaleX": 1.0,
              "ScaleY": 1.0
            },
            "CColor": {},
            "IconVisible": false,
            "PrePosition": {
              "X": 0.5,
              "Y": 0.2688
            },
            "PreSize": {
              "X": 0.925,
              "Y": 0.4641
            },
            "LeftMargin": 27.0,
            "RightMargin": 27.0,
            "TopMargin": 342.0,
            "BottomMargin": 344.0,
            "Tag": 556,
            "Children": [
              {
                "FileData": {
                  "Type": "MarkedSubImage",
                  "Path": "rate/popups_bg.png",
                  "Plist": "otherplist.plist"
                },
                "Scale9Enable": true,
                "Scale9OriginX": 95,
                "Scale9OriginY": 95,
                "Scale9Width": 14,
                "Scale9Height": 14,
                "AnchorPoint": {
                  "ScaleX": 0.5
                },
                "Position": {
                  "X": 333.0,
                  "Y": 0.0
                },
                "Scale": {
                  "ScaleX": 1.0,
                  "ScaleY": 1.0
                },
                "CColor": {},
                "IconVisible": false,
                "PrePosition": {
                  "X": 0.5,
                  "Y": 0.0
                },
                "PreSize": {
                  "X": 1.0,
                  "Y": 0.9832
                },
                "TopMargin": 10.0,
                "Tag": 557,
                "ActionTag": 1441871644,
                "Size": {
                  "X": 666.0,
                  "Y": 584.0
                },
                "Name": "setting_bg",
                "ctype": "ImageViewObjectData"
              },
              {
                "FileData": {
                  "Type": "MarkedSubImage",
                  "Path": "rate/Submit.png",
                  "Plist": "otherplist.plist"
                },
                "BlendFunc": {
                  "Src": 1,
                  "Dst": 771
                },
                "AnchorPoint": {
                  "ScaleX": 0.5
                },
                "Position": {
                  "X": 333.0,
                  "Y": 86.0
                },
                "Scale": {
                  "ScaleX": 1.0,
                  "ScaleY": 1.0
                },
                "CColor": {},
                "IconVisible": false,
                "PrePosition": {
                  "X": 0.5,
                  "Y": 0.1448
                },
                "PreSize": {
                  "X": 0.6517,
                  "Y": 0.2054
                },
                "LeftMargin": 116.0,
                "RightMargin": 116.0,
                "TopMargin": 386.0,
                "BottomMargin": 86.0,
                "Tag": 561,
                "ActionTag": -1345572469,
                "Size": {
                  "X": 434.0,
                  "Y": 122.0
                },
                "Name": "submit",
                "ctype": "SpriteObjectData"
              },
              {
                "FileData": {
                  "Type": "MarkedSubImage",
                  "Path": "rate/phone.png",
                  "Plist": "otherplist.plist"
                },
                "BlendFunc": {
                  "Src": 1,
                  "Dst": 771
                },
                "AnchorPoint": {
                  "ScaleX": 0.5
                },
                "Position": {
                  "X": 333.0,
                  "Y": 400.0
                },
                "Scale": {
                  "ScaleX": 1.0,
                  "ScaleY": 1.0
                },
                "CColor": {},
                "IconVisible": false,
                "PrePosition": {
                  "X": 0.5,
                  "Y": 0.6734
                },
                "PreSize": {
                  "X": 0.3574,
                  "Y": 0.0707
                },
                "LeftMargin": 214.0,
                "RightMargin": 214.0,
                "TopMargin": 152.0,
                "BottomMargin": 400.0,
                "Tag": 145,
                "ActionTag": -1664170931,
                "Size": {
                  "X": 238.0,
                  "Y": 42.0
                },
                "Name": "phone_3",
                "ctype": "SpriteObjectData"
              },
              {
                "FileData": {
                  "Type": "MarkedSubImage",
                  "Path": "rate/five.png",
                  "Plist": "otherplist.plist"
                },
                "BlendFunc": {
                  "Src": 1,
                  "Dst": 771
                },
                "AnchorPoint": {
                  "ScaleX": 0.5,
                  "ScaleY": 0.5
                },
                "Position": {
                  "X": 333.0,
                  "Y": 292.0
                },
                "Scale": {
                  "ScaleX": 1.0,
                  "ScaleY": 1.0
                },
                "CColor": {},
                "IconVisible": false,
                "PrePosition": {
                  "X": 0.5,
                  "Y": 0.4916
                },
                "PreSize": {
                  "X": 0.6622,
                  "Y": 0.2037
                },
                "LeftMargin": 112.5,
                "RightMargin": 112.5,
                "TopMargin": 241.5,
                "BottomMargin": 231.5,
                "Tag": 241,
                "ActionTag": 1534659231,
                "Size": {
                  "X": 441.0,
                  "Y": 121.0
                },
                "Name": "five_2",
                "ctype": "SpriteObjectData"
              }
            ],
            "ActionTag": 1543164389,
            "Size": {
              "X": 666.0,
              "Y": 594.0
            },
            "Name": "Panel",
            "ctype": "PanelObjectData"
          }
        ],
        "Size": {
          "X": 720.0,
          "Y": 1280.0
        },
        "Name": "Scene",
        "ctype": "SingleNodeObjectData"
      },
      "UsedResources": [
        "otherplist.plist",
        "otherplist.png"
      ],
      "ctype": "GameFileData"
    }
  },
  "Type": "Scene"
}