{
  "ID": "b33a5dfc-9c51-45f1-b4f0-ec5f469d998d",
  "Version": "3.10.0.0",
  "Name": "rate02",
  "Content": {
    "Content": {
      "Animation": {
        "Duration": 0,
        "Speed": 1.0,
        "Timelines": [],
        "ctype": "TimelineActionData"
      },
      "AnimationList": [],
      "ObjectData": {
        "Tag": 547,
        "Children": [
          {
            "ClipAble": false,
            "BackColorAlpha": 102,
            "SingleColor": {
              "R": 150,
              "G": 200
            },
            "FirstColor": {
              "R": 150,
              "G": 200
            },
            "EndColor": {},
            "ColorVector": {
              "ScaleY": 1.0
            },
            "Scale9Width": 1,
            "Scale9Height": 1,
            "TouchEnable": true,
            "AnchorPoint": {
              "ScaleX": 0.5
            },
            "Position": {
              "X": 360.0,
              "Y": 406.0
            },
            "Scale": {
              "ScaleX": 1.0,
              "ScaleY": 1.0
            },
            "CColor": {},
            "IconVisible": false,
            "PrePosition": {
              "X": 0.5,
              "Y": 0.3172
            },
            "PreSize": {
              "X": 0.925,
              "Y": 0.4016
            },
            "LeftMargin": 27.0,
            "RightMargin": 27.0,
            "TopMargin": 360.0,
            "BottomMargin": 406.0,
            "Tag": 549,
            "Children": [
              {
                "FileData": {
                  "Type": "MarkedSubImage",
                  "Path": "rate/popups_bg.png",
                  "Plist": "otherplist.plist"
                },
                "Scale9Enable": true,
                "Scale9OriginX": 95,
                "Scale9OriginY": 95,
                "Scale9Width": 14,
                "Scale9Height": 14,
                "AnchorPoint": {
                  "ScaleX": 0.5
                },
                "Position": {
                  "X": 332.0851,
                  "Y": 0.0
                },
                "Scale": {
                  "ScaleX": 1.0,
                  "ScaleY": 1.0
                },
                "CColor": {},
                "IconVisible": false,
                "PrePosition": {
                  "X": 0.4986,
                  "Y": 0.0
                },
                "PreSize": {
                  "X": 1.0,
                  "Y": 1.0156
                },
                "LeftMargin": -0.9149,
                "RightMargin": 0.9149,
                "TopMargin": -8.0,
                "Tag": 550,
                "ActionTag": -1968629905,
                "Size": {
                  "X": 666.0,
                  "Y": 522.0
                },
                "Name": "setting_bg",
                "ctype": "ImageViewObjectData"
              },
              {
                "FileData": {
                  "Type": "MarkedSubImage",
                  "Path": "rate/rateok.png",
                  "Plist": "otherplist.plist"
                },
                "BlendFunc": {
                  "Src": 1,
                  "Dst": 771
                },
                "AnchorPoint": {
                  "ScaleX": 0.5
                },
                "Position": {
                  "X": 332.0218,
                  "Y": 71.0
                },
                "Scale": {
                  "ScaleX": 1.0,
                  "ScaleY": 1.0
                },
                "CColor": {},
                "IconVisible": false,
                "PrePosition": {
                  "X": 0.4985,
                  "Y": 0.1381
                },
                "PreSize": {
                  "X": 0.6517,
                  "Y": 0.2374
                },
                "LeftMargin": 115.0218,
                "RightMargin": 116.9782,
                "TopMargin": 321.0,
                "BottomMargin": 71.0,
                "Tag": 564,
                "ActionTag": 834130028,
                "Size": {
                  "X": 434.0,
                  "Y": 122.0
                },
                "Name": "ok",
                "ctype": "SpriteObjectData"
              },
              {
                "FileData": {
                  "Type": "MarkedSubImage",
                  "Path": "rate/thankfacebock.png",
                  "Plist": "otherplist.plist"
                },
                "BlendFunc": {
                  "Src": 1,
                  "Dst": 771
                },
                "AnchorPoint": {
                  "ScaleX": 0.5,
                  "ScaleY": 0.5
                },
                "Position": {
                  "X": 333.9146,
                  "Y": 326.0
                },
                "Scale": {
                  "ScaleX": 1.0,
                  "ScaleY": 1.0
                },
                "CColor": {},
                "IconVisible": false,
                "PrePosition": {
                  "X": 0.5014,
                  "Y": 0.6342
                },
                "PreSize": {
                  "X": 0.7312,
                  "Y": 0.2646
                },
                "LeftMargin": 90.4146,
                "RightMargin": 88.5854,
                "TopMargin": 120.0,
                "BottomMargin": 258.0,
                "Tag": 228,
                "ActionTag": -2099780381,
                "Size": {
                  "X": 487.0,
                  "Y": 136.0
                },
                "Name": "thankfacebock_1",
                "ctype": "SpriteObjectData"
              }
            ],
            "ActionTag": -1570676108,
            "Size": {
              "X": 666.0,
              "Y": 514.0
            },
            "Name": "Panel",
            "ctype": "PanelObjectData"
          }
        ],
        "Size": {
          "X": 720.0,
          "Y": 1280.0
        },
        "Name": "Scene",
        "ctype": "SingleNodeObjectData"
      },
      "UsedResources": [
        "otherplist.plist",
        "otherplist.png"
      ],
      "ctype": "GameFileData"
    }
  },
  "Type": "Scene"
}