{
  "ID": "d4ba8243-d236-4f6f-8cd8-8ba144951db1",
  "Version": "3.10.0.0",
  "Name": "ReawrdCoinDialog",
  "Content": {
    "Content": {
      "Animation": {
        "Duration": 0,
        "Speed": 1.0,
        "Timelines": [],
        "ctype": "TimelineActionData"
      },
      "AnimationList": [],
      "ObjectData": {
        "Tag": 112,
        "Children": [
          {
            "ClipAble": false,
            "BackColorAlpha": 102,
            "SingleColor": {
              "R": 150,
              "G": 200
            },
            "FirstColor": {
              "R": 150,
              "G": 200
            },
            "EndColor": {},
            "ColorVector": {
              "ScaleY": 1.0
            },
            "Scale9Width": 1,
            "Scale9Height": 1,
            "TouchEnable": true,
            "AnchorPoint": {},
            "Position": {
              "X": 245.0,
              "Y": 649.0
            },
            "Scale": {
              "ScaleX": 1.0,
              "ScaleY": 1.0
            },
            "CColor": {},
            "IconVisible": false,
            "PrePosition": {
              "X": 0.3403,
              "Y": 0.507
            },
            "PreSize": {
              "X": 0.3208,
              "Y": 0.1414
            },
            "LeftMargin": 245.0,
            "RightMargin": 244.0,
            "TopMargin": 450.0,
            "BottomMargin": 649.0,
            "Tag": 116,
            "Children": [
              {
                "ClipAble": false,
                "BackColorAlpha": 102,
                "SingleColor": {
                  "R": 150,
                  "G": 200
                },
                "FirstColor": {
                  "R": 150,
                  "G": 200
                },
                "EndColor": {},
                "ColorVector": {
                  "ScaleY": 1.0
                },
                "TouchEnable": true,
                "AnchorPoint": {
                  "ScaleX": 0.5,
                  "ScaleY": 0.5
                },
                "Position": {
                  "X": 115.5,
                  "Y": 90.5
                },
                "Scale": {
                  "ScaleX": 1.0,
                  "ScaleY": 1.0
                },
                "CColor": {},
                "IconVisible": false,
                "PrePosition": {
                  "X": 0.5,
                  "Y": 0.5
                },
                "PreSize": {
                  "X": 1.0,
                  "Y": 1.0
                },
                "Tag": 110,
                "ActionTag": 31825226,
                "Size": {
                  "X": 231.0,
                  "Y": 181.0
                },
                "Name": "coin",
                "ctype": "PanelObjectData"
              },
              {
                "LabelText": "+1290",
                "LabelBMFontFile_CNB": {
                  "Type": "Normal",
                  "Path": "font/inter-ssemi-44.fnt",
                  "Plist": ""
                },
                "AnchorPoint": {
                  "ScaleX": 0.5,
                  "ScaleY": 0.5
                },
                "Position": {
                  "X": 115.5,
                  "Y": -59.0
                },
                "Scale": {
                  "ScaleX": 1.36,
                  "ScaleY": 1.36
                },
                "CColor": {},
                "IconVisible": false,
                "PrePosition": {
                  "X": 0.5,
                  "Y": -0.326
                },
                "PreSize": {
                  "X": 0.5801,
                  "Y": 0.2983
                },
                "LeftMargin": 48.5,
                "RightMargin": 48.5,
                "TopMargin": 213.0,
                "BottomMargin": -86.0,
                "Tag": 115,
                "ActionTag": -938923114,
                "Size": {
                  "X": 134.0,
                  "Y": 54.0
                },
                "Name": "coinnum",
                "ctype": "TextBMFontObjectData"
              }
            ],
            "ActionTag": -1238860233,
            "Size": {
              "X": 231.0,
              "Y": 181.0
            },
            "Name": "Panel_1",
            "ctype": "PanelObjectData"
          }
        ],
        "Size": {
          "X": 720.0,
          "Y": 1280.0
        },
        "Name": "Scene",
        "ctype": "SingleNodeObjectData"
      },
      "UsedResources": [
        "font/inter-ssemi-44.fnt",
        "font/inter-ssemi-44.png"
      ],
      "ctype": "GameFileData"
    }
  },
  "Type": "Scene"
}