{
  "ID": "bafdbca7-81be-4eda-b48a-8b5f6c0293aa",
  "Version": "3.10.0.0",
  "Name": "Regroup1",
  "Content": {
    "Content": {
      "Animation": {
        "Duration": 0,
        "Speed": 1.0,
        "Timelines": [],
        "ctype": "TimelineActionData"
      },
      "AnimationList": [],
      "ObjectData": {
        "Tag": 23,
        "Children": [
          {
            "ClipAble": false,
            "BackColorAlpha": 102,
            "SingleColor": {
              "R": 150,
              "G": 200
            },
            "FirstColor": {
              "R": 150,
              "G": 200
            },
            "EndColor": {},
            "ColorVector": {
              "ScaleY": 1.0
            },
            "Scale9Width": 1,
            "Scale9Height": 1,
            "TouchEnable": true,
            "AnchorPoint": {
              "ScaleX": 0.5,
              "ScaleY": 0.5
            },
            "Position": {
              "X": 360.0,
              "Y": 640.0
            },
            "Scale": {
              "ScaleX": 1.0,
              "ScaleY": 1.0
            },
            "CColor": {},
            "IconVisible": false,
            "PrePosition": {
              "X": 0.5,
              "Y": 0.5
            },
            "PreSize": {
              "X": 1.0,
              "Y": 1.0
            },
            "Tag": 58,
            "Children": [
              {
                "FileData": {
                  "Type": "MarkedSubImage",
                  "Path": "gameasset/popups_bg.png",
                  "Plist": "gameplist.plist"
                },
                "Scale9Enable": true,
                "Scale9OriginX": 93,
                "Scale9OriginY": 89,
                "Scale9Width": 18,
                "Scale9Height": 20,
                "AnchorPoint": {
                  "ScaleX": 0.5
                },
                "Position": {
                  "X": 363.4316,
                  "Y": 277.0
                },
                "Scale": {
                  "ScaleX": 1.0,
                  "ScaleY": 1.0
                },
                "CColor": {},
                "IconVisible": false,
                "PrePosition": {
                  "X": 0.5048,
                  "Y": 0.2164
                },
                "PreSize": {
                  "X": 0.9208,
                  "Y": 0.5562
                },
                "LeftMargin": 31.9316,
                "RightMargin": 25.0684,
                "TopMargin": 291.0,
                "BottomMargin": 277.0,
                "Tag": 59,
                "ActionTag": -160405198,
                "Size": {
                  "X": 663.0,
                  "Y": 712.0
                },
                "Name": "bg",
                "ctype": "ImageViewObjectData"
              },
              {
                "ClipAble": false,
                "BackColorAlpha": 102,
                "SingleColor": {
                  "R": 150,
                  "G": 200
                },
                "FirstColor": {
                  "R": 150,
                  "G": 200
                },
                "EndColor": {},
                "ColorVector": {
                  "ScaleY": 1.0
                },
                "Scale9Width": 1,
                "Scale9Height": 1,
                "TouchEnable": true,
                "AnchorPoint": {
                  "ScaleX": 0.5,
                  "ScaleY": 0.5
                },
                "Position": {
                  "X": 360.0,
                  "Y": 434.0
                },
                "Scale": {
                  "ScaleX": 1.0,
                  "ScaleY": 1.0
                },
                "CColor": {},
                "IconVisible": false,
                "PrePosition": {
                  "X": 0.5,
                  "Y": 0.3391
                },
                "PreSize": {
                  "X": 0.5569,
                  "Y": 0.0695
                },
                "LeftMargin": 159.5,
                "RightMargin": 159.5,
                "TopMargin": 801.5,
                "BottomMargin": 389.5,
                "Tag": 62,
                "Children": [
                  {
                    "FileData": {
                      "Type": "MarkedSubImage",
                      "Path": "regroup/okbtn.png",
                      "Plist": "regroup.plist"
                    },
                    "BlendFunc": {
                      "Src": 1,
                      "Dst": 771
                    },
                    "AnchorPoint": {
                      "ScaleX": 0.5,
                      "ScaleY": 0.5
                    },
                    "Position": {
                      "X": 200.0,
                      "Y": 40.0
                    },
                    "Scale": {
                      "ScaleX": 1.0,
                      "ScaleY": 1.0
                    },
                    "CColor": {},
                    "IconVisible": false,
                    "PrePosition": {
                      "X": 0.4988,
                      "Y": 0.4494
                    },
                    "PreSize": {
                      "X": 1.0823,
                      "Y": 1.3708
                    },
                    "LeftMargin": -17.0,
                    "RightMargin": -16.0,
                    "TopMargin": -12.0,
                    "BottomMargin": -21.0,
                    "Tag": 69,
                    "ActionTag": -179425040,
                    "Size": {
                      "X": 434.0,
                      "Y": 122.0
                    },
                    "Name": "okbtn_29",
                    "ctype": "SpriteObjectData"
                  }
                ],
                "ActionTag": -1907557409,
                "Size": {
                  "X": 401.0,
                  "Y": 89.0
                },
                "Name": "ok",
                "ctype": "PanelObjectData"
              },
              {
                "FileData": {
                  "Type": "MarkedSubImage",
                  "Path": "regroup/regroupmsg.png",
                  "Plist": "regroup.plist"
                },
                "BlendFunc": {
                  "Src": 1,
                  "Dst": 771
                },
                "AnchorPoint": {
                  "ScaleX": 0.5,
                  "ScaleY": 0.5
                },
                "Position": {
                  "X": 360.0,
                  "Y": 578.0
                },
                "Scale": {
                  "ScaleX": 1.0,
                  "ScaleY": 1.0
                },
                "CColor": {},
                "IconVisible": false,
                "PrePosition": {
                  "X": 0.5,
                  "Y": 0.4516
                },
                "PreSize": {
                  "X": 0.4583,
                  "Y": 0.0555
                },
                "LeftMargin": 195.0,
                "RightMargin": 195.0,
                "TopMargin": 666.5,
                "BottomMargin": 542.5,
                "Tag": 70,
                "ActionTag": 1769058617,
                "Size": {
                  "X": 330.0,
                  "Y": 71.0
                },
                "Name": "regroupmsg_30",
                "ctype": "SpriteObjectData"
              },
              {
                "FileData": {
                  "Type": "MarkedSubImage",
                  "Path": "regroup/trgroup.png",
                  "Plist": "regroup.plist"
                },
                "BlendFunc": {
                  "Src": 1,
                  "Dst": 771
                },
                "AnchorPoint": {
                  "ScaleX": 0.5,
                  "ScaleY": 0.5
                },
                "Position": {
                  "X": 360.0,
                  "Y": 750.0
                },
                "Scale": {
                  "ScaleX": 1.0,
                  "ScaleY": 1.0
                },
                "CColor": {},
                "IconVisible": false,
                "PrePosition": {
                  "X": 0.5,
                  "Y": 0.5859
                },
                "PreSize": {
                  "X": 0.2153,
                  "Y": 0.1469
                },
                "LeftMargin": 282.5,
                "RightMargin": 282.5,
                "TopMargin": 436.0,
                "BottomMargin": 656.0,
                "Tag": 71,
                "ActionTag": -330726404,
                "Size": {
                  "X": 155.0,
                  "Y": 188.0
                },
                "Name": "trgroup_31",
                "ctype": "SpriteObjectData"
              }
            ],
            "ActionTag": -1393659881,
            "Size": {
              "X": 720.0,
              "Y": 1280.0
            },
            "Name": "Panel_1",
            "ctype": "PanelObjectData"
          }
        ],
        "Size": {
          "X": 720.0,
          "Y": 1280.0
        },
        "Name": "Scene",
        "ctype": "SingleNodeObjectData"
      },
      "UsedResources": [
        "gameplist.plist",
        "gameplist.png",
        "regroup.plist",
        "regroup.png"
      ],
      "ctype": "GameFileData"
    }
  },
  "Type": "Scene"
}