{
  "ID": "5474fbf4-14ab-465b-9685-d1e59f0ba12c",
  "Version": "3.10.0.0",
  "Name": "rewardpanel",
  "Content": {
    "Content": {
      "Animation": {
        "Duration": 0,
        "Speed": 1.0,
        "Timelines": [],
        "ctype": "TimelineActionData"
      },
      "AnimationList": [],
      "ObjectData": {
        "Tag": 101,
        "Children": [
          {
            "ClipAble": false,
            "BackColorAlpha": 102,
            "SingleColor": {
              "R": 150,
              "G": 200
            },
            "FirstColor": {
              "R": 150,
              "G": 200
            },
            "EndColor": {},
            "ColorVector": {
              "ScaleY": 1.0
            },
            "TouchEnable": true,
            "AnchorPoint": {},
            "Position": {
              "X": 237.1018,
              "Y": 495.8721
            },
            "Scale": {
              "ScaleX": 1.0,
              "ScaleY": 1.0
            },
            "CColor": {},
            "IconVisible": false,
            "PrePosition": {
              "X": 0.3293,
              "Y": 0.3874
            },
            "PreSize": {
              "X": 0.4167,
              "Y": 0.2344
            },
            "LeftMargin": 237.1018,
            "RightMargin": 182.8982,
            "TopMargin": 484.1279,
            "BottomMargin": 495.8721,
            "Tag": 106,
            "Children": [
              {
                "FileData": {
                  "Type": "MarkedSubImage",
                  "Path": "reward/hint_bg.png",
                  "Plist": "rewardplist.plist"
                },
                "BlendFunc": {
                  "Src": 1,
                  "Dst": 771
                },
                "AnchorPoint": {
                  "ScaleX": 0.5,
                  "ScaleY": 0.5
                },
                "Position": {
                  "X": 150.0,
                  "Y": 150.0
                },
                "Scale": {
                  "ScaleX": 1.0,
                  "ScaleY": 1.0
                },
                "CColor": {},
                "IconVisible": false,
                "PrePosition": {
                  "X": 0.5,
                  "Y": 0.5
                },
                "PreSize": {
                  "X": 1.6533,
                  "Y": 1.6533
                },
                "LeftMargin": -98.0,
                "RightMargin": -98.0,
                "TopMargin": -98.0,
                "BottomMargin": -98.0,
                "Tag": 104,
                "ActionTag": 1684878034,
                "Size": {
                  "X": 496.0,
                  "Y": 496.0
                },
                "Name": "hint_bg",
                "ctype": "SpriteObjectData"
              },
              {
                "FileData": {
                  "Type": "MarkedSubImage",
                  "Path": "reward/hint.png",
                  "Plist": "rewardplist.plist"
                },
                "BlendFunc": {
                  "Src": 1,
                  "Dst": 771
                },
                "AnchorPoint": {
                  "ScaleX": 0.5,
                  "ScaleY": 0.5
                },
                "Position": {
                  "X": 150.0,
                  "Y": 150.0
                },
                "Scale": {
                  "ScaleX": 1.0,
                  "ScaleY": 1.0
                },
                "CColor": {},
                "IconVisible": false,
                "PrePosition": {
                  "X": 0.5,
                  "Y": 0.5
                },
                "PreSize": {
                  "X": 0.4867,
                  "Y": 0.68
                },
                "LeftMargin": 77.0,
                "RightMargin": 77.0,
                "TopMargin": 48.0,
                "BottomMargin": 48.0,
                "Tag": 103,
                "ActionTag": 1903450913,
                "Size": {
                  "X": 146.0,
                  "Y": 204.0
                },
                "Name": "hint",
                "ctype": "SpriteObjectData"
              },
              {
                "FileData": {
                  "Type": "MarkedSubImage",
                  "Path": "reward/twobig.png",
                  "Plist": "rewardplist.plist"
                },
                "BlendFunc": {
                  "Src": 1,
                  "Dst": 771
                },
                "AnchorPoint": {
                  "ScaleX": 0.5,
                  "ScaleY": 0.5
                },
                "Position": {
                  "X": 147.6484,
                  "Y": 179.141
                },
                "Scale": {
                  "ScaleX": 1.0,
                  "ScaleY": 1.0
                },
                "CColor": {},
                "IconVisible": false,
                "PrePosition": {
                  "X": 0.4922,
                  "Y": 0.5971
                },
                "PreSize": {
                  "X": 0.3867,
                  "Y": 0.3
                },
                "LeftMargin": 89.6484,
                "RightMargin": 94.3516,
                "TopMargin": 75.859,
                "BottomMargin": 134.141,
                "Tag": 105,
                "ActionTag": 1929755546,
                "Size": {
                  "X": 116.0,
                  "Y": 90.0
                },
                "Name": "twobig",
                "ctype": "SpriteObjectData"
              }
            ],
            "ActionTag": 523648837,
            "Size": {
              "X": 300.0,
              "Y": 300.0
            },
            "Name": "Panel_1",
            "ctype": "PanelObjectData"
          }
        ],
        "Size": {
          "X": 720.0,
          "Y": 1280.0
        },
        "Name": "Scene",
        "ctype": "SingleNodeObjectData"
      },
      "UsedResources": [
        "rewardplist.plist",
        "rewardplist.png"
      ],
      "ctype": "GameFileData"
    }
  },
  "Type": "Scene"
}