{
  "ID": "cb1c106b-d8aa-493a-9f35-f45fd3781d15",
  "Version": "3.10.0.0",
  "Name": "secondSkip",
  "Content": {
    "Content": {
      "Animation": {
        "Duration": 0,
        "Speed": 1.0,
        "Timelines": [],
        "ctype": "TimelineActionData"
      },
      "AnimationList": [],
      "ObjectData": {
        "Tag": 154,
        "Children": [
          {
            "ClipAble": false,
            "BackColorAlpha": 102,
            "SingleColor": {
              "R": 150,
              "G": 200
            },
            "FirstColor": {
              "R": 150,
              "G": 200
            },
            "EndColor": {},
            "ColorVector": {
              "ScaleY": 1.0
            },
            "Scale9Width": 1,
            "Scale9Height": 1,
            "TouchEnable": true,
            "AnchorPoint": {
              "ScaleX": 0.5,
              "ScaleY": 0.5
            },
            "Position": {
              "X": 360.0,
              "Y": 640.0
            },
            "Scale": {
              "ScaleX": 1.0,
              "ScaleY": 1.0
            },
            "CColor": {},
            "IconVisible": false,
            "PrePosition": {
              "X": 0.5,
              "Y": 0.5
            },
            "PreSize": {
              "X": 1.0,
              "Y": 1.0
            },
            "Tag": 174,
            "Children": [
              {
                "FileData": {
                  "Type": "MarkedSubImage",
                  "Path": "gameasset/popups_bg.png",
                  "Plist": "gameplist.plist"
                },
                "Scale9Enable": true,
                "Scale9OriginX": 93,
                "Scale9OriginY": 89,
                "Scale9Width": 18,
                "Scale9Height": 20,
                "AnchorPoint": {
                  "ScaleX": 0.5,
                  "ScaleY": 0.5
                },
                "Position": {
                  "X": 366.6967,
                  "Y": 697.88
                },
                "Scale": {
                  "ScaleX": 1.0,
                  "ScaleY": 1.0
                },
                "CColor": {},
                "IconVisible": false,
                "PrePosition": {
                  "X": 0.5093,
                  "Y": 0.5452
                },
                "PreSize": {
                  "X": 0.9208,
                  "Y": 0.4102
                },
                "LeftMargin": 35.1967,
                "RightMargin": 21.8033,
                "TopMargin": 319.62,
                "BottomMargin": 435.38,
                "Tag": 175,
                "ActionTag": 834563430,
                "Size": {
                  "X": 663.0,
                  "Y": 525.0
                },
                "Name": "bg",
                "ctype": "ImageViewObjectData"
              },
              {
                "ClipAble": false,
                "BackColorAlpha": 102,
                "SingleColor": {
                  "R": 150,
                  "G": 200
                },
                "FirstColor": {
                  "R": 150,
                  "G": 200
                },
                "EndColor": {},
                "ColorVector": {
                  "ScaleY": 1.0
                },
                "Scale9Width": 1,
                "Scale9Height": 1,
                "TouchEnable": true,
                "AnchorPoint": {},
                "Position": {
                  "X": 555.0,
                  "Y": 824.0
                },
                "Scale": {
                  "ScaleX": 1.0,
                  "ScaleY": 1.0
                },
                "CColor": {},
                "IconVisible": false,
                "PrePosition": {
                  "X": 0.7708,
                  "Y": 0.6438
                },
                "PreSize": {
                  "X": 0.1139,
                  "Y": 0.0641
                },
                "LeftMargin": 555.0,
                "RightMargin": 83.0,
                "TopMargin": 374.0,
                "BottomMargin": 824.0,
                "Tag": 178,
                "Children": [
                  {
                    "FileData": {
                      "Type": "MarkedSubImage",
                      "Path": "reward/close.png",
                      "Plist": "rewardplist.plist"
                    },
                    "BlendFunc": {
                      "Src": 1,
                      "Dst": 771
                    },
                    "AnchorPoint": {
                      "ScaleX": 0.5,
                      "ScaleY": 0.5
                    },
                    "Position": {
                      "X": 41.0,
                      "Y": 41.0
                    },
                    "Scale": {
                      "ScaleX": 1.0,
                      "ScaleY": 1.0
                    },
                    "CColor": {},
                    "IconVisible": false,
                    "PrePosition": {
                      "X": 0.5,
                      "Y": 0.5
                    },
                    "PreSize": {
                      "X": 0.6341,
                      "Y": 0.6341
                    },
                    "LeftMargin": 15.0,
                    "RightMargin": 15.0,
                    "TopMargin": 15.0,
                    "BottomMargin": 15.0,
                    "Tag": 179,
                    "ActionTag": -406782211,
                    "Size": {
                      "X": 52.0,
                      "Y": 52.0
                    },
                    "Name": "close_6",
                    "ctype": "SpriteObjectData"
                  }
                ],
                "ActionTag": 1356250605,
                "Size": {
                  "X": 82.0,
                  "Y": 82.0
                },
                "Name": "closeBtn",
                "ctype": "PanelObjectData"
              },
              {
                "FileData": {
                  "Type": "MarkedSubImage",
                  "Path": "reward/skipTitlle.png",
                  "Plist": "rewardplist.plist"
                },
                "BlendFunc": {
                  "Src": 1,
                  "Dst": 771
                },
                "AnchorPoint": {
                  "ScaleX": 0.5,
                  "ScaleY": 0.5
                },
                "Position": {
                  "X": 360.0,
                  "Y": 805.0
                },
                "Scale": {
                  "ScaleX": 1.0,
                  "ScaleY": 1.0
                },
                "CColor": {},
                "IconVisible": false,
                "PrePosition": {
                  "X": 0.5,
                  "Y": 0.6289
                },
                "PreSize": {
                  "X": 0.4028,
                  "Y": 0.0281
                },
                "LeftMargin": 215.0,
                "RightMargin": 215.0,
                "TopMargin": 457.0,
                "BottomMargin": 787.0,
                "Tag": 172,
                "ActionTag": -1865479920,
                "Size": {
                  "X": 290.0,
                  "Y": 36.0
                },
                "Name": "skipTitlle_8",
                "ctype": "SpriteObjectData"
              },
              {
                "FileData": {
                  "Type": "MarkedSubImage",
                  "Path": "reward/skipContent.png",
                  "Plist": "rewardplist.plist"
                },
                "BlendFunc": {
                  "Src": 1,
                  "Dst": 771
                },
                "AnchorPoint": {
                  "ScaleX": 0.5,
                  "ScaleY": 0.5
                },
                "Position": {
                  "X": 360.0,
                  "Y": 713.0
                },
                "Scale": {
                  "ScaleX": 1.0,
                  "ScaleY": 1.0
                },
                "CColor": {},
                "IconVisible": false,
                "PrePosition": {
                  "X": 0.5,
                  "Y": 0.557
                },
                "PreSize": {
                  "X": 0.5181,
                  "Y": 0.0484
                },
                "LeftMargin": 173.5,
                "RightMargin": 173.5,
                "TopMargin": 536.0,
                "BottomMargin": 682.0,
                "Tag": 173,
                "ActionTag": 379733677,
                "Size": {
                  "X": 373.0,
                  "Y": 62.0
                },
                "Name": "skipContent_7",
                "ctype": "SpriteObjectData"
              },
              {
                "ClipAble": false,
                "BackColorAlpha": 102,
                "SingleColor": {
                  "R": 150,
                  "G": 200
                },
                "FirstColor": {
                  "R": 150,
                  "G": 200
                },
                "EndColor": {},
                "ColorVector": {
                  "ScaleY": 1.0
                },
                "Scale9Width": 1,
                "Scale9Height": 1,
                "TouchEnable": true,
                "AnchorPoint": {
                  "ScaleX": 0.5,
                  "ScaleY": 0.5
                },
                "Position": {
                  "X": 360.0,
                  "Y": 589.0
                },
                "Scale": {
                  "ScaleX": 1.0,
                  "ScaleY": 1.0
                },
                "CColor": {},
                "IconVisible": false,
                "PrePosition": {
                  "X": 0.5,
                  "Y": 0.4602
                },
                "PreSize": {
                  "X": 0.5556,
                  "Y": 0.0688
                },
                "LeftMargin": 160.0,
                "RightMargin": 160.0,
                "TopMargin": 647.0,
                "BottomMargin": 545.0,
                "Tag": 182,
                "Children": [
                  {
                    "FileData": {
                      "Type": "MarkedSubImage",
                      "Path": "reward/coinbtn.png",
                      "Plist": "rewardplist.plist"
                    },
                    "BlendFunc": {
                      "Src": 1,
                      "Dst": 771
                    },
                    "AnchorPoint": {
                      "ScaleX": 0.5,
                      "ScaleY": 0.5
                    },
                    "Position": {
                      "X": 200.0,
                      "Y": 39.0
                    },
                    "Scale": {
                      "ScaleX": 1.0,
                      "ScaleY": 1.0
                    },
                    "CColor": {},
                    "IconVisible": false,
                    "PrePosition": {
                      "X": 0.5,
                      "Y": 0.4432
                    },
                    "PreSize": {
                      "X": 1.085,
                      "Y": 1.3864
                    },
                    "LeftMargin": -17.0,
                    "RightMargin": -17.0,
                    "TopMargin": -12.0,
                    "BottomMargin": -22.0,
                    "Tag": 183,
                    "ActionTag": -269650801,
                    "Size": {
                      "X": 434.0,
                      "Y": 122.0
                    },
                    "Name": "button",
                    "ctype": "SpriteObjectData"
                  },
                  {
                    "FileData": {
                      "Type": "MarkedSubImage",
                      "Path": "reward/button_grey.png",
                      "Plist": "rewardplist.plist"
                    },
                    "BlendFunc": {
                      "Src": 1,
                      "Dst": 771
                    },
                    "AnchorPoint": {
                      "ScaleX": 0.5,
                      "ScaleY": 0.5
                    },
                    "Position": {
                      "X": 200.0,
                      "Y": 39.0
                    },
                    "Scale": {
                      "ScaleX": 1.0,
                      "ScaleY": 1.0
                    },
                    "CColor": {},
                    "IconVisible": false,
                    "PrePosition": {
                      "X": 0.5,
                      "Y": 0.4432
                    },
                    "PreSize": {
                      "X": 1.085,
                      "Y": 1.3864
                    },
                    "LeftMargin": -17.0,
                    "RightMargin": -17.0,
                    "TopMargin": -12.0,
                    "BottomMargin": -22.0,
                    "Tag": 866,
                    "ActionTag": -758845078,
                    "Size": {
                      "X": 434.0,
                      "Y": 122.0
                    },
                    "Name": "button_gray",
                    "ctype": "SpriteObjectData"
                  }
                ],
                "ActionTag": 274997137,
                "Size": {
                  "X": 400.0,
                  "Y": 88.0
                },
                "Name": "coinBtn",
                "ctype": "PanelObjectData"
              }
            ],
            "ActionTag": 159907791,
            "Size": {
              "X": 720.0,
              "Y": 1280.0
            },
            "Name": "Panel_1",
            "ctype": "PanelObjectData"
          }
        ],
        "Size": {
          "X": 720.0,
          "Y": 1280.0
        },
        "Name": "Scene",
        "ctype": "SingleNodeObjectData"
      },
      "UsedResources": [
        "gameplist.plist",
        "gameplist.png",
        "rewardplist.plist",
        "rewardplist.png"
      ],
      "ctype": "GameFileData"
    }
  },
  "Type": "Scene"
}