{
  "ID": "6fb1954f-0305-446b-952e-b4f1ded4baef",
  "Version": "3.10.0.0",
  "Name": "store",
  "Content": {
    "Content": {
      "Animation": {
        "Duration": 0,
        "Speed": 1.0,
        "Timelines": [],
        "ctype": "TimelineActionData"
      },
      "AnimationList": [],
      "ObjectData": {
        "Tag": 132,
        "Children": [
          {
            "ClipAble": false,
            "BackColorAlpha": 102,
            "SingleColor": {
              "R": 150,
              "G": 200
            },
            "FirstColor": {
              "R": 150,
              "G": 200
            },
            "EndColor": {},
            "ColorVector": {
              "ScaleY": 1.0
            },
            "Scale9Width": 1,
            "Scale9Height": 1,
            "TouchEnable": true,
            "AnchorPoint": {
              "ScaleX": 0.5,
              "ScaleY": 0.5
            },
            "Position": {
              "X": 360.0,
              "Y": 640.0
            },
            "Scale": {
              "ScaleX": 1.0,
              "ScaleY": 1.0
            },
            "CColor": {},
            "IconVisible": false,
            "PrePosition": {
              "X": 0.5,
              "Y": 0.5
            },
            "PreSize": {
              "X": 0.9042,
              "Y": 0.5
            },
            "LeftMargin": 34.5,
            "RightMargin": 34.5,
            "TopMargin": 320.0,
            "BottomMargin": 320.0,
            "Tag": 135,
            "Children": [
              {
                "FileData": {
                  "Type": "MarkedSubImage",
                  "Path": "store/popups_bg.png",
                  "Plist": "store.plist"
                },
                "Scale9Enable": true,
                "Scale9OriginX": 41,
                "Scale9OriginY": 44,
                "Scale9Width": 12,
                "Scale9Height": 15,
                "AnchorPoint": {
                  "ScaleX": 0.5,
                  "ScaleY": 0.5
                },
                "Position": {
                  "X": 325.0,
                  "Y": 301.0
                },
                "Scale": {
                  "ScaleX": 1.0,
                  "ScaleY": 1.0
                },
                "CColor": {},
                "IconVisible": false,
                "PrePosition": {
                  "X": 0.4992,
                  "Y": 0.4703
                },
                "PreSize": {
                  "X": 0.8602,
                  "Y": 0.9375
                },
                "LeftMargin": 45.0,
                "RightMargin": 46.0,
                "TopMargin": 39.0,
                "BottomMargin": 1.0,
                "Tag": 136,
                "ActionTag": -1646798072,
                "Size": {
                  "X": 560.0,
                  "Y": 600.0
                },
                "Name": "Image_1",
                "ctype": "ImageViewObjectData"
              },
              {
                "FileData": {
                  "Type": "MarkedSubImage",
                  "Path": "store/title.png",
                  "Plist": "store.plist"
                },
                "BlendFunc": {
                  "Src": 1,
                  "Dst": 771
                },
                "AnchorPoint": {},
                "Position": {
                  "X": 0.0,
                  "Y": 512.0
                },
                "Scale": {
                  "ScaleX": 1.0,
                  "ScaleY": 1.0
                },
                "CColor": {},
                "IconVisible": false,
                "PrePosition": {
                  "X": 0.0,
                  "Y": 0.8
                },
                "PreSize": {
                  "X": 1.0,
                  "Y": 0.1984
                },
                "TopMargin": 1.0,
                "BottomMargin": 512.0,
                "Tag": 133,
                "ActionTag": -913559047,
                "Size": {
                  "X": 651.0,
                  "Y": 127.0
                },
                "Name": "title",
                "ctype": "SpriteObjectData"
              },
              {
                "ClipAble": false,
                "BackColorAlpha": 102,
                "SingleColor": {
                  "R": 150,
                  "G": 200
                },
                "FirstColor": {
                  "R": 150,
                  "G": 200
                },
                "EndColor": {},
                "ColorVector": {
                  "ScaleY": 1.0
                },
                "Scale9Width": 1,
                "Scale9Height": 1,
                "TouchEnable": true,
                "AnchorPoint": {
                  "ScaleX": 0.5,
                  "ScaleY": 0.5
                },
                "Position": {
                  "X": 574.0,
                  "Y": 603.0
                },
                "Scale": {
                  "ScaleX": 1.0,
                  "ScaleY": 1.0
                },
                "CColor": {},
                "IconVisible": false,
                "PrePosition": {
                  "X": 0.8817,
                  "Y": 0.9422
                },
                "PreSize": {
                  "X": 0.1167,
                  "Y": 0.1187
                },
                "LeftMargin": 536.0,
                "RightMargin": 39.0,
                "TopMargin": -1.0,
                "BottomMargin": 565.0,
                "Tag": 56,
                "Children": [
                  {
                    "FileData": {
                      "Type": "MarkedSubImage",
                      "Path": "store/close.png",
                      "Plist": "store.plist"
                    },
                    "BlendFunc": {
                      "Src": 1,
                      "Dst": 771
                    },
                    "AnchorPoint": {
                      "ScaleX": 0.5,
                      "ScaleY": 0.5
                    },
                    "Position": {
                      "X": 38.0,
                      "Y": 38.0
                    },
                    "Scale": {
                      "ScaleX": 1.0,
                      "ScaleY": 1.0
                    },
                    "CColor": {},
                    "IconVisible": false,
                    "PrePosition": {
                      "X": 0.5,
                      "Y": 0.5
                    },
                    "PreSize": {
                      "X": 0.6842,
                      "Y": 0.6842
                    },
                    "LeftMargin": 12.0,
                    "RightMargin": 12.0,
                    "TopMargin": 12.0,
                    "BottomMargin": 12.0,
                    "Tag": 57,
                    "ActionTag": -1038540972,
                    "Size": {
                      "X": 52.0,
                      "Y": 52.0
                    },
                    "Name": "close_1",
                    "ctype": "SpriteObjectData"
                  }
                ],
                "ActionTag": 403157769,
                "Size": {
                  "X": 76.0,
                  "Y": 76.0
                },
                "Name": "close",
                "ctype": "PanelObjectData"
              },
              {
                "ClipAble": false,
                "BackColorAlpha": 102,
                "SingleColor": {
                  "R": 150,
                  "G": 200
                },
                "FirstColor": {
                  "R": 150,
                  "G": 200
                },
                "EndColor": {},
                "ColorVector": {
                  "ScaleY": 1.0
                },
                "Scale9Width": 1,
                "Scale9Height": 1,
                "TouchEnable": true,
                "AnchorPoint": {
                  "ScaleX": 0.5
                },
                "Position": {
                  "X": 327.01,
                  "Y": 404.0
                },
                "Scale": {
                  "ScaleX": 1.0,
                  "ScaleY": 1.0
                },
                "CColor": {},
                "IconVisible": false,
                "PrePosition": {
                  "X": 0.5023,
                  "Y": 0.6313
                },
                "PreSize": {
                  "X": 0.7619,
                  "Y": 0.15
                },
                "LeftMargin": 79.01,
                "RightMargin": 75.99,
                "TopMargin": 140.0,
                "BottomMargin": 404.0,
                "Tag": 21,
                "Children": [
                  {
                    "FileData": {
                      "Type": "MarkedSubImage",
                      "Path": "store/text_bg.png",
                      "Plist": "store.plist"
                    },
                    "Scale9Enable": true,
                    "Scale9OriginX": 19,
                    "Scale9OriginY": 19,
                    "Scale9Width": 22,
                    "Scale9Height": 22,
                    "AnchorPoint": {
                      "ScaleX": 0.5,
                      "ScaleY": 0.5
                    },
                    "Position": {
                      "X": 248.0,
                      "Y": 48.0
                    },
                    "Scale": {
                      "ScaleX": 1.0,
                      "ScaleY": 1.0
                    },
                    "CColor": {},
                    "IconVisible": false,
                    "PrePosition": {
                      "X": 0.5,
                      "Y": 0.5
                    },
                    "PreSize": {
                      "X": 1.0,
                      "Y": 1.0
                    },
                    "Tag": 22,
                    "ActionTag": 584623366,
                    "Size": {
                      "X": 496.0,
                      "Y": 96.0
                    },
                    "Name": "itemBg",
                    "ctype": "ImageViewObjectData"
                  },
                  {
                    "FileData": {
                      "Type": "MarkedSubImage",
                      "Path": "store/coin50.png",
                      "Plist": "store.plist"
                    },
                    "BlendFunc": {
                      "Src": 1,
                      "Dst": 771
                    },
                    "AnchorPoint": {},
                    "Position": {
                      "X": 40.0,
                      "Y": 22.0
                    },
                    "Scale": {
                      "ScaleX": 1.0,
                      "ScaleY": 1.0
                    },
                    "CColor": {},
                    "IconVisible": false,
                    "PrePosition": {
                      "X": 0.0806,
                      "Y": 0.2292
                    },
                    "PreSize": {
                      "X": 0.1573,
                      "Y": 0.5417
                    },
                    "LeftMargin": 40.0,
                    "RightMargin": 378.0,
                    "TopMargin": 22.0,
                    "BottomMargin": 22.0,
                    "Tag": 23,
                    "ActionTag": 1522451039,
                    "Size": {
                      "X": 78.0,
                      "Y": 52.0
                    },
                    "Name": "coin50_1",
                    "ctype": "SpriteObjectData"
                  },
                  {
                    "FileData": {
                      "Type": "MarkedSubImage",
                      "Path": "store/add50.png",
                      "Plist": "store.plist"
                    },
                    "BlendFunc": {
                      "Src": 1,
                      "Dst": 771
                    },
                    "AnchorPoint": {},
                    "Position": {
                      "X": 149.0,
                      "Y": 38.0
                    },
                    "Scale": {
                      "ScaleX": 1.0,
                      "ScaleY": 1.0
                    },
                    "CColor": {},
                    "IconVisible": false,
                    "PrePosition": {
                      "X": 0.3004,
                      "Y": 0.3958
                    },
                    "PreSize": {
                      "X": 0.121,
                      "Y": 0.2604
                    },
                    "LeftMargin": 149.0,
                    "RightMargin": 287.0,
                    "TopMargin": 33.0,
                    "BottomMargin": 38.0,
                    "Tag": 24,
                    "ActionTag": 1144863302,
                    "Size": {
                      "X": 60.0,
                      "Y": 25.0
                    },
                    "Name": "add50_2",
                    "ctype": "SpriteObjectData"
                  },
                  {
                    "FileData": {
                      "Type": "MarkedSubImage",
                      "Path": "store/free.png",
                      "Plist": "store.plist"
                    },
                    "BlendFunc": {
                      "Src": 1,
                      "Dst": 771
                    },
                    "AnchorPoint": {
                      "ScaleX": 0.5,
                      "ScaleY": 0.5
                    },
                    "Position": {
                      "X": 380.0,
                      "Y": 45.0
                    },
                    "Scale": {
                      "ScaleX": 1.0,
                      "ScaleY": 1.0
                    },
                    "CColor": {},
                    "IconVisible": false,
                    "PrePosition": {
                      "X": 0.7661,
                      "Y": 0.4688
                    },
                    "PreSize": {
                      "X": 0.3871,
                      "Y": 0.9792
                    },
                    "LeftMargin": 284.0,
                    "RightMargin": 20.0,
                    "TopMargin": 4.0,
                    "BottomMargin": -2.0,
                    "Tag": 25,
                    "ActionTag": -1476684474,
                    "Size": {
                      "X": 192.0,
                      "Y": 94.0
                    },
                    "Name": "free_3",
                    "ctype": "SpriteObjectData"
                  },
                  {
                    "ClipAble": false,
                    "BackColorAlpha": 102,
                    "SingleColor": {
                      "R": 150,
                      "G": 200
                    },
                    "FirstColor": {
                      "R": 150,
                      "G": 200
                    },
                    "EndColor": {},
                    "ColorVector": {
                      "ScaleY": 1.0
                    },
                    "TouchEnable": true,
                    "AnchorPoint": {},
                    "Position": {
                      "X": 284.0,
                      "Y": -2.0
                    },
                    "Scale": {
                      "ScaleX": 1.0,
                      "ScaleY": 1.0
                    },
                    "CColor": {},
                    "IconVisible": false,
                    "PrePosition": {
                      "X": 0.5726,
                      "Y": -0.0208
                    },
                    "PreSize": {
                      "X": 0.3871,
                      "Y": 0.9792
                    },
                    "LeftMargin": 284.0,
                    "RightMargin": 20.0,
                    "TopMargin": 4.0,
                    "BottomMargin": -2.0,
                    "Tag": 113,
                    "Children": [
                      {
                        "FileData": {
                          "Type": "MarkedSubImage",
                          "Path": "store/buttongrey.png",
                          "Plist": "store.plist"
                        },
                        "BlendFunc": {
                          "Src": 1,
                          "Dst": 771
                        },
                        "AnchorPoint": {},
                        "Position": {
                          "X": 0.0,
                          "Y": 0.0
                        },
                        "Scale": {
                          "ScaleX": 1.0,
                          "ScaleY": 1.0
                        },
                        "CColor": {},
                        "IconVisible": false,
                        "PrePosition": {
                          "X": 0.0,
                          "Y": 0.0
                        },
                        "PreSize": {
                          "X": 1.0,
                          "Y": 1.0
                        },
                        "Tag": 111,
                        "ActionTag": 351973593,
                        "Size": {
                          "X": 192.0,
                          "Y": 94.0
                        },
                        "Name": "buttongrey",
                        "ctype": "SpriteObjectData"
                      },
                      {
                        "LabelText": "02h 34m",
                        "LabelBMFontFile_CNB": {
                          "Type": "Normal",
                          "Path": "font/inter-semi-32.fnt",
                          "Plist": ""
                        },
                        "AnchorPoint": {
                          "ScaleX": 0.5,
                          "ScaleY": 0.5
                        },
                        "Position": {
                          "X": 96.0,
                          "Y": 53.0
                        },
                        "Scale": {
                          "ScaleX": 0.875,
                          "ScaleY": 0.875
                        },
                        "CColor": {
                          "R": 236,
                          "G": 235,
                          "B": 219
                        },
                        "IconVisible": false,
                        "PrePosition": {
                          "X": 0.5,
                          "Y": 0.5638
                        },
                        "PreSize": {
                          "X": 0.724,
                          "Y": 0.4149
                        },
                        "LeftMargin": 26.5,
                        "RightMargin": 26.5,
                        "TopMargin": 21.5,
                        "BottomMargin": 33.5,
                        "Tag": 112,
                        "ActionTag": -2097606945,
                        "Size": {
                          "X": 139.0,
                          "Y": 39.0
                        },
                        "Name": "BitmapFontLabel_2",
                        "ctype": "TextBMFontObjectData"
                      }
                    ],
                    "ActionTag": -2025835294,
                    "Size": {
                      "X": 192.0,
                      "Y": 94.0
                    },
                    "Name": "timePanel",
                    "ctype": "PanelObjectData"
                  }
                ],
                "ActionTag": 19846589,
                "Size": {
                  "X": 496.0,
                  "Y": 96.0
                },
                "Name": "item_1",
                "ctype": "PanelObjectData"
              },
              {
                "ClipAble": false,
                "BackColorAlpha": 102,
                "SingleColor": {
                  "R": 150,
                  "G": 200
                },
                "FirstColor": {
                  "R": 150,
                  "G": 200
                },
                "EndColor": {},
                "ColorVector": {
                  "ScaleY": 1.0
                },
                "Scale9Width": 1,
                "Scale9Height": 1,
                "TouchEnable": true,
                "AnchorPoint": {
                  "ScaleX": 0.5
                },
                "Position": {
                  "X": 325.0,
                  "Y": 280.0
                },
                "Scale": {
                  "ScaleX": 1.0,
                  "ScaleY": 1.0
                },
                "CColor": {},
                "IconVisible": false,
                "PrePosition": {
                  "X": 0.4992,
                  "Y": 0.4375
                },
                "PreSize": {
                  "X": 0.7619,
                  "Y": 0.15
                },
                "LeftMargin": 77.0,
                "RightMargin": 78.0,
                "TopMargin": 264.0,
                "BottomMargin": 280.0,
                "Tag": 26,
                "Children": [
                  {
                    "FileData": {
                      "Type": "MarkedSubImage",
                      "Path": "store/text_bg.png",
                      "Plist": "store.plist"
                    },
                    "Scale9Enable": true,
                    "Scale9OriginX": 19,
                    "Scale9OriginY": 19,
                    "Scale9Width": 22,
                    "Scale9Height": 22,
                    "AnchorPoint": {
                      "ScaleX": 0.5,
                      "ScaleY": 0.5
                    },
                    "Position": {
                      "X": 248.0,
                      "Y": 48.0
                    },
                    "Scale": {
                      "ScaleX": 1.0,
                      "ScaleY": 1.0
                    },
                    "CColor": {},
                    "IconVisible": false,
                    "PrePosition": {
                      "X": 0.5,
                      "Y": 0.5
                    },
                    "PreSize": {
                      "X": 1.0,
                      "Y": 1.0
                    },
                    "Tag": 27,
                    "ActionTag": -1823573579,
                    "Size": {
                      "X": 496.0,
                      "Y": 96.0
                    },
                    "Name": "itemBg",
                    "ctype": "ImageViewObjectData"
                  },
                  {
                    "FileData": {
                      "Type": "MarkedSubImage",
                      "Path": "store/coin500.png",
                      "Plist": "store.plist"
                    },
                    "BlendFunc": {
                      "Src": 1,
                      "Dst": 771
                    },
                    "AnchorPoint": {},
                    "Position": {
                      "X": 31.0,
                      "Y": 9.0
                    },
                    "Scale": {
                      "ScaleX": 1.0,
                      "ScaleY": 1.0
                    },
                    "CColor": {},
                    "IconVisible": false,
                    "PrePosition": {
                      "X": 0.0625,
                      "Y": 0.0938
                    },
                    "PreSize": {
                      "X": 0.1835,
                      "Y": 0.75
                    },
                    "LeftMargin": 31.0,
                    "RightMargin": 374.0,
                    "TopMargin": 15.0,
                    "BottomMargin": 9.0,
                    "Tag": 28,
                    "ActionTag": 513897209,
                    "Size": {
                      "X": 91.0,
                      "Y": 72.0
                    },
                    "Name": "coin50_1",
                    "ctype": "SpriteObjectData"
                  },
                  {
                    "FileData": {
                      "Type": "MarkedSubImage",
                      "Path": "store/add500.png",
                      "Plist": "store.plist"
                    },
                    "BlendFunc": {
                      "Src": 1,
                      "Dst": 771
                    },
                    "AnchorPoint": {},
                    "Position": {
                      "X": 149.0,
                      "Y": 38.0
                    },
                    "Scale": {
                      "ScaleX": 1.0,
                      "ScaleY": 1.0
                    },
                    "CColor": {},
                    "IconVisible": false,
                    "PrePosition": {
                      "X": 0.3004,
                      "Y": 0.3958
                    },
                    "PreSize": {
                      "X": 0.121,
                      "Y": 0.2604
                    },
                    "LeftMargin": 149.0,
                    "RightMargin": 287.0,
                    "TopMargin": 33.0,
                    "BottomMargin": 38.0,
                    "Tag": 29,
                    "ActionTag": -1693646444,
                    "Size": {
                      "X": 81.0,
                      "Y": 25.0
                    },
                    "Name": "add50_2",
                    "ctype": "SpriteObjectData"
                  },
                  {
                    "ClipAble": false,
                    "BackColorAlpha": 102,
                    "SingleColor": {
                      "R": 150,
                      "G": 200
                    },
                    "FirstColor": {
                      "R": 150,
                      "G": 200
                    },
                    "EndColor": {},
                    "ColorVector": {
                      "ScaleY": 1.0
                    },
                    "Scale9Width": 1,
                    "Scale9Height": 1,
                    "TouchEnable": true,
                    "AnchorPoint": {
                      "ScaleY": 0.5
                    },
                    "Position": {
                      "X": 286.0,
                      "Y": 45.0
                    },
                    "Scale": {
                      "ScaleX": 1.0,
                      "ScaleY": 1.0
                    },
                    "CColor": {},
                    "IconVisible": false,
                    "PrePosition": {
                      "X": 0.5766,
                      "Y": 0.4688
                    },
                    "PreSize": {
                      "X": 0.3871,
                      "Y": 0.9792
                    },
                    "LeftMargin": 286.0,
                    "RightMargin": 18.0,
                    "TopMargin": 4.0,
                    "BottomMargin": -2.0,
                    "Tag": 43,
                    "Children": [
                      {
                        "FileData": {
                          "Type": "MarkedSubImage",
                          "Path": "store/ad.png",
                          "Plist": "store.plist"
                        },
                        "BlendFunc": {
                          "Src": 1,
                          "Dst": 771
                        },
                        "AnchorPoint": {},
                        "Position": {
                          "X": 0.0,
                          "Y": 0.0
                        },
                        "Scale": {
                          "ScaleX": 1.0,
                          "ScaleY": 1.0
                        },
                        "CColor": {},
                        "IconVisible": false,
                        "PrePosition": {
                          "X": 0.0,
                          "Y": 0.0
                        },
                        "PreSize": {
                          "X": 1.0,
                          "Y": 1.0
                        },
                        "Tag": 30,
                        "ActionTag": 148616999,
                        "Size": {
                          "X": 192.0,
                          "Y": 94.0
                        },
                        "Name": "free_3",
                        "ctype": "SpriteObjectData"
                      },
                      {
                        "FileData": {
                          "Type": "MarkedSubImage",
                          "Path": "store/circle.png",
                          "Plist": "store.plist"
                        },
                        "BlendFunc": {
                          "Src": 1,
                          "Dst": 771
                        },
                        "AnchorPoint": {
                          "ScaleX": 0.5,
                          "ScaleY": 0.5
                        },
                        "Position": {
                          "X": 167.0,
                          "Y": 70.0
                        },
                        "Scale": {
                          "ScaleX": 1.0,
                          "ScaleY": 1.0
                        },
                        "CColor": {},
                        "IconVisible": false,
                        "PrePosition": {
                          "X": 0.8698,
                          "Y": 0.7447
                        },
                        "PreSize": {
                          "X": 0.1667,
                          "Y": 0.3404
                        },
                        "LeftMargin": 151.0,
                        "RightMargin": 9.0,
                        "TopMargin": 8.0,
                        "BottomMargin": 54.0,
                        "Tag": 41,
                        "ActionTag": -1678755137,
                        "Size": {
                          "X": 32.0,
                          "Y": 32.0
                        },
                        "Name": "circlebg",
                        "ctype": "SpriteObjectData"
                      },
                      {
                        "LabelText": "5",
                        "LabelBMFontFile_CNB": {
                          "Type": "Normal",
                          "Path": "font/inter-semi-32.fnt",
                          "Plist": ""
                        },
                        "AnchorPoint": {
                          "ScaleX": 0.5,
                          "ScaleY": 0.5
                        },
                        "Position": {
                          "X": 166.0,
                          "Y": 70.0
                        },
                        "Scale": {
                          "ScaleX": 0.75,
                          "ScaleY": 0.75
                        },
                        "CColor": {},
                        "IconVisible": false,
                        "PrePosition": {
                          "X": 0.8646,
                          "Y": 0.7447
                        },
                        "PreSize": {
                          "X": 0.1042,
                          "Y": 0.4149
                        },
                        "LeftMargin": 156.0,
                        "RightMargin": 16.0,
                        "TopMargin": 4.5,
                        "BottomMargin": 50.5,
                        "Tag": 42,
                        "ActionTag": -2088314856,
                        "Size": {
                          "X": 20.0,
                          "Y": 39.0
                        },
                        "Name": "adnum",
                        "ctype": "TextBMFontObjectData"
                      }
                    ],
                    "ActionTag": -2103966428,
                    "Size": {
                      "X": 192.0,
                      "Y": 94.0
                    },
                    "Name": "Panel_5",
                    "ctype": "PanelObjectData"
                  }
                ],
                "ActionTag": 284877380,
                "Size": {
                  "X": 496.0,
                  "Y": 96.0
                },
                "Name": "item_2",
                "ctype": "PanelObjectData"
              },
              {
                "ClipAble": false,
                "BackColorAlpha": 102,
                "SingleColor": {
                  "R": 150,
                  "G": 200
                },
                "FirstColor": {
                  "R": 150,
                  "G": 200
                },
                "EndColor": {},
                "ColorVector": {
                  "ScaleY": 1.0
                },
                "Scale9Width": 1,
                "Scale9Height": 1,
                "TouchEnable": true,
                "AnchorPoint": {
                  "ScaleX": 0.5
                },
                "Position": {
                  "X": 325.0,
                  "Y": 156.0
                },
                "Scale": {
                  "ScaleX": 1.0,
                  "ScaleY": 1.0
                },
                "CColor": {},
                "IconVisible": false,
                "PrePosition": {
                  "X": 0.4992,
                  "Y": 0.2438
                },
                "PreSize": {
                  "X": 0.7619,
                  "Y": 0.15
                },
                "LeftMargin": 77.0,
                "RightMargin": 78.0,
                "TopMargin": 388.0,
                "BottomMargin": 156.0,
                "Tag": 31,
                "Children": [
                  {
                    "FileData": {
                      "Type": "MarkedSubImage",
                      "Path": "store/text_bg.png",
                      "Plist": "store.plist"
                    },
                    "Scale9Enable": true,
                    "Scale9OriginX": 19,
                    "Scale9OriginY": 19,
                    "Scale9Width": 22,
                    "Scale9Height": 22,
                    "AnchorPoint": {
                      "ScaleX": 0.5,
                      "ScaleY": 0.5
                    },
                    "Position": {
                      "X": 248.0,
                      "Y": 48.0
                    },
                    "Scale": {
                      "ScaleX": 1.0,
                      "ScaleY": 1.0
                    },
                    "CColor": {},
                    "IconVisible": false,
                    "PrePosition": {
                      "X": 0.5,
                      "Y": 0.5
                    },
                    "PreSize": {
                      "X": 1.0,
                      "Y": 1.0
                    },
                    "Tag": 32,
                    "ActionTag": -386532414,
                    "Size": {
                      "X": 496.0,
                      "Y": 96.0
                    },
                    "Name": "itemBg",
                    "ctype": "ImageViewObjectData"
                  },
                  {
                    "FileData": {
                      "Type": "MarkedSubImage",
                      "Path": "store/skip.png",
                      "Plist": "store.plist"
                    },
                    "BlendFunc": {
                      "Src": 1,
                      "Dst": 771
                    },
                    "AnchorPoint": {},
                    "Position": {
                      "X": 54.0,
                      "Y": 21.0
                    },
                    "Scale": {
                      "ScaleX": 1.0,
                      "ScaleY": 1.0
                    },
                    "CColor": {},
                    "IconVisible": false,
                    "PrePosition": {
                      "X": 0.1089,
                      "Y": 0.2188
                    },
                    "PreSize": {
                      "X": 0.1109,
                      "Y": 0.5417
                    },
                    "LeftMargin": 54.0,
                    "RightMargin": 387.0,
                    "TopMargin": 23.0,
                    "BottomMargin": 21.0,
                    "Tag": 33,
                    "ActionTag": -1274855937,
                    "Size": {
                      "X": 55.0,
                      "Y": 52.0
                    },
                    "Name": "coin50_1",
                    "ctype": "SpriteObjectData"
                  },
                  {
                    "FileData": {
                      "Type": "MarkedSubImage",
                      "Path": "store/add1.png",
                      "Plist": "store.plist"
                    },
                    "BlendFunc": {
                      "Src": 1,
                      "Dst": 771
                    },
                    "AnchorPoint": {},
                    "Position": {
                      "X": 149.0,
                      "Y": 38.0
                    },
                    "Scale": {
                      "ScaleX": 1.0,
                      "ScaleY": 1.0
                    },
                    "CColor": {},
                    "IconVisible": false,
                    "PrePosition": {
                      "X": 0.3004,
                      "Y": 0.3958
                    },
                    "PreSize": {
                      "X": 0.0625,
                      "Y": 0.25
                    },
                    "LeftMargin": 149.0,
                    "RightMargin": 316.0,
                    "TopMargin": 34.0,
                    "BottomMargin": 38.0,
                    "Tag": 34,
                    "ActionTag": 606709077,
                    "Size": {
                      "X": 31.0,
                      "Y": 24.0
                    },
                    "Name": "add50_2",
                    "ctype": "SpriteObjectData"
                  },
                  {
                    "FileData": {
                      "Type": "MarkedSubImage",
                      "Path": "store/coinBtn.png",
                      "Plist": "store.plist"
                    },
                    "BlendFunc": {
                      "Src": 1,
                      "Dst": 771
                    },
                    "AnchorPoint": {
                      "ScaleX": 0.5,
                      "ScaleY": 0.5
                    },
                    "Position": {
                      "X": 382.0,
                      "Y": 46.0
                    },
                    "Scale": {
                      "ScaleX": 1.0,
                      "ScaleY": 1.0
                    },
                    "CColor": {},
                    "IconVisible": false,
                    "PrePosition": {
                      "X": 0.7702,
                      "Y": 0.4792
                    },
                    "PreSize": {
                      "X": 0.3871,
                      "Y": 0.9792
                    },
                    "LeftMargin": 286.0,
                    "RightMargin": 18.0,
                    "TopMargin": 3.0,
                    "BottomMargin": -1.0,
                    "Tag": 35,
                    "ActionTag": 1568724566,
                    "Size": {
                      "X": 192.0,
                      "Y": 94.0
                    },
                    "Name": "free_3",
                    "ctype": "SpriteObjectData"
                  },
                  {
                    "ClipAble": false,
                    "BackColorAlpha": 102,
                    "SingleColor": {
                      "R": 150,
                      "G": 200
                    },
                    "FirstColor": {
                      "R": 150,
                      "G": 200
                    },
                    "EndColor": {},
                    "ColorVector": {
                      "ScaleY": 1.0
                    },
                    "Scale9Width": 1,
                    "Scale9Height": 1,
                    "TouchEnable": true,
                    "AnchorPoint": {},
                    "Position": {
                      "X": 287.0,
                      "Y": -2.0
                    },
                    "Scale": {
                      "ScaleX": 1.0,
                      "ScaleY": 1.0
                    },
                    "CColor": {},
                    "IconVisible": false,
                    "PrePosition": {
                      "X": 0.5786,
                      "Y": -0.0208
                    },
                    "PreSize": {
                      "X": 0.3871,
                      "Y": 0.9792
                    },
                    "LeftMargin": 287.0,
                    "RightMargin": 17.0,
                    "TopMargin": 4.0,
                    "BottomMargin": -2.0,
                    "Tag": 115,
                    "Children": [
                      {
                        "FileData": {
                          "Type": "MarkedSubImage",
                          "Path": "store/buttongrey.png",
                          "Plist": "store.plist"
                        },
                        "BlendFunc": {
                          "Src": 1,
                          "Dst": 771
                        },
                        "AnchorPoint": {
                          "ScaleX": 0.5,
                          "ScaleY": 0.5
                        },
                        "Position": {
                          "X": 96.0,
                          "Y": 47.0
                        },
                        "Scale": {
                          "ScaleX": 1.0,
                          "ScaleY": 1.0
                        },
                        "CColor": {},
                        "IconVisible": false,
                        "PrePosition": {
                          "X": 0.5,
                          "Y": 0.5
                        },
                        "PreSize": {
                          "X": 1.0,
                          "Y": 1.0
                        },
                        "Tag": 116,
                        "ActionTag": 1878783567,
                        "Size": {
                          "X": 192.0,
                          "Y": 94.0
                        },
                        "Name": "buttongrey",
                        "ctype": "SpriteObjectData"
                      },
                      {
                        "FileData": {
                          "Type": "MarkedSubImage",
                          "Path": "store/coin.png",
                          "Plist": "store.plist"
                        },
                        "BlendFunc": {
                          "Src": 1,
                          "Dst": 771
                        },
                        "AnchorPoint": {
                          "ScaleX": 0.5,
                          "ScaleY": 0.5
                        },
                        "Position": {
                          "X": 95.0,
                          "Y": 49.0
                        },
                        "Scale": {
                          "ScaleX": 1.0,
                          "ScaleY": 1.0
                        },
                        "CColor": {},
                        "IconVisible": false,
                        "PrePosition": {
                          "X": 0.4948,
                          "Y": 0.5213
                        },
                        "PreSize": {
                          "X": 0.6354,
                          "Y": 0.4894
                        },
                        "LeftMargin": 34.0,
                        "RightMargin": 36.0,
                        "TopMargin": 22.0,
                        "BottomMargin": 26.0,
                        "Tag": 118,
                        "ActionTag": 1975366627,
                        "Size": {
                          "X": 122.0,
                          "Y": 46.0
                        },
                        "Name": "coin_10",
                        "ctype": "SpriteObjectData"
                      }
                    ],
                    "ActionTag": 1292766213,
                    "Size": {
                      "X": 192.0,
                      "Y": 94.0
                    },
                    "Name": "huiPanel",
                    "ctype": "PanelObjectData"
                  }
                ],
                "ActionTag": -1214165398,
                "Size": {
                  "X": 496.0,
                  "Y": 96.0
                },
                "Name": "item_3",
                "ctype": "PanelObjectData"
              },
              {
                "ClipAble": false,
                "BackColorAlpha": 102,
                "SingleColor": {
                  "R": 150,
                  "G": 200
                },
                "FirstColor": {
                  "R": 150,
                  "G": 200
                },
                "EndColor": {},
                "ColorVector": {
                  "ScaleY": 1.0
                },
                "Scale9Width": 1,
                "Scale9Height": 1,
                "TouchEnable": true,
                "AnchorPoint": {
                  "ScaleX": 0.5
                },
                "Position": {
                  "X": 325.0,
                  "Y": 32.0
                },
                "Scale": {
                  "ScaleX": 1.0,
                  "ScaleY": 1.0
                },
                "CColor": {},
                "IconVisible": false,
                "PrePosition": {
                  "X": 0.4992,
                  "Y": 0.05
                },
                "PreSize": {
                  "X": 0.7619,
                  "Y": 0.15
                },
                "LeftMargin": 77.0,
                "RightMargin": 78.0,
                "TopMargin": 512.0,
                "BottomMargin": 32.0,
                "Tag": 36,
                "Children": [
                  {
                    "FileData": {
                      "Type": "MarkedSubImage",
                      "Path": "store/text_bg.png",
                      "Plist": "store.plist"
                    },
                    "Scale9Enable": true,
                    "Scale9OriginX": 19,
                    "Scale9OriginY": 19,
                    "Scale9Width": 22,
                    "Scale9Height": 22,
                    "AnchorPoint": {
                      "ScaleX": 0.5,
                      "ScaleY": 0.5
                    },
                    "Position": {
                      "X": 248.0,
                      "Y": 48.0
                    },
                    "Scale": {
                      "ScaleX": 1.0,
                      "ScaleY": 1.0
                    },
                    "CColor": {},
                    "IconVisible": false,
                    "PrePosition": {
                      "X": 0.5,
                      "Y": 0.5
                    },
                    "PreSize": {
                      "X": 1.0,
                      "Y": 1.0
                    },
                    "Tag": 37,
                    "ActionTag": 356483139,
                    "Size": {
                      "X": 496.0,
                      "Y": 96.0
                    },
                    "Name": "itemBg",
                    "ctype": "ImageViewObjectData"
                  },
                  {
                    "FileData": {
                      "Type": "MarkedSubImage",
                      "Path": "store/hint.png",
                      "Plist": "store.plist"
                    },
                    "BlendFunc": {
                      "Src": 1,
                      "Dst": 771
                    },
                    "AnchorPoint": {},
                    "Position": {
                      "X": 51.0,
                      "Y": 9.0
                    },
                    "Scale": {
                      "ScaleX": 1.0,
                      "ScaleY": 1.0
                    },
                    "CColor": {},
                    "IconVisible": false,
                    "PrePosition": {
                      "X": 0.1028,
                      "Y": 0.0938
                    },
                    "PreSize": {
                      "X": 0.1028,
                      "Y": 0.7396
                    },
                    "LeftMargin": 51.0,
                    "RightMargin": 394.0,
                    "TopMargin": 16.0,
                    "BottomMargin": 9.0,
                    "Tag": 38,
                    "ActionTag": 1531896085,
                    "Size": {
                      "X": 51.0,
                      "Y": 71.0
                    },
                    "Name": "coin50_1",
                    "ctype": "SpriteObjectData"
                  },
                  {
                    "FileData": {
                      "Type": "MarkedSubImage",
                      "Path": "store/add1.png",
                      "Plist": "store.plist"
                    },
                    "BlendFunc": {
                      "Src": 1,
                      "Dst": 771
                    },
                    "AnchorPoint": {},
                    "Position": {
                      "X": 149.0,
                      "Y": 38.0
                    },
                    "Scale": {
                      "ScaleX": 1.0,
                      "ScaleY": 1.0
                    },
                    "CColor": {},
                    "IconVisible": false,
                    "PrePosition": {
                      "X": 0.3004,
                      "Y": 0.3958
                    },
                    "PreSize": {
                      "X": 0.0625,
                      "Y": 0.25
                    },
                    "LeftMargin": 149.0,
                    "RightMargin": 316.0,
                    "TopMargin": 34.0,
                    "BottomMargin": 38.0,
                    "Tag": 39,
                    "ActionTag": -728196006,
                    "Size": {
                      "X": 31.0,
                      "Y": 24.0
                    },
                    "Name": "add50_2",
                    "ctype": "SpriteObjectData"
                  },
                  {
                    "FileData": {
                      "Type": "MarkedSubImage",
                      "Path": "store/ad.png",
                      "Plist": "store.plist"
                    },
                    "BlendFunc": {
                      "Src": 1,
                      "Dst": 771
                    },
                    "AnchorPoint": {
                      "ScaleX": 0.5,
                      "ScaleY": 0.5
                    },
                    "Position": {
                      "X": 382.0,
                      "Y": 45.0
                    },
                    "Scale": {
                      "ScaleX": 1.0,
                      "ScaleY": 1.0
                    },
                    "CColor": {},
                    "IconVisible": false,
                    "PrePosition": {
                      "X": 0.7702,
                      "Y": 0.4688
                    },
                    "PreSize": {
                      "X": 0.3871,
                      "Y": 0.9792
                    },
                    "LeftMargin": 286.0,
                    "RightMargin": 18.0,
                    "TopMargin": 4.0,
                    "BottomMargin": -2.0,
                    "Tag": 40,
                    "ActionTag": 755406000,
                    "Size": {
                      "X": 192.0,
                      "Y": 94.0
                    },
                    "Name": "free_3",
                    "ctype": "SpriteObjectData"
                  }
                ],
                "ActionTag": 405585546,
                "Size": {
                  "X": 496.0,
                  "Y": 96.0
                },
                "Name": "item_4",
                "ctype": "PanelObjectData"
              }
            ],
            "ActionTag": 88175449,
            "Size": {
              "X": 651.0,
              "Y": 640.0
            },
            "Name": "store",
            "ctype": "PanelObjectData"
          }
        ],
        "Size": {
          "X": 720.0,
          "Y": 1280.0
        },
        "Name": "Scene",
        "ctype": "SingleNodeObjectData"
      },
      "UsedResources": [
        "font/inter-semi-32.fnt",
        "font/inter-semi-32.png",
        "store.plist",
        "store.png"
      ],
      "ctype": "GameFileData"
    }
  },
  "Type": "Scene"
}