{
  "ID": "447a306d-a45e-42f3-861c-dcfa0c9fd873",
  "Version": "3.10.0.0",
  "Name": "welcomeback",
  "Content": {
    "Content": {
      "Animation": {
        "Duration": 0,
        "Speed": 1.0,
        "Timelines": [],
        "ctype": "TimelineActionData"
      },
      "AnimationList": [],
      "ObjectData": {
        "Tag": 46,
        "Children": [
          {
            "ClipAble": false,
            "BackColorAlpha": 102,
            "SingleColor": {
              "R": 150,
              "G": 200
            },
            "FirstColor": {
              "R": 150,
              "G": 200
            },
            "EndColor": {},
            "ColorVector": {
              "ScaleY": 1.0
            },
            "Scale9Width": 1,
            "Scale9Height": 1,
            "TouchEnable": true,
            "AnchorPoint": {
              "ScaleX": 0.5
            },
            "Position": {
              "X": 360.0,
              "Y": 260.0
            },
            "Scale": {
              "ScaleX": 1.0,
              "ScaleY": 1.0
            },
            "CColor": {},
            "IconVisible": false,
            "PrePosition": {
              "X": 0.5,
              "Y": 0.2031
            },
            "PreSize": {
              "X": 0.9208,
              "Y": 0.582
            },
            "LeftMargin": 28.5,
            "RightMargin": 28.5,
            "TopMargin": 275.0,
            "BottomMargin": 260.0,
            "Tag": 71,
            "Children": [
              {
                "FileData": {
                  "Type": "MarkedSubImage",
                  "Path": "gameasset/popups_bg.png",
                  "Plist": "gameplist.plist"
                },
                "Scale9Enable": true,
                "Scale9OriginX": 93,
                "Scale9OriginY": 89,
                "Scale9Width": 18,
                "Scale9Height": 20,
                "AnchorPoint": {
                  "ScaleX": 0.5,
                  "ScaleY": 0.5
                },
                "Position": {
                  "X": 333.2751,
                  "Y": 373.6418
                },
                "Scale": {
                  "ScaleX": 1.0,
                  "ScaleY": 1.0
                },
                "CColor": {},
                "IconVisible": false,
                "PrePosition": {
                  "X": 0.5027,
                  "Y": 0.5015
                },
                "PreSize": {
                  "X": 1.0,
                  "Y": 1.0
                },
                "LeftMargin": 1.7751,
                "RightMargin": -1.7751,
                "TopMargin": -1.1418,
                "BottomMargin": 1.1418,
                "Tag": 72,
                "ActionTag": -1448804029,
                "Size": {
                  "X": 663.0,
                  "Y": 745.0
                },
                "Name": "bg",
                "ctype": "ImageViewObjectData"
              },
              {
                "ClipAble": false,
                "BackColorAlpha": 102,
                "SingleColor": {
                  "R": 150,
                  "G": 200
                },
                "FirstColor": {
                  "R": 150,
                  "G": 200
                },
                "EndColor": {},
                "ColorVector": {
                  "ScaleY": 1.0
                },
                "Scale9Width": 1,
                "Scale9Height": 1,
                "TouchEnable": true,
                "AnchorPoint": {
                  "ScaleX": 0.5,
                  "ScaleY": 0.5
                },
                "Position": {
                  "X": 333.2769,
                  "Y": 147.0318
                },
                "Scale": {
                  "ScaleX": 1.0,
                  "ScaleY": 1.0
                },
                "CColor": {},
                "IconVisible": false,
                "PrePosition": {
                  "X": 0.5027,
                  "Y": 0.1974
                },
                "PreSize": {
                  "X": 0.6546,
                  "Y": 0.1638
                },
                "LeftMargin": 116.2769,
                "RightMargin": 112.7231,
                "TopMargin": 536.9682,
                "BottomMargin": 86.0318,
                "Tag": 73,
                "Children": [
                  {
                    "FileData": {
                      "Type": "MarkedSubImage",
                      "Path": "welcome/claimBtn.png",
                      "Plist": "welcome.plist"
                    },
                    "BlendFunc": {
                      "Src": 1,
                      "Dst": 771
                    },
                    "AnchorPoint": {
                      "ScaleX": 0.5,
                      "ScaleY": 0.5
                    },
                    "Position": {
                      "X": 217.0,
                      "Y": 61.0
                    },
                    "Scale": {
                      "ScaleX": 1.0,
                      "ScaleY": 1.0
                    },
                    "CColor": {},
                    "IconVisible": false,
                    "PrePosition": {
                      "X": 0.5,
                      "Y": 0.5
                    },
                    "PreSize": {
                      "X": 1.0,
                      "Y": 1.0
                    },
                    "Tag": 74,
                    "ActionTag": -354998893,
                    "Size": {
                      "X": 434.0,
                      "Y": 122.0
                    },
                    "Name": "button",
                    "ctype": "SpriteObjectData"
                  }
                ],
                "ActionTag": 715430782,
                "Size": {
                  "X": 434.0,
                  "Y": 122.0
                },
                "Name": "coinBtn",
                "ctype": "PanelObjectData"
              },
              {
                "FileData": {
                  "Type": "MarkedSubImage",
                  "Path": "welcome/tip.png",
                  "Plist": "welcome.plist"
                },
                "BlendFunc": {
                  "Src": 1,
                  "Dst": 771
                },
                "AnchorPoint": {
                  "ScaleX": 0.5
                },
                "Position": {
                  "X": 333.2745,
                  "Y": 421.0305
                },
                "Scale": {
                  "ScaleX": 1.0,
                  "ScaleY": 1.0
                },
                "CColor": {},
                "IconVisible": false,
                "PrePosition": {
                  "X": 0.5027,
                  "Y": 0.5651
                },
                "PreSize": {
                  "X": 0.2202,
                  "Y": 0.2926
                },
                "LeftMargin": 260.2745,
                "RightMargin": 256.7255,
                "TopMargin": 105.9695,
                "BottomMargin": 421.0305,
                "Tag": 76,
                "ActionTag": -1697870622,
                "Size": {
                  "X": 146.0,
                  "Y": 218.0
                },
                "Name": "unlimited_16",
                "ctype": "SpriteObjectData"
              },
              {
                "FileData": {
                  "Type": "MarkedSubImage",
                  "Path": "welcome/label2.png",
                  "Plist": "welcome.plist"
                },
                "BlendFunc": {
                  "Src": 1,
                  "Dst": 771
                },
                "AnchorPoint": {
                  "ScaleX": 0.5,
                  "ScaleY": 0.5
                },
                "Position": {
                  "X": 333.2758,
                  "Y": 365.0326
                },
                "Scale": {
                  "ScaleX": 1.0,
                  "ScaleY": 1.0
                },
                "CColor": {},
                "IconVisible": false,
                "PrePosition": {
                  "X": 0.5027,
                  "Y": 0.49
                },
                "PreSize": {
                  "X": 0.4178,
                  "Y": 0.0376
                },
                "LeftMargin": 194.7758,
                "RightMargin": 191.2242,
                "TopMargin": 365.9674,
                "BottomMargin": 351.0326,
                "Tag": 77,
                "ActionTag": -1401452865,
                "Size": {
                  "X": 277.0,
                  "Y": 28.0
                },
                "Name": "unlimithint_17",
                "ctype": "SpriteObjectData"
              },
              {
                "FileData": {
                  "Type": "MarkedSubImage",
                  "Path": "welcome/label1.png",
                  "Plist": "welcome.plist"
                },
                "BlendFunc": {
                  "Src": 1,
                  "Dst": 771
                },
                "AnchorPoint": {
                  "ScaleX": 0.5,
                  "ScaleY": 0.5
                },
                "Position": {
                  "X": 333.2762,
                  "Y": 289.0318
                },
                "Scale": {
                  "ScaleX": 1.0,
                  "ScaleY": 1.0
                },
                "CColor": {},
                "IconVisible": false,
                "PrePosition": {
                  "X": 0.5027,
                  "Y": 0.388
                },
                "PreSize": {
                  "X": 0.6456,
                  "Y": 0.0832
                },
                "LeftMargin": 119.2762,
                "RightMargin": 115.7238,
                "TopMargin": 424.9682,
                "BottomMargin": 258.0318,
                "Tag": 78,
                "ActionTag": 932299608,
                "Size": {
                  "X": 428.0,
                  "Y": 62.0
                },
                "Name": "conlabel_18",
                "ctype": "SpriteObjectData"
              },
              {
                "ClipAble": false,
                "BackColorAlpha": 102,
                "SingleColor": {
                  "R": 150,
                  "G": 200
                },
                "FirstColor": {
                  "R": 150,
                  "G": 200
                },
                "EndColor": {},
                "ColorVector": {
                  "ScaleY": 1.0
                },
                "TouchEnable": true,
                "AnchorPoint": {
                  "ScaleX": 0.5,
                  "ScaleY": 0.5
                },
                "Position": {
                  "X": 565.2697,
                  "Y": 650.0276
                },
                "Scale": {
                  "ScaleX": 1.0,
                  "ScaleY": 1.0
                },
                "CColor": {},
                "IconVisible": false,
                "PrePosition": {
                  "X": 0.8526,
                  "Y": 0.8725
                },
                "PreSize": {
                  "X": 0.1207,
                  "Y": 0.1074
                },
                "LeftMargin": 525.2697,
                "RightMargin": 57.7303,
                "TopMargin": 54.9724,
                "BottomMargin": 610.0276,
                "Tag": 80,
                "Children": [
                  {
                    "FileData": {
                      "Type": "MarkedSubImage",
                      "Path": "welcome/closeBtn.png",
                      "Plist": "welcome.plist"
                    },
                    "BlendFunc": {
                      "Src": 1,
                      "Dst": 771
                    },
                    "AnchorPoint": {
                      "ScaleX": 0.5,
                      "ScaleY": 0.5
                    },
                    "Position": {
                      "X": 40.0,
                      "Y": 40.0
                    },
                    "Scale": {
                      "ScaleX": 1.0,
                      "ScaleY": 1.0
                    },
                    "CColor": {},
                    "IconVisible": false,
                    "PrePosition": {
                      "X": 0.5,
                      "Y": 0.5
                    },
                    "PreSize": {
                      "X": 0.65,
                      "Y": 0.65
                    },
                    "LeftMargin": 14.0,
                    "RightMargin": 14.0,
                    "TopMargin": 14.0,
                    "BottomMargin": 14.0,
                    "Tag": 81,
                    "ActionTag": 1833746475,
                    "Size": {
                      "X": 52.0,
                      "Y": 52.0
                    },
                    "Name": "closeBtn_7",
                    "ctype": "SpriteObjectData"
                  }
                ],
                "ActionTag": 1023050655,
                "Size": {
                  "X": 80.0,
                  "Y": 80.0
                },
                "Name": "close",
                "ctype": "PanelObjectData"
              }
            ],
            "ActionTag": 656214215,
            "Size": {
              "X": 663.0,
              "Y": 745.0
            },
            "Name": "Panel_1",
            "ctype": "PanelObjectData"
          }
        ],
        "Size": {
          "X": 720.0,
          "Y": 1280.0
        },
        "Name": "Scene",
        "ctype": "SingleNodeObjectData"
      },
      "UsedResources": [
        "gameplist.plist",
        "gameplist.png",
        "welcome.plist",
        "welcome.png"
      ],
      "ctype": "GameFileData"
    }
  },
  "Type": "Scene"
}