{"skeleton":{"hash":"wAVIIlYyURLnqVNrw0KMpVoV2s8","spine":"3.8.95","x":-341,"y":-459,"width":682,"height":918,"images":"./newai_14_7/","audio":"C:/Users/zhang/Documents/Tencent Files/1780087692/FileRecv/801_ai14/newai_14_7"},"bones":[{"name":"root"},{"name":"all","parent":"root"},{"name":"bone","parent":"all","length":178.29,"rotation":-0.27,"x":-263.5,"y":-453.97},{"name":"bone2","parent":"bone","length":159.65,"rotation":91.49,"x":90.83,"y":2.13},{"name":"bone3","parent":"bone2","length":182.61,"rotation":-2.82,"x":159.65},{"name":"bone4","parent":"bone3","length":117.16,"rotation":1.6,"x":182.61},{"name":"xz","parent":"all","x":-340,"y":458},{"name":"x_00000","parent":"xz","rotation":54.18,"x":-9.34,"y":49.24},{"name":"x_0","parent":"xz","rotation":54.18,"x":-9.34,"y":49.24},{"name":"x_1","parent":"xz","rotation":54.18,"x":-9.34,"y":49.24},{"name":"x_2","parent":"xz","rotation":54.18,"x":-9.34,"y":49.24},{"name":"x_3","parent":"xz","rotation":54.18,"x":-9.34,"y":49.24},{"name":"x_4","parent":"xz","rotation":54.18,"x":-9.34,"y":49.24},{"name":"x_5","parent":"xz","rotation":54.18,"x":-9.34,"y":49.24},{"name":"x_6","parent":"xz","rotation":54.18,"x":-9.34,"y":49.24},{"name":"x_7","parent":"xz","rotation":54.18,"x":-9.34,"y":49.24},{"name":"x_8","parent":"xz","rotation":54.18,"x":-9.34,"y":49.24},{"name":"x_9","parent":"xz","rotation":54.18,"x":-9.34,"y":49.24},{"name":"x_10","parent":"xz","rotation":54.18,"x":-9.34,"y":49.24},{"name":"x_11","parent":"xz","rotation":54.18,"x":-9.34,"y":49.24},{"name":"x_12","parent":"xz","rotation":54.18,"x":-9.34,"y":49.24},{"name":"x_13","parent":"xz","rotation":54.18,"x":-9.34,"y":49.24},{"name":"x_14","parent":"xz","rotation":54.18,"x":-9.34,"y":49.24},{"name":"x_15","parent":"xz","rotation":54.18,"x":-9.34,"y":49.24},{"name":"x_16","parent":"xz","rotation":54.18,"x":-9.34,"y":49.24},{"name":"x_17","parent":"xz","rotation":54.18,"x":-9.34,"y":49.24},{"name":"x_18","parent":"xz","rotation":54.18,"x":-9.34,"y":49.24},{"name":"x_19","parent":"xz","rotation":54.18,"x":-9.34,"y":49.24},{"name":"x_20","parent":"xz","rotation":54.18,"x":-9.34,"y":49.24},{"name":"x_21","parent":"xz","rotation":54.18,"x":-9.34,"y":49.24},{"name":"x_22","parent":"xz","rotation":54.18,"x":-9.34,"y":49.24},{"name":"x_23","parent":"xz","rotation":54.18,"x":-9.34,"y":49.24},{"name":"x_24","parent":"xz","rotation":54.18,"x":-9.34,"y":49.24},{"name":"x_25","parent":"xz","rotation":54.18,"x":-9.34,"y":49.24},{"name":"x_26","parent":"xz","rotation":54.18,"x":-9.34,"y":49.24},{"name":"x_27","parent":"xz","rotation":54.18,"x":-9.34,"y":49.24},{"name":"x_28","parent":"xz","rotation":54.18,"x":-9.34,"y":49.24},{"name":"x_29","parent":"xz","rotation":54.18,"x":-9.34,"y":49.24},{"name":"x_30","parent":"xz","rotation":54.18,"x":-9.34,"y":49.24},{"name":"x_31","parent":"xz","rotation":54.18,"x":-9.34,"y":49.24},{"name":"x_32","parent":"xz","rotation":54.18,"x":-9.34,"y":49.24},{"name":"x_33","parent":"xz","rotation":54.18,"x":-9.34,"y":49.24},{"name":"x_34","parent":"xz","rotation":54.18,"x":-9.34,"y":49.24},{"name":"x_35","parent":"xz","rotation":54.18,"x":-9.34,"y":49.24},{"name":"x_36","parent":"xz","rotation":54.18,"x":-9.34,"y":49.24},{"name":"x_37","parent":"xz","rotation":54.18,"x":-9.34,"y":49.24},{"name":"x_38","parent":"xz","rotation":54.18,"x":-9.34,"y":49.24},{"name":"dglz_00000","parent":"all"}],"slots":[{"name":"ditu","bone":"all","attachment":"ditu"},{"name":"bg","bone":"all","attachment":"bg"},{"name":"bg1","bone":"all","attachment":"bg1"},{"name":"ty2","bone":"all","attachment":"ty2"},{"name":"tuceng51","bone":"all","attachment":"tuceng51"},{"name":"tuceng50","bone":"all","attachment":"tuceng50"},{"name":"tuceng49","bone":"all","attachment":"tuceng49"},{"name":"tuceng46","bone":"all","attachment":"tuceng46"},{"name":"tuceng48","bone":"all","attachment":"tuceng48"},{"name":"tuceng47","bone":"all","attachment":"tuceng47"},{"name":"kaishi","bone":"all"},{"name":"jieshu","bone":"bone","attachment":"jieshu"},{"name":"x_00000","bone":"x_00000"},{"name":"x_0","bone":"x_0"},{"name":"x_5","bone":"x_5"},{"name":"x_7","bone":"x_7"},{"name":"x_8","bone":"x_8"},{"name":"x_9","bone":"x_9"},{"name":"x_10","bone":"x_10"},{"name":"x_11","bone":"x_11"},{"name":"x_12","bone":"x_12"},{"name":"x_20","bone":"x_20"},{"name":"x_13","bone":"x_13"},{"name":"x_25","bone":"x_25"},{"name":"x_26","bone":"x_26"},{"name":"x_28","bone":"x_28"},{"name":"x_29","bone":"x_29"},{"name":"x_30","bone":"x_30"},{"name":"x_27","bone":"x_27"},{"name":"x_14","bone":"x_14"},{"name":"x_31","bone":"x_31"},{"name":"x_34","bone":"x_34"},{"name":"x_35","bone":"x_35"},{"name":"x_36","bone":"x_36"},{"name":"x_37","bone":"x_37"},{"name":"x_38","bone":"x_38"},{"name":"x_33","bone":"x_33"},{"name":"x_32","bone":"x_32"},{"name":"x_22","bone":"x_22"},{"name":"x_15","bone":"x_15"},{"name":"x_24","bone":"x_24"},{"name":"x_23","bone":"x_23"},{"name":"x_16","bone":"x_16"},{"name":"x_17","bone":"x_17"},{"name":"x_18","bone":"x_18"},{"name":"x_21","bone":"x_21"},{"name":"x_19","bone":"x_19"},{"name":"x_6","bone":"x_6"},{"name":"x_1","bone":"x_1"},{"name":"x_2","bone":"x_2"},{"name":"x_3","bone":"x_3"},{"name":"x_4","bone":"x_4"},{"name":"gd_00000","bone":"dglz_00000","color":"ff8c00ff","blend":"additive"}],"skins":[{"name":"default","attachments":{"bg":{"bg":{"x":-17.5,"y":25.5,"width":647,"height":815}},"bg1":{"bg1":{"x":71,"y":-54,"width":414,"height":714}},"ditu":{"ditu":{"width":682,"height":918}},"gd_00000":{"gd_00000":{"width":200,"height":200}},"jieshu":{"jieshu":{"type":"mesh","uvs":[0.94697,0.99578,0.05303,0.99578,0.05303,0.74789,0.05303,0.5,0.05303,0.25211,0.05303,0.00422,0.94697,0.00422,0.94697,0.25211,0.94697,0.5,0.94697,0.74789],"triangles":[1,2,9,0,1,9,3,4,7,8,3,7,2,3,8,9,2,8,4,5,6,7,4,6],"vertices":[2,3,-8.02,-109.29,0.00163,2,200.29,-3.04,0.99837,3,3,-3,126.66,0.00176,4,-168.67,118.51,0.00144,2,-35.7,-4.16,0.9968,3,3,114.48,124.16,0.32186,4,-51.22,121.79,0.31444,2,-36.26,113.34,0.3637,4,5,-112.84,128.26,0.00164,3,231.95,121.66,0.0326,4,66.23,125.07,0.93864,2,-36.82,230.84,0.02712,2,5,4.66,128.26,0.33561,4,183.69,128.34,0.66439,2,5,122.16,128.26,0.83289,4,301.14,131.62,0.16711,2,5,122.16,-107.74,0.99996,4,307.73,-104.29,4.0E-5,2,5,4.66,-107.74,0.576,4,190.27,-107.56,0.424,4,5,-112.84,-107.74,0.01186,3,226.93,-114.29,0.05658,4,72.82,-110.84,0.92811,2,199.18,231.96,0.00346,3,3,109.46,-111.79,0.52389,4,-44.64,-114.12,0.26019,2,199.73,114.46,0.21592],"hull":10,"edges":[0,2,2,4,4,6,6,8,8,10,10,12,12,14,14,16,16,18,18,0],"width":264,"height":474}},"kaishi":{"kaishi":{"x":-194,"y":-223,"width":238,"height":472}},"tuceng46":{"tuceng46":{"x":181,"y":-199,"width":194,"height":180}},"tuceng47":{"tuceng47":{"x":-85.5,"y":243,"width":101,"height":120}},"tuceng48":{"tuceng48":{"x":-72,"y":25.5,"width":108,"height":171}},"tuceng49":{"tuceng49":{"x":114,"y":54.5,"width":176,"height":147}},"tuceng50":{"tuceng50":{"x":-4.5,"y":-334,"width":213,"height":154}},"tuceng51":{"tuceng51":{"x":-43.5,"y":-224.5,"width":89,"height":211}},"ty2":{"ty2":{"x":61.5,"y":-44,"width":435,"height":742}},"x_0":{"x_00000":{"width":50,"height":50}},"x_00000":{"x_00000":{"width":50,"height":50}},"x_1":{"x_00000":{"width":50,"height":50}},"x_2":{"x_00000":{"width":50,"height":50}},"x_3":{"x_00000":{"width":50,"height":50}},"x_4":{"x_00000":{"width":50,"height":50}},"x_5":{"x_00000":{"width":50,"height":50}},"x_6":{"x_00000":{"width":50,"height":50}},"x_7":{"x_00000":{"width":50,"height":50}},"x_8":{"x_00000":{"width":50,"height":50}},"x_9":{"x_00000":{"width":50,"height":50}},"x_10":{"x_00000":{"width":50,"height":50}},"x_11":{"x_00000":{"width":50,"height":50}},"x_12":{"x_00000":{"width":50,"height":50}},"x_13":{"x_00000":{"width":50,"height":50}},"x_14":{"x_00000":{"width":50,"height":50}},"x_15":{"x_00000":{"width":50,"height":50}},"x_16":{"x_00000":{"width":50,"height":50}},"x_17":{"x_00000":{"width":50,"height":50}},"x_18":{"x_00000":{"width":50,"height":50}},"x_19":{"x_00000":{"width":50,"height":50}},"x_20":{"x_00000":{"width":50,"height":50}},"x_21":{"x_00000":{"width":50,"height":50}},"x_22":{"x_00000":{"width":50,"height":50}},"x_23":{"x_00000":{"width":50,"height":50}},"x_24":{"x_00000":{"width":50,"height":50}},"x_25":{"x_00000":{"width":50,"height":50}},"x_26":{"x_00000":{"width":50,"height":50}},"x_27":{"x_00000":{"width":50,"height":50}},"x_28":{"x_00000":{"width":50,"height":50}},"x_29":{"x_00000":{"width":50,"height":50}},"x_30":{"x_00000":{"width":50,"height":50}},"x_31":{"x_00000":{"width":50,"height":50}},"x_32":{"x_00000":{"width":50,"height":50}},"x_33":{"x_00000":{"width":50,"height":50}},"x_34":{"x_00000":{"width":50,"height":50}},"x_35":{"x_00000":{"width":50,"height":50}},"x_36":{"x_00000":{"width":50,"height":50}},"x_37":{"x_00000":{"width":50,"height":50}},"x_38":{"x_00000":{"width":50,"height":50}}}}],"animations":{"animation":{"slots":{"gd_00000":{"color":[{"color":"ff8c0000"},{"time":3,"color":"ffa100df"},{"time":6,"color":"ff8c0000"}],"attachment":[{"name":"gd_00000"}]},"x_0":{"attachment":[{"name":"x_00000"}]},"x_00000":{"attachment":[{"name":"x_00000"},{"time":2.3667,"name":null}]},"x_1":{"attachment":[{"time":2,"name":"x_00000"},{"time":4,"name":null}]},"x_2":{"attachment":[{"time":2,"name":"x_00000"},{"time":3.3333,"name":null}]},"x_3":{"attachment":[{"time":2,"name":"x_00000"},{"time":4.6667,"name":null}]},"x_4":{"attachment":[{"name":"x_00000"},{"time":2.3333,"name":null}]},"x_5":{"attachment":[{"time":3.3,"name":"x_00000"},{"time":5.3667,"name":null}]},"x_6":{"attachment":[{"time":3.3,"name":"x_00000"},{"time":5.4333,"name":null}]},"x_7":{"attachment":[{"time":3.3,"name":"x_00000"},{"time":5.3333,"name":null}]},"x_8":{"attachment":[{"time":0.8667,"name":"x_00000"},{"time":2.5333,"name":null}]},"x_9":{"attachment":[{"time":0.8667,"name":"x_00000"},{"time":2.6667,"name":null}]},"x_10":{"attachment":[{"time":0.8667,"name":"x_00000"},{"time":2.3333,"name":null}]},"x_11":{"attachment":[{"time":2.7667,"name":"x_00000"},{"time":4.2333,"name":null}]},"x_12":{"attachment":[{"time":2.7667,"name":"x_00000"},{"time":4.3,"name":null}]},"x_13":{"attachment":[{"time":1.8333,"name":"x_00000"},{"time":3.4,"name":null}]},"x_14":{"attachment":[{"time":4,"name":"x_00000"},{"time":6,"name":null}]},"x_15":{"attachment":[{"time":3.9,"name":"x_00000"},{"time":5.4667,"name":null}]},"x_16":{"attachment":[{"time":1.5667,"name":"x_00000"},{"time":3.6667,"name":null}]},"x_17":{"attachment":[{"time":1.5667,"name":"x_00000"},{"time":3.6667,"name":null}]},"x_18":{"attachment":[{"time":3.4667,"name":"x_00000"},{"time":5.5667,"name":null}]},"x_19":{"attachment":[{"time":2.4,"name":"x_00000"},{"time":4.5,"name":null}]},"x_20":{"attachment":[{"name":"x_00000"},{"time":0.7333,"name":null},{"time":5.1667,"name":"x_00000"}]},"x_21":{"attachment":[{"name":"x_00000"},{"time":0.8,"name":null},{"time":4.6667,"name":"x_00000"}]},"x_22":{"attachment":[{"name":"x_00000"},{"time":1.2667,"name":null},{"time":5.5667,"name":"x_00000"}]},"x_23":{"attachment":[{"name":"x_00000"},{"time":0.5,"name":null},{"time":4.4,"name":"x_00000"}]},"x_24":{"attachment":[{"time":2.2,"name":"x_00000"},{"time":3.7667,"name":null}]},"x_25":{"attachment":[{"name":"x_00000"},{"time":1.1,"name":null},{"time":5.5,"name":"x_00000"}]},"x_26":{"attachment":[{"time":4.3667,"name":"x_00000"},{"time":5.9667,"name":null}]},"x_27":{"attachment":[{"name":"x_00000"},{"time":1,"name":null},{"time":5.3667,"name":"x_00000"}]},"x_28":{"attachment":[{"name":"x_00000"},{"time":0.3667,"name":null},{"time":4.7667,"name":"x_00000"}]},"x_29":{"attachment":[{"time":4.4,"name":"x_00000"},{"time":6,"name":null}]},"x_30":{"attachment":[{"name":"x_00000"},{"time":0.6,"name":null},{"time":4.9667,"name":"x_00000"}]},"x_31":{"attachment":[{"time":4,"name":"x_00000"},{"time":6,"name":null}]},"x_32":{"attachment":[{"name":"x_00000"},{"time":0.8,"name":null},{"time":5.3,"name":"x_00000"}]},"x_33":{"attachment":[{"name":"x_00000"},{"time":1.4,"name":null},{"time":5.7,"name":"x_00000"}]},"x_34":{"attachment":[{"name":"x_00000"},{"time":1.6667,"name":null}]},"x_35":{"attachment":[{"name":"x_00000"},{"time":1,"name":null}]},"x_36":{"attachment":[{"time":3,"name":"x_00000"},{"time":4.6667,"name":null}]},"x_37":{"attachment":[{"time":3,"name":"x_00000"},{"time":4.3333,"name":null}]},"x_38":{"attachment":[{"time":2.3333,"name":"x_00000"},{"time":3.6667,"name":null}]}},"bones":{"bone2":{"rotate":[{"curve":0.25,"c3":0.75},{"time":1.5,"angle":-1.18,"curve":0.25,"c3":0.75},{"time":3,"curve":0.25,"c3":0.75},{"time":4.5,"angle":-1.18,"curve":0.25,"c3":0.75},{"time":6}]},"bone4":{"rotate":[{"angle":-1.88,"curve":0.379,"c2":0.53,"c3":0.746},{"time":0.6667,"curve":0.25,"c3":0.75},{"time":2.1667,"angle":-4.41,"curve":0.247,"c3":0.631,"c4":0.53},{"time":3,"angle":-1.88,"curve":0.379,"c2":0.53,"c3":0.746},{"time":3.6667,"curve":0.25,"c3":0.75},{"time":5.1667,"angle":-4.41,"curve":0.247,"c3":0.631,"c4":0.53},{"time":6,"angle":-1.88}]},"bone3":{"rotate":[{"angle":-0.17,"curve":0.377,"c2":0.61,"c3":0.72},{"time":0.3333,"curve":0.25,"c3":0.75},{"time":1.8333,"angle":-1.12,"curve":0.243,"c3":0.674,"c4":0.69},{"time":3,"angle":-0.17,"curve":0.377,"c2":0.61,"c3":0.72},{"time":3.3333,"curve":0.25,"c3":0.75},{"time":4.8333,"angle":-1.12,"curve":0.243,"c3":0.674,"c4":0.69},{"time":6,"angle":-0.17}]},"x_00000":{"translate":[{},{"time":3.6667,"x":904.92,"y":-653.23}]},"x_0":{"rotate":[{"angle":-6.79}],"translate":[{"x":196.98,"y":46.1},{"time":2.3667,"x":790.71,"y":-500.19}],"scale":[{"x":0.751}]},"x_1":{"rotate":[{"time":2,"angle":-6.61}],"translate":[{"time":2,"x":254.64,"y":108.78},{"time":4,"x":912.86,"y":-492.87}],"scale":[{"time":2,"x":1.443,"y":1.5}]},"x_2":{"rotate":[{"time":2,"angle":-9.37}],"translate":[{"time":2,"x":349.68,"y":25.62},{"time":3.3333,"x":839.96,"y":-567.23}],"scale":[{"time":2,"x":0.751,"y":1.5}]},"x_3":{"rotate":[{"time":2,"angle":2.27}],"translate":[{"time":2,"x":-50.28,"y":-215.94},{"time":4.6667,"x":825.97,"y":-892.53}],"scale":[{"time":2,"x":1.72}]},"x_4":{"rotate":[{"angle":-7.97}],"translate":[{"x":-16.3,"y":5.77},{"time":2.3333,"x":875.23,"y":-848.86}],"scale":[{"x":1.72,"y":2.678}]},"x_5":{"rotate":[{"time":3.3,"angle":-6.44}],"translate":[{"time":3.3,"x":256.54,"y":11.85},{"time":5.3333,"x":779.33,"y":-463.29}],"scale":[{"time":3.3,"x":0.751}]},"x_6":{"rotate":[{"time":3.3,"angle":-5.13}],"translate":[{"time":3.3,"x":-56.92,"y":-254.28},{"time":5.4333,"x":776.12,"y":-977.19}],"scale":[{"time":3.3,"x":1.3,"y":1.546}]},"x_7":{"rotate":[{"time":3.3,"angle":-5.1}],"translate":[{"time":3.3,"x":-35.97,"y":-451.85},{"time":5.3333,"x":667.37,"y":-1061.54}],"scale":[{"time":3.3,"x":1.049,"y":1.949}]},"x_8":{"rotate":[{"time":0.8667,"angle":-5.1}],"translate":[{"time":0.8667,"x":-28.53,"y":-126.17},{"time":2.5333,"x":804.88,"y":-848.61}],"scale":[{"time":0.8667,"x":1.66,"y":2.053}]},"x_9":{"rotate":[{"time":0.8667,"angle":-5.1}],"translate":[{"time":0.8667,"x":-35.94,"y":-452.47},{"time":2.6667,"x":658.12,"y":-1054.12}],"scale":[{"time":0.8667,"x":1.145,"y":2.053}]},"x_10":{"rotate":[{"time":0.8667,"angle":-5.1}],"translate":[{"time":0.8667,"x":-28.53,"y":-606.36},{"time":2.3333,"x":538.56,"y":-1097.93}],"scale":[{"time":0.8667,"x":1.212,"y":1.276}]},"x_11":{"rotate":[{"time":2.7667,"angle":-5.1}],"translate":[{"time":2.7667,"x":-28.53,"y":-606.36},{"time":4.2333,"x":538.56,"y":-1097.93}],"scale":[{"time":2.7667,"x":1.212,"y":1.276}]},"x_12":{"rotate":[{"time":2.7667,"angle":-5.1}],"translate":[{"time":2.7667,"x":-28.53,"y":-340.51},{"time":4.3,"x":743.19,"y":-1009.46}],"scale":[{"time":2.7667,"x":1.212,"y":1.276}]},"x_13":{"rotate":[{"time":1.8333,"angle":-5.1}],"translate":[{"time":1.8333,"x":-34.66,"y":-86.93},{"time":3.4,"x":844.69,"y":-919.24}],"scale":[{"time":1.8333,"x":1.212,"y":1.276}]},"x_14":{"rotate":[{"time":4,"angle":-5.1}],"translate":[{"time":4,"x":-34.66,"y":-86.93},{"time":6,"x":844.69,"y":-919.24}],"scale":[{"time":4,"x":1.212,"y":1.276}]},"x_15":{"rotate":[{"time":3.9,"angle":-5.1}],"translate":[{"time":3.9,"x":149.39,"y":-13.31},{"time":5.4667,"x":853.84,"y":-623.96}],"scale":[{"time":3.9,"x":1.212,"y":1.276}]},"x_16":{"rotate":[{"time":1.5667,"angle":-5.1}],"translate":[{"time":1.5667,"x":149.39,"y":-13.31},{"time":3.6667,"x":853.84,"y":-623.96}],"scale":[{"time":1.5667,"x":1.212,"y":1.276}]},"x_17":{"rotate":[{"time":1.5667,"angle":-5.1}],"translate":[{"time":1.5667,"x":-42.84,"y":-160.55},{"time":3.6667,"x":766.7,"y":-862.3}],"scale":[{"time":1.5667,"x":1.212,"y":1.276}]},"x_18":{"rotate":[{"time":3.4667,"angle":-5.1}],"translate":[{"time":3.4667,"x":-42.84,"y":-160.55},{"time":5.5667,"x":766.7,"y":-862.3}],"scale":[{"time":3.4667,"x":1.212,"y":1.276}]},"x_19":{"rotate":[{"time":2.4,"angle":-5.1}],"translate":[{"time":2.4,"x":-42.84,"y":-160.55},{"time":4.5,"x":766.7,"y":-862.3}],"scale":[{"time":2.4,"x":1.212,"y":1.276}]},"x_20":{"rotate":[{"angle":-5.1}],"translate":[{"x":390.88,"y":-704.07},{"time":0.7,"x":743.19,"y":-1009.46,"curve":"stepped"},{"time":0.7333,"x":-28.53,"y":-340.51,"curve":"stepped"},{"time":5.1667,"x":-28.53,"y":-340.51},{"time":6,"x":390.88,"y":-704.07}],"scale":[{"x":1.212,"y":2.454}]},"x_21":{"rotate":[{"angle":-9.8}],"translate":[{"x":502.45,"y":-621.47},{"time":0.7667,"x":807.76,"y":-933.53,"curve":"stepped"},{"time":0.8,"x":-28.53,"y":-78.75,"curve":"stepped"},{"time":4.6667,"x":-28.53,"y":-78.75},{"time":6,"x":502.45,"y":-621.47}],"scale":[{"x":1.212,"y":1.276}]},"x_22":{"rotate":[{"angle":-5.1}],"translate":[{"x":446.46,"y":-158.87},{"time":1.2333,"x":931.13,"y":-579,"curve":"stepped"},{"time":1.2667,"x":276.18,"y":-11.26,"curve":"stepped"},{"time":5.5667,"x":276.18,"y":-11.26},{"time":6,"x":446.46,"y":-158.87}],"scale":[{"x":1.098,"y":1.333}]},"x_23":{"rotate":[{"angle":-5.1}],"translate":[{"x":629.64,"y":-641.78},{"time":0.4667,"x":824.59,"y":-810.77,"curve":"stepped"},{"time":0.5,"x":-38.75,"y":-62.39,"curve":"stepped"},{"time":4.4,"x":-38.75,"y":-62.39},{"time":6,"x":629.64,"y":-641.78}],"scale":[{"x":1.212,"y":1.763}]},"x_24":{"rotate":[{"time":2.2,"angle":-5.1}],"translate":[{"time":2.2,"x":-59.2,"y":-377.32},{"time":3.7667,"x":719.13,"y":-1052.01}],"scale":[{"time":2.2,"x":1.212,"y":1.276}]},"x_25":{"rotate":[{"angle":-5.1}],"translate":[{"x":221.55,"y":-572.42},{"time":1.0667,"x":807.4,"y":-1080.26,"curve":"stepped"},{"time":1.1,"x":-53.07,"y":-334.37,"curve":"stepped"},{"time":5.5,"x":-53.07,"y":-334.37},{"time":6,"x":221.55,"y":-572.42}],"scale":[{"x":0.8,"y":2.225}]},"x_26":{"rotate":[{"time":4.3667,"angle":-5.1}],"translate":[{"time":4.3667,"x":-49.21,"y":-613.67},{"time":5.9333,"x":473.31,"y":-1066.61}],"scale":[{"time":4.3667,"x":1.359,"y":2.189}]},"x_27":{"rotate":[{"angle":-5.1}],"translate":[{"x":283.14,"y":-439.59},{"time":0.9667,"x":743.6,"y":-838.74,"curve":"stepped"},{"time":1,"x":-18.54,"y":-178.08,"curve":"stepped"},{"time":5.3667,"x":-18.54,"y":-178.08},{"time":6,"x":283.14,"y":-439.59}],"scale":[{"x":1.359,"y":2.189}]},"x_28":{"rotate":[{"angle":-5.1}],"translate":[{"x":524.41,"y":-892.39},{"time":0.3333,"x":670.7,"y":-1019.2,"curve":"stepped"},{"time":0.3667,"x":-16.87,"y":-423.18,"curve":"stepped"},{"time":4.7667,"x":-16.87,"y":-423.18},{"time":6,"x":524.41,"y":-892.39}],"scale":[{"x":1.359,"y":2.189}]},"x_29":{"rotate":[{"time":4.4,"angle":-5.1}],"translate":[{"time":4.4,"x":274.25,"y":2.71},{"time":6,"x":827.59,"y":-476.96}],"scale":[{"time":4.4,"x":1.098,"y":1.048},{"time":6,"x":1.359,"y":2.189}]},"x_30":{"rotate":[{"angle":-5.1}],"translate":[{"x":544.91,"y":-366.06},{"time":0.5667,"x":766.07,"y":-557.78,"curve":"stepped"},{"time":0.6,"x":141.61,"y":-16.47,"curve":"stepped"},{"time":4.9667,"x":141.61,"y":-16.47},{"time":6,"x":544.91,"y":-366.06}],"scale":[{"x":1.266,"y":1.785},{"time":0.5667,"x":1.359,"y":2.189,"curve":"stepped"},{"time":0.6,"x":1.098,"y":1.048,"curve":"stepped"},{"time":4.9667,"x":1.098,"y":1.048},{"time":6,"x":1.266,"y":1.785}]},"x_31":{"rotate":[{"time":4,"angle":-5.1}],"translate":[{"time":4,"x":69.21,"y":-24.6},{"time":6,"x":767.57,"y":-629.98}],"scale":[{"time":4,"x":1.212,"y":1.276}]},"x_32":{"rotate":[{"angle":-5.1}],"translate":[{"x":195.6,"y":-802.9},{"time":0.7667,"x":446.05,"y":-1020,"curve":"stepped"},{"time":0.8,"x":-33.07,"y":-604.68,"curve":"stepped"},{"time":5.3,"x":-33.07,"y":-604.68},{"time":6,"x":195.6,"y":-802.9}],"scale":[{"x":1.212,"y":1.276}]},"x_33":{"rotate":[{"angle":-5.1}],"translate":[{"x":110.25,"y":-388.43},{"time":1.3667,"x":712.18,"y":-910.21,"curve":"stepped"},{"time":1.4,"x":-21.88,"y":-273.89,"curve":"stepped"},{"time":5.7,"x":-21.88,"y":-273.89},{"time":6,"x":110.25,"y":-388.43}],"scale":[{"x":1.212,"y":1.276}]},"x_34":{"rotate":[{"angle":-5.1}],"translate":[{"x":-13.89,"y":-406.53},{"time":1.6667,"x":670.72,"y":-999.97}],"scale":[{"x":1.212,"y":1.276}]},"x_35":{"rotate":[{"angle":-5.1}],"translate":[{"x":-9.69,"y":-654.33},{"time":1,"x":333.4,"y":-1006.83}],"scale":[{"x":1.212,"y":2.036}]},"x_36":{"rotate":[{"time":3,"angle":-5.1}],"translate":[{"time":3,"x":218.8,"y":8.65},{"time":4.6667,"x":905.12,"y":-586.28}],"scale":[{"time":3,"x":1.212,"y":2.036}]},"x_37":{"rotate":[{"time":3,"angle":-5.1}],"translate":[{"time":3,"x":73.4,"y":-22.51},{"time":4.3333,"x":803.07,"y":-655.02}],"scale":[{"time":3,"x":1.212,"y":2.036}]},"x_38":{"rotate":[{"time":2.3333,"angle":-5.1}],"translate":[{"time":2.3333,"x":-16.61,"y":-22.51},{"time":3.6667,"x":771.83,"y":-705.97}],"scale":[{"time":2.3333,"x":1.212,"y":2.036}]},"dglz_00000":{"translate":[{"x":302.4,"y":378}],"scale":[{"x":3,"y":3}]}}}}}