{"ditu": {"x": "340", "y": 458.0, "width": "682", "height": "918" },"bg": {"x": "322.5", "y": 483.5, "width": "647", "height": "815" },"bg1": {"x": "411", "y": 404.0, "width": "414", "height": "714" },"ty2": {"x": "401.5", "y": 414.0, "width": "435", "height": "742" },"tuceng51": {"x": "296.5", "y": 233.5, "width": "89", "height": "211" },"tuceng50": {"x": "335.5", "y": 124.0, "width": "213", "height": "154" },"tuceng49": {"x": "454", "y": 512.5, "width": "176", "height": "147" },"tuceng46": {"x": "521", "y": 259.0, "width": "194", "height": "180" },"tuceng48": {"x": "268", "y": 483.5, "width": "108", "height": "171" },"tuceng47": {"x": "254.5", "y": 701.0, "width": "101", "height": "120" },"kaishi": {"x": "146", "y": 235.0, "width": "238", "height": "472" },"jieshu": {"x": "159", "y": 236.0, "width": "264", "height": "474" },"xg1": {"x": "324", "y": 511.0, "width": "650", "height": "766" },"xg2": {"x": "411.5", "y": 403.0, "width": "419", "height": "718" }}