{"skeleton":{"hash":"z+MqEkAgjldCFVTtdn/TYlJv9HQ","spine":"3.8.95","x":-341,"y":-459,"width":682,"height":918,"images":"./1_81_26/","audio":"E:/Art/161-180/177_安妮81/1_81_26"},"bones":[{"name":"root"},{"name":"bone","parent":"root"},{"name":"hd1","parent":"bone","x":-231.94,"y":24.97},{"name":"hd3","parent":"hd1","length":36.65,"rotation":135,"x":-3.13,"y":-0.81},{"name":"hd4","parent":"hd1","length":58.04,"rotation":144.75,"x":-8.3,"y":-0.63},{"name":"3mifeng1","parent":"bone","x":233.05,"y":232.93},{"name":"1cb2","parent":"3mifeng1","length":32.8,"rotation":14.28,"x":8.67,"y":10.4},{"name":"1cb","parent":"3mifeng1","length":29.36,"rotation":36.19,"x":7.5,"y":11.15},{"name":"mf1","parent":"bone","x":12.41,"y":372.42},{"name":"2cb","parent":"mf1","length":40.29,"rotation":155.22,"x":-5.16,"y":12.66},{"name":"2cb2","parent":"mf1","length":31.68,"rotation":32.13,"x":19.24,"y":9.41},{"name":"3shuye5","parent":"bone","x":-51.89,"y":-76.41},{"name":"3shuye6","parent":"3shuye5","length":61.83,"rotation":115.87,"y":0.84},{"name":"3shuye7","parent":"3shuye6","length":64.88,"rotation":-1.3,"x":61.83},{"name":"2huaguduo5","parent":"bone","x":-71.18,"y":-78.09},{"name":"2huaguduo6","parent":"2huaguduo5","length":73.32,"rotation":109.48,"y":0.84},{"name":"2huaguduo7","parent":"2huaguduo6","length":60.11,"rotation":2.77,"x":73.32},{"name":"2huaguduo8","parent":"2huaguduo7","length":64.12,"rotation":6,"x":60.11},{"name":"2huaguduo4","parent":"bone","x":-34.18,"y":-79.78},{"name":"2huaguduo9","parent":"2huaguduo4","length":98.43,"rotation":106.42,"x":-0.84},{"name":"2huaguduo10","parent":"2huaguduo9","length":97.16,"rotation":-7.94,"x":98.43},{"name":"2huaguduo11","parent":"2huaguduo10","length":86.83,"rotation":-7.93,"x":97.16},{"name":"2huaguduo12","parent":"2huaguduo11","length":94.48,"rotation":-2.6,"x":87.68,"y":-0.01},{"name":"3hua1","parent":"bone","length":73.42,"rotation":87.37,"x":-24.91,"y":-78.94},{"name":"3hua2","parent":"3hua1","length":99.67,"rotation":-5.63,"x":73.42},{"name":"2huaguduo1","parent":"bone","length":79.08,"rotation":58.51,"x":60.02,"y":-67.98},{"name":"2huaguduo2","parent":"2huaguduo1","length":88.82,"rotation":-13.9,"x":79.08},{"name":"2huaguduo3","parent":"bone","length":79.53,"rotation":68.88,"x":40,"y":-74.72},{"name":"2huaguduo13","parent":"2huaguduo3","length":93.98,"rotation":-2.68,"x":79.53},{"name":"2huaguduo14","parent":"2huaguduo13","length":83.42,"rotation":-7.99,"x":95.9,"y":-0.05},{"name":"3shuye4","parent":"bone","x":28.68,"y":-77.14},{"name":"3shuye8","parent":"3shuye4","length":64.69,"rotation":80.54},{"name":"3shuye9","parent":"3shuye8","length":57.61,"rotation":-4.06,"x":64.69},{"name":"3shuye10","parent":"3shuye9","length":67.1,"rotation":-2.42,"x":57.61},{"name":"3shuye11","parent":"bone","x":51.82,"y":-74.79},{"name":"3shuye12","parent":"3shuye11","length":62.99,"rotation":43.42},{"name":"3shuye13","parent":"3shuye12","length":66.66,"rotation":-24.1,"x":62.99},{"name":"3shuye14","parent":"3shuye13","length":69.52,"rotation":-22.02,"x":66.66},{"name":"2huaguduo15","parent":"bone","x":22.61,"y":-25.77}],"slots":[{"name":"1","bone":"bone","attachment":"1"},{"name":"ditu","bone":"bone","attachment":"ditu"},{"name":"1zhuozi","bone":"bone","attachment":"1zhuozi"},{"name":"1qiang1","bone":"bone","attachment":"1qiang1"},{"name":"1qiang2","bone":"bone","attachment":"1qiang2"},{"name":"1qiang3","bone":"bone","attachment":"1qiang3"},{"name":"1qiang4","bone":"bone","attachment":"1qiang4"},{"name":"ty22","bone":"root","attachment":"ty22"},{"name":"ty23","bone":"root","attachment":"ty23"},{"name":"ty24","bone":"2huaguduo15","attachment":"ty24"},{"name":"ty25","bone":"root","attachment":"ty25"},{"name":"ty21","bone":"bone","attachment":"ty21"},{"name":"ty1","bone":"bone","attachment":"ty1"},{"name":"2shuitong","bone":"bone","attachment":"2shuitong"},{"name":"2huaguduo1","bone":"2huaguduo1","attachment":"2shuye3"},{"name":"2huaguduo2","bone":"2huaguduo15","attachment":"2shuye1"},{"name":"2huaguduo3","bone":"2huaguduo3","attachment":"2huaguduo3"},{"name":"2huaguduo4","bone":"2huaguduo4","attachment":"2huaguduo4"},{"name":"2huaguduo5","bone":"2huaguduo5","attachment":"2shuye2"},{"name":"ty2","bone":"bone","attachment":"ty2"},{"name":"3shuye","bone":"bone","attachment":"3shuye"},{"name":"3shuye4","bone":"3shuye4","attachment":"3shuye4"},{"name":"3shuye5","bone":"3shuye5","attachment":"3shuye5"},{"name":"3hua1","bone":"3hua1","attachment":"3hua1"},{"name":"3shuye8","bone":"3shuye11","attachment":"3shuye8"},{"name":"3shuye6","bone":"bone","attachment":"3shuye6"},{"name":"3shuye7","bone":"bone","attachment":"3shuye7"},{"name":"ty3","bone":"bone","attachment":"ty3"},{"name":"3niao","bone":"bone","attachment":"4niao"},{"name":"4piaochong","bone":"bone","attachment":"4piaochong"},{"name":"ty4","bone":"bone","attachment":"ty4"},{"name":"2cb","bone":"2cb","attachment":"2cb"},{"name":"2cb2","bone":"2cb2","attachment":"2cb2"},{"name":"1cb2","bone":"1cb2","attachment":"1cb2"},{"name":"nf2","bone":"3mifeng1","attachment":"nf2"},{"name":"1cb","bone":"1cb","attachment":"1cb"},{"name":"mf1","bone":"mf1","attachment":"mf1"},{"name":"hd3","bone":"hd4","attachment":"hd3"},{"name":"hd2","bone":"hd3","attachment":"hd2"},{"name":"hd1","bone":"hd1","attachment":"hd1"}],"skins":[{"name":"default","attachments":{"1":{"1":{"type":"clipping","end":"1","vertexCount":4,"vertices":[-341,459,341,459,341,-459,-341,-459],"color":"ce3a3aff"}},"1cb":{"1cb":{"x":24.76,"y":4.64,"rotation":-36.19,"width":39,"height":42}},"1cb2":{"1cb2":{"x":21.29,"y":3.06,"rotation":-14.28,"width":46,"height":38}},"1qiang1":{"1qiang1":{"x":-182,"y":248,"width":318,"height":422}},"1qiang2":{"1qiang2":{"x":41.5,"y":249.5,"width":599,"height":419}},"1qiang3":{"1qiang3":{"x":-170.5,"y":-113,"width":341,"height":314}},"1qiang4":{"1qiang4":{"x":82.5,"y":-100.5,"width":517,"height":299}},"1zhuozi":{"1zhuozi":{"y":-333,"width":682,"height":252}},"2cb":{"2cb":{"x":22.67,"y":-7.29,"rotation":-155.22,"width":41,"height":42}},"2cb2":{"2cb2":{"x":27.23,"y":1.15,"rotation":-32.13,"width":28,"height":25}},"2huaguduo1":{"2shuye3":{"type":"mesh","uvs":[1,1,0.8,1,0.6,1,0.4,1,0.2,1,0,1,0,0.8,0,0.6,0,0.4,0,0.2,0,0,0.2,0,0.4,0,0.6,0,0.8,0,1,0,1,0.2,1,0.4,1,0.6,1,0.8,0.8,0.8,0.6,0.8,0.4,0.8,0.2,0.8,0.8,0.6,0.6,0.6,0.4,0.6,0.2,0.6,0.8,0.4,0.6,0.4,0.4,0.4,0.2,0.4,0.8,0.2,0.6,0.2,0.4,0.2,0.2,0.2],"triangles":[9,10,11,35,9,11,8,9,35,31,8,35,7,8,31,27,7,31,6,7,27,23,6,27,5,6,23,4,5,23,35,11,12,34,35,12,31,35,34,30,31,34,27,31,30,26,27,30,23,27,26,22,23,26,4,23,22,3,4,22,34,12,13,33,34,13,30,34,33,29,30,33,26,30,29,25,26,29,22,26,25,21,22,25,3,22,21,2,3,21,33,13,14,32,33,14,29,33,32,28,29,32,25,29,28,24,25,28,21,25,24,20,21,24,2,21,20,1,2,20,32,14,15,16,32,15,28,32,16,17,28,16,24,28,17,18,24,17,20,24,18,19,20,18,1,20,19,0,1,19],"vertices":[2,25,122.36,-209.39,0.02754,26,92.3,-192.87,0.97246,2,25,95.72,-165.9,0.06385,26,56,-157.05,0.93615,2,25,69.08,-122.41,0.20327,26,19.69,-121.23,0.79673,2,25,42.45,-78.92,0.53342,26,-16.61,-85.41,0.46658,2,25,15.81,-35.43,0.93783,26,-52.92,-49.59,0.06217,1,25,-10.83,8.06,1,2,25,32.83,34.81,0.99594,26,-53.26,22.68,0.00406,2,25,76.49,61.55,0.51562,26,-17.3,59.12,0.48438,2,25,120.15,88.29,0.09598,26,18.66,95.57,0.90402,2,25,163.81,115.03,0.00677,26,54.62,132.02,0.99323,1,26,90.58,168.46,1,1,26,126.88,132.64,1,1,26,163.19,96.82,1,1,26,199.49,61,1,1,26,235.8,25.18,1,1,26,272.1,-10.64,1,1,26,236.14,-47.08,1,1,26,200.18,-83.53,1,2,25,209.68,-155.9,0.00208,26,164.22,-119.97,0.99792,2,25,166.02,-182.65,0.01662,26,128.26,-156.42,0.98338,2,25,139.38,-139.16,0.03968,26,91.96,-120.6,0.96032,2,25,112.74,-95.67,0.12179,26,55.65,-84.78,0.87821,2,25,86.11,-52.18,0.3182,26,19.35,-48.96,0.6818,2,25,59.47,-8.68,0.9582,26,-16.96,-13.14,0.0418,2,25,183.04,-112.41,0.00674,26,127.92,-84.15,0.99326,2,25,156.41,-68.92,0.01618,26,91.61,-48.33,0.98382,2,25,129.77,-25.43,0.00973,26,55.31,-12.52,0.99027,2,25,103.13,18.06,0.09597,26,19,23.3,0.90403,1,26,163.88,-47.71,1,1,26,127.57,-11.89,1,1,26,91.27,23.93,1,2,25,146.79,44.8,0.02477,26,54.96,59.75,0.97523,1,26,199.84,-11.26,1,1,26,163.53,24.56,1,1,26,127.23,60.38,1,2,25,190.45,71.54,0.00119,26,90.92,96.2,0.99881],"hull":20,"edges":[0,2,2,4,4,6,6,8,8,10,10,12,12,14,14,16,16,18,18,20,20,22,22,24,24,26,26,28,28,30,30,32,32,34,34,36,36,38,38,0],"width":255,"height":256}},"2huaguduo2":{"2shuye1":{"x":71.63,"y":201.77,"width":245,"height":510}},"2huaguduo3":{"2huaguduo3":{"type":"mesh","uvs":[1,1,0.85714,1,0.71429,1,0.57143,1,0.42857,1,0.28571,1,0.14286,1,0,1,0,0.92857,0,0.85714,0,0.78571,0,0.71429,0,0.64286,0,0.57143,0,0.5,0,0.42857,0,0.35714,0,0.28571,0,0.21429,0,0.14286,0,0.07143,0,0,0.14286,0,0.28571,0,0.42857,0,0.57143,0,0.71429,0,0.85714,0,1,0,1,0.07143,1,0.14286,1,0.21429,1,0.28571,1,0.35714,1,0.42857,1,0.5,1,0.57143,1,0.64286,1,0.71429,1,0.78571,1,0.85714,1,0.92857,0.85714,0.92857,0.71429,0.92857,0.57143,0.92857,0.42857,0.92857,0.28571,0.92857,0.14286,0.92857,0.85714,0.85714,0.71429,0.85714,0.57143,0.85714,0.42857,0.85714,0.28571,0.85714,0.14286,0.85714,0.85714,0.78571,0.71429,0.78571,0.57143,0.78571,0.42857,0.78571,0.28571,0.78571,0.14286,0.78571,0.85714,0.71429,0.71429,0.71429,0.57143,0.71429,0.42857,0.71429,0.28571,0.71429,0.14286,0.71429,0.85714,0.64286,0.71429,0.64286,0.57143,0.64286,0.42857,0.64286,0.28571,0.64286,0.14286,0.64286,0.85714,0.57143,0.71429,0.57143,0.57143,0.57143,0.42857,0.57143,0.28571,0.57143,0.14286,0.57143,0.85714,0.5,0.71429,0.5,0.57143,0.5,0.42857,0.5,0.28571,0.5,0.14286,0.5,0.85714,0.42857,0.71429,0.42857,0.57143,0.42857,0.42857,0.42857,0.28571,0.42857,0.14286,0.42857,0.85714,0.35714,0.71429,0.35714,0.57143,0.35714,0.42857,0.35714,0.28571,0.35714,0.14286,0.35714,0.85714,0.28571,0.71429,0.28571,0.57143,0.28571,0.42857,0.28571,0.28571,0.28571,0.14286,0.28571,0.85714,0.21429,0.71429,0.21429,0.57143,0.21429,0.42857,0.21429,0.28571,0.21429,0.14286,0.21429,0.85714,0.14286,0.71429,0.14286,0.57143,0.14286,0.42857,0.14286,0.28571,0.14286,0.14286,0.14286,0.85714,0.07143,0.71429,0.07143,0.57143,0.07143,0.42857,0.07143,0.28571,0.07143,0.14286,0.07143],"triangles":[2,3,43,3,44,43,3,4,44,4,45,44,44,45,50,45,51,50,4,5,45,5,46,45,45,46,51,46,52,51,51,52,57,52,58,57,5,6,46,6,47,46,46,47,52,47,53,52,52,53,58,53,59,58,58,59,64,6,7,47,7,8,47,47,8,53,8,9,53,53,9,59,9,10,59,59,10,65,10,11,65,0,1,41,1,42,41,41,42,40,42,48,40,40,48,39,48,54,39,39,54,38,54,60,38,38,60,37,60,66,37,37,66,36,66,72,36,1,2,42,2,43,42,42,43,48,43,49,48,48,49,54,49,55,54,54,55,60,55,61,60,60,61,66,61,67,66,66,67,72,67,73,72,43,44,49,44,50,49,49,50,55,50,56,55,55,56,61,56,62,61,61,62,67,62,68,67,67,68,73,68,74,73,73,74,79,74,80,79,50,51,56,51,57,56,56,57,62,57,63,62,62,63,68,63,69,68,68,69,74,69,75,74,74,75,80,75,81,80,80,81,86,57,58,63,58,64,63,63,64,69,64,70,69,69,70,75,70,76,75,75,76,81,76,82,81,81,82,87,82,88,87,59,65,64,64,65,70,65,71,70,70,71,76,71,77,76,76,77,82,77,83,82,82,83,88,83,89,88,65,11,71,11,12,71,71,12,77,12,13,77,77,13,83,13,14,83,83,14,89,14,15,89,89,15,95,15,16,95,36,72,35,72,78,35,35,78,34,78,84,34,34,84,33,84,90,33,33,90,32,90,96,32,32,96,31,96,102,31,31,102,30,102,108,30,30,108,29,108,114,29,29,114,28,114,27,28,72,73,78,73,79,78,78,79,84,79,85,84,84,85,90,85,91,90,90,91,96,91,97,96,96,97,102,97,103,102,102,103,108,103,109,108,108,109,114,109,115,114,114,115,27,115,26,27,79,80,85,80,86,85,85,86,91,86,92,91,91,92,97,92,98,97,97,98,103,98,104,103,103,104,109,104,110,109,109,110,115,110,116,115,115,116,26,116,25,26,81,87,86,86,87,92,87,93,92,92,93,98,93,99,98,98,99,104,99,105,104,104,105,110,105,111,110,110,111,116,111,117,116,116,117,25,117,24,25,87,88,93,88,94,93,93,94,99,94,100,99,99,100,105,100,106,105,105,106,111,106,112,111,111,112,117,112,118,117,117,118,24,118,23,24,88,89,94,89,95,94,94,95,100,95,101,100,100,101,106,101,107,106,106,107,112,107,113,112,112,113,118,113,119,118,118,119,23,119,22,23,95,16,101,16,17,101,101,17,107,17,18,107,107,18,113,18,19,113,113,19,119,19,20,119,119,20,22,20,21,22],"vertices":[3,29,-88.24,-173.05,0.0181,28,-15.54,-159.15,0.59392,27,56.56,-158.25,0.38798,3,29,-101.42,-151.81,0.01486,28,-25.64,-136.28,0.57267,27,47.55,-134.93,0.41247,3,29,-114.59,-130.56,0.00775,28,-35.73,-113.41,0.50628,27,38.54,-111.61,0.48598,3,29,-127.76,-109.31,0.00165,28,-45.82,-90.54,0.3891,27,29.53,-88.29,0.60926,2,28,-55.91,-67.66,0.23161,27,20.52,-64.97,0.76839,2,28,-66,-44.79,0.08362,27,11.51,-41.65,0.91638,2,28,-76.09,-21.92,0.00901,27,2.5,-18.33,0.99099,1,27,-6.51,4.99,1,1,27,13.81,12.84,1,1,27,34.13,20.69,1,2,28,-26.39,27.34,0.06081,27,54.45,28.54,0.93919,2,28,-6.45,36.13,0.45675,27,74.77,36.39,0.54325,3,29,-87.88,33.08,0,28,13.48,44.92,0.85106,27,95.09,44.24,0.14894,3,29,-69.36,44.56,0.01385,28,33.41,53.72,0.96831,27,115.42,52.1,0.01784,3,29,-50.85,56.04,0.09785,28,53.34,62.51,0.90215,27,135.74,59.95,0,2,29,-32.33,67.52,0.29076,28,73.27,71.31,0.70924,2,29,-13.82,79,0.53784,28,93.21,80.1,0.46216,2,29,4.7,90.48,0.74544,28,113.14,88.89,0.25456,2,29,23.22,101.96,0.87972,28,133.07,97.69,0.12028,2,29,41.73,113.44,0.95355,28,153,106.48,0.04645,2,29,60.25,124.92,0.98833,28,172.94,115.27,0.01167,2,29,78.76,136.4,0.99828,28,192.87,124.07,0.00172,2,29,91.94,115.15,0.99931,28,202.96,101.19,6.9E-4,1,29,105.11,93.9,1,1,29,118.28,72.65,1,1,29,131.46,51.41,1,1,29,144.63,30.16,1,1,29,157.8,8.91,1,1,29,170.98,-12.34,1,1,29,152.46,-23.82,1,1,29,133.95,-35.3,1,2,29,115.43,-46.78,0.99955,28,203.71,-62.42,4.5E-4,2,29,96.91,-58.26,0.98886,28,183.78,-71.22,0.01114,3,29,78.4,-69.74,0.9463,28,163.84,-80.01,0.05356,27,239.45,-87.59,1.4E-4,3,29,59.88,-81.22,0.8496,28,143.91,-88.81,0.14731,27,219.13,-95.44,0.00309,3,29,41.37,-92.7,0.69595,28,123.98,-97.6,0.28942,27,198.81,-103.29,0.01463,3,29,22.85,-104.18,0.51418,28,104.05,-106.39,0.44436,27,178.49,-111.14,0.04146,3,29,4.34,-115.66,0.34457,28,84.12,-115.19,0.56659,27,158.16,-118.99,0.08884,3,29,-14.18,-127.14,0.21116,28,64.18,-123.98,0.63205,27,137.84,-126.85,0.15679,3,29,-32.7,-138.61,0.11816,28,44.25,-132.77,0.64493,27,117.52,-134.7,0.23691,3,29,-51.21,-150.09,0.05957,28,24.32,-141.57,0.62707,27,97.2,-142.55,0.31335,3,29,-69.73,-161.57,0.02798,28,4.39,-150.36,0.60384,27,76.88,-150.4,0.36818,3,29,-82.9,-140.33,0.0238,28,-5.7,-127.49,0.58591,27,67.87,-127.08,0.39029,3,29,-96.07,-119.08,0.01386,28,-15.79,-104.61,0.52728,27,58.86,-103.76,0.45887,3,29,-109.25,-97.83,0.00445,28,-25.89,-81.74,0.41869,27,49.85,-80.44,0.57686,3,29,-122.42,-76.58,3.2E-4,28,-35.98,-58.87,0.2594,27,40.84,-57.12,0.74028,2,28,-46.07,-36,0.09187,27,31.83,-33.8,0.90813,2,28,-56.16,-13.12,0.00694,27,22.82,-10.48,0.99306,3,29,-64.38,-128.85,0.05208,28,14.23,-118.69,0.6179,27,88.19,-119.23,0.33002,3,29,-77.56,-107.6,0.03354,28,4.14,-95.82,0.58487,27,79.18,-95.91,0.38158,3,29,-90.73,-86.35,0.01378,28,-5.95,-72.95,0.5093,27,70.17,-72.59,0.47692,3,29,-103.9,-65.1,0.00227,28,-16.04,-50.08,0.36199,27,61.16,-49.27,0.63574,2,28,-26.14,-27.2,0.13222,27,52.15,-25.95,0.86778,2,28,-36.23,-4.33,0.00182,27,43.14,-2.63,0.99818,3,29,-45.87,-117.37,0.10507,28,34.16,-109.9,0.64936,27,108.51,-111.38,0.24557,3,29,-59.04,-96.12,0.07099,28,24.07,-87.03,0.6572,27,99.5,-88.06,0.27181,3,29,-72.22,-74.87,0.03159,28,13.98,-64.15,0.64903,27,90.49,-64.74,0.31938,3,29,-85.39,-53.62,0.00611,28,3.89,-41.28,0.58605,27,81.48,-41.42,0.40784,3,29,-98.56,-32.38,1.0E-5,28,-6.2,-18.41,0.33862,27,72.47,-18.1,0.66137,1,27,63.46,5.22,1,3,29,-27.35,-105.89,0.19089,28,54.09,-101.11,0.65104,27,128.83,-103.53,0.15807,3,29,-40.53,-84.64,0.13432,28,44,-78.23,0.70542,27,119.82,-80.21,0.16025,3,29,-53.7,-63.39,0.06164,28,33.91,-55.36,0.78015,27,110.81,-56.89,0.15821,3,29,-66.87,-42.14,0.01148,28,23.82,-32.49,0.84892,27,101.8,-33.57,0.13961,3,29,-80.05,-20.9,1.0E-5,28,13.73,-9.62,0.94033,27,92.79,-10.25,0.05966,2,28,3.64,13.26,0.64635,27,83.78,13.07,0.35365,3,29,-8.84,-94.41,0.31873,28,74.02,-92.31,0.59524,27,149.15,-95.67,0.08603,3,29,-22.01,-73.16,0.23856,28,63.93,-69.44,0.68512,27,140.14,-72.35,0.07632,3,29,-35.18,-51.91,0.11375,28,53.84,-46.57,0.83057,27,131.13,-49.03,0.05568,3,29,-48.36,-30.67,0.01657,28,43.75,-23.69,0.96091,27,122.12,-25.72,0.02252,2,28,33.66,-0.82,0.99991,27,113.11,-2.4,9.0E-5,2,28,23.57,22.05,0.95315,27,104.1,20.92,0.04685,3,29,9.68,-82.93,0.49182,28,93.96,-83.52,0.47003,27,169.48,-87.82,0.03815,3,29,-3.49,-61.68,0.40924,28,83.87,-60.65,0.5624,27,160.47,-64.5,0.02836,3,29,-16.67,-40.43,0.22323,28,73.77,-37.77,0.76317,27,151.46,-41.18,0.0136,3,29,-29.84,-19.19,0.02058,28,63.68,-14.9,0.97814,27,142.45,-17.86,0.00128,1,28,53.59,7.97,1,3,29,-56.19,23.31,0.00623,28,43.5,30.85,0.99018,27,124.43,28.78,0.00358,3,29,28.19,-71.45,0.68869,28,113.89,-74.73,0.29879,27,189.8,-79.97,0.01252,3,29,15.02,-50.2,0.657,28,103.8,-51.85,0.33572,27,180.79,-56.65,0.00728,3,29,1.85,-28.95,0.52896,28,93.71,-28.98,0.4693,27,171.78,-33.33,0.00174,2,29,-11.33,-7.71,0.00494,28,83.62,-6.11,0.99506,2,29,-24.5,13.54,0.01989,28,73.52,16.77,0.98011,2,29,-37.67,34.79,0.08099,28,63.43,39.64,0.91901,3,29,46.71,-59.97,0.85743,28,133.82,-65.93,0.14025,27,210.12,-72.12,0.00232,3,29,33.54,-38.72,0.88349,28,123.73,-43.06,0.11572,27,201.11,-48.8,7.9E-4,2,29,20.36,-17.47,0.94443,28,113.64,-20.19,0.05557,1,29,7.19,3.77,1,2,29,-5.98,25.02,0.41858,28,93.46,25.56,0.58142,2,29,-19.16,46.27,0.30875,28,83.37,48.43,0.69125,3,29,65.23,-48.49,0.95541,28,153.75,-57.14,0.04453,27,230.44,-64.27,6.0E-5,2,29,52.05,-27.24,0.97967,28,143.66,-34.27,0.02033,2,29,38.88,-5.99,0.99992,28,133.57,-11.39,8.0E-5,2,29,25.7,15.25,0.99119,28,123.48,11.48,0.00881,2,29,12.53,36.5,0.78467,28,113.39,34.35,0.21533,2,29,-0.64,57.75,0.59152,28,103.3,57.23,0.40848,2,29,83.74,-37.01,0.99272,28,173.69,-48.34,0.00728,2,29,70.57,-15.76,0.99895,28,163.59,-25.47,0.00105,1,29,57.39,5.49,1,2,29,44.22,26.73,0.99073,28,143.41,20.27,0.00927,2,29,31.05,47.98,0.90453,28,133.32,43.15,0.09547,2,29,17.87,69.23,0.79039,28,123.23,66.02,0.20961,2,29,102.26,-25.53,0.99988,28,193.62,-39.55,1.2E-4,1,29,89.08,-4.28,1,1,29,75.91,16.97,1,2,29,62.74,38.21,0.99501,28,163.34,29.07,0.00499,2,29,49.56,59.46,0.95816,28,153.25,51.94,0.04184,2,29,36.39,80.71,0.90441,28,143.16,74.81,0.09559,1,29,120.77,-14.05,1,1,29,107.6,7.2,1,1,29,94.43,28.45,1,2,29,81.25,49.69,0.99856,28,183.28,37.86,0.00144,2,29,68.08,70.94,0.98545,28,173.19,60.73,0.01455,2,29,54.9,92.19,0.96417,28,163.09,83.61,0.03583,1,29,139.29,-2.57,1,1,29,126.11,18.68,1,1,29,112.94,39.93,1,2,29,99.77,61.17,0.99995,28,203.21,46.65,5.0E-5,2,29,86.59,82.42,0.9973,28,193.12,69.53,0.0027,2,29,73.42,103.67,0.99165,28,183.03,92.4,0.00835],"hull":42,"edges":[0,2,2,4,4,6,6,8,8,10,10,12,12,14,14,16,16,18,18,20,20,22,22,24,24,26,26,28,28,30,30,32,32,34,34,36,36,38,38,40,40,42,42,44,44,46,46,48,48,50,50,52,52,54,54,56,56,58,58,60,60,62,62,64,64,66,66,68,68,70,70,72,72,74,74,76,76,78,78,80,80,82,82,0],"width":175,"height":305}},"2huaguduo4":{"2huaguduo4":{"type":"mesh","uvs":[1,1,0.66667,1,0.33333,1,0,1,0,0.94444,0,0.88889,0,0.83333,0,0.77778,0,0.72222,0,0.66667,0,0.61111,0,0.55556,0,0.5,0,0.44444,0,0.38889,0,0.33333,0,0.27778,0,0.22222,0,0.16667,0,0.11111,0,0.05556,0,0,0.33333,0,0.66667,0,1,0,1,0.05556,1,0.11111,1,0.16667,1,0.22222,1,0.27778,1,0.33333,1,0.38889,1,0.44444,1,0.5,1,0.55556,1,0.61111,1,0.66667,1,0.72222,1,0.77778,1,0.83333,1,0.88889,1,0.94444,0.66667,0.94444,0.33333,0.94444,0.66667,0.88889,0.33333,0.88889,0.66667,0.83333,0.33333,0.83333,0.66667,0.77778,0.33333,0.77778,0.66667,0.72222,0.33333,0.72222,0.66667,0.66667,0.33333,0.66667,0.66667,0.61111,0.33333,0.61111,0.66667,0.55556,0.33333,0.55556,0.66667,0.5,0.33333,0.5,0.66667,0.44444,0.33333,0.44444,0.66667,0.38889,0.33333,0.38889,0.66667,0.33333,0.33333,0.33333,0.66667,0.27778,0.33333,0.27778,0.66667,0.22222,0.33333,0.22222,0.66667,0.16667,0.33333,0.16667,0.66667,0.11111,0.33333,0.11111,0.66667,0.05556,0.33333,0.05556],"triangles":[20,21,22,75,20,22,19,20,75,73,19,75,18,19,73,71,18,73,17,18,71,69,17,71,16,17,69,67,16,69,15,16,67,65,15,67,14,15,65,63,14,65,13,14,63,75,22,23,74,75,23,73,75,74,72,73,74,71,73,72,70,71,72,69,71,70,68,69,70,67,69,68,66,67,68,65,67,66,64,65,66,63,65,64,62,63,64,61,63,62,74,23,24,25,74,24,72,74,25,26,72,25,70,72,26,27,70,26,68,70,27,28,68,27,66,68,28,29,66,28,64,66,29,30,64,29,62,64,30,31,62,30,61,13,63,12,13,61,59,12,61,11,12,59,57,11,59,10,11,57,60,61,62,59,61,60,58,59,60,57,59,58,56,57,58,55,57,56,60,62,31,32,60,31,58,60,32,33,58,32,56,58,33,34,56,33,54,56,34,55,10,57,9,10,55,53,9,55,8,9,53,51,8,53,7,8,51,49,7,51,6,7,49,54,55,56,53,55,54,52,53,54,51,53,52,50,51,52,49,51,50,48,49,50,47,49,48,35,54,34,52,54,35,36,52,35,50,52,36,37,50,36,48,50,37,38,48,37,47,6,49,5,6,47,45,5,47,4,5,45,43,4,45,3,4,43,2,3,43,46,47,48,45,47,46,44,45,46,43,45,44,42,43,44,2,43,42,1,2,42,46,48,38,39,46,38,44,46,39,40,44,39,42,44,40,41,42,40,1,42,41,0,1,41],"vertices":[1,19,-2.09,-9.84,1,1,19,7.43,22.46,1,1,19,16.94,54.75,1,2,19,26.46,87.04,0.99991,20,-83.3,76.27,9.0E-5,2,19,50.65,79.91,0.97502,20,-58.35,72.55,0.02498,2,19,74.85,72.79,0.86515,20,-33.41,68.83,0.13485,2,19,99.04,65.66,0.61024,20,-8.46,65.11,0.38976,2,19,123.23,58.53,0.27327,20,16.49,61.39,0.72673,3,19,147.43,51.4,0.06058,20,41.43,57.67,0.93712,21,-63.15,49.44,0.0023,3,19,171.62,44.27,0.00274,20,66.38,53.95,0.93372,21,-37.93,49.19,0.06355,3,20,91.33,50.23,0.66931,21,-12.71,48.95,0.33067,22,-102.5,44.35,2.0E-5,3,20,116.27,46.51,0.23925,21,12.51,48.7,0.74974,22,-77.3,45.25,0.01101,3,20,141.22,42.79,0.02579,21,37.73,48.46,0.8851,22,-52.09,46.15,0.08911,2,21,62.95,48.21,0.65891,22,-26.89,47.05,0.34109,2,21,88.17,47.97,0.23985,22,-1.68,47.95,0.76015,2,21,113.4,47.72,0.01577,22,23.53,48.85,0.98423,1,22,48.73,49.75,1,1,22,73.94,50.65,1,1,22,99.15,51.55,1,1,22,124.35,52.45,1,1,22,149.56,53.35,1,1,22,174.76,54.25,1,1,22,175.97,20.61,1,1,22,177.17,-13.04,1,1,22,178.37,-46.68,1,1,22,153.16,-47.58,1,1,22,127.96,-48.48,1,1,22,102.75,-49.38,1,1,22,77.54,-50.28,1,1,22,52.34,-51.19,1,2,21,112.42,-53.27,0.04471,22,27.13,-52.09,0.95529,2,21,87.19,-53.03,0.32155,22,1.93,-52.99,0.67845,3,20,151.27,-60.82,0.00514,21,61.97,-52.78,0.73178,22,-23.28,-53.89,0.26308,3,20,126.32,-57.1,0.08001,21,36.75,-52.54,0.87053,22,-48.49,-54.79,0.04945,3,20,101.38,-53.38,0.34967,21,11.53,-52.29,0.64836,22,-73.69,-55.69,0.00197,2,20,76.43,-49.66,0.7458,21,-13.69,-52.05,0.2542,3,19,143.08,-52.61,5.9E-4,20,51.48,-45.94,0.95876,21,-38.91,-51.8,0.04064,3,19,118.88,-45.48,0.06976,20,26.54,-42.22,0.92982,21,-64.13,-51.56,4.2E-4,2,19,94.69,-38.35,0.4603,20,1.59,-38.5,0.5397,2,19,70.49,-31.22,0.92444,20,-23.36,-34.78,0.07556,1,19,46.3,-24.1,1,1,19,22.11,-16.97,1,1,19,31.62,15.33,1,2,19,41.14,47.62,0.99184,20,-63.32,39.26,0.00816,1,19,55.82,8.2,1,2,19,65.33,40.49,0.93443,20,-38.37,35.53,0.06557,1,19,80.01,1.07,1,2,19,89.52,33.36,0.71538,20,-13.43,31.81,0.28462,2,19,104.2,-6.06,0.068,20,6.56,-5.2,0.932,2,19,113.72,26.24,0.2288,20,11.52,28.09,0.7712,2,19,128.4,-13.19,7.1E-4,20,31.5,-8.92,0.99929,2,19,137.91,19.11,0.0198,20,36.47,24.37,0.9802,2,20,56.45,-12.64,0.99444,21,-38.58,-18.14,0.00556,2,20,61.41,20.65,0.9918,21,-38.26,15.53,0.0082,2,20,81.39,-16.36,0.87369,21,-13.36,-18.38,0.12631,2,20,86.36,16.93,0.85208,21,-13.04,15.28,0.14792,2,20,106.34,-20.08,0.20768,21,11.86,-18.63,0.79232,3,20,111.31,13.21,0.09195,21,12.18,15.04,0.90675,22,-76.1,11.6,0.0013,3,20,131.29,-23.8,0.01928,21,37.08,-18.87,0.97237,22,-49.69,-21.14,0.00834,3,20,136.25,9.49,5.5E-4,21,37.41,14.79,0.97782,22,-50.89,12.5,0.02163,3,20,156.23,-27.52,3.0E-5,21,62.3,-19.12,0.90883,22,-24.48,-20.24,0.09114,2,21,62.63,14.55,0.86521,22,-25.68,13.4,0.13479,2,21,87.52,-19.36,0.27304,22,0.72,-19.34,0.72696,2,21,87.85,14.3,0.21699,22,-0.48,14.3,0.78301,2,21,112.74,-19.61,0.00153,22,25.93,-18.44,0.99847,1,22,24.73,15.21,1,1,22,51.14,-17.54,1,1,22,49.93,16.11,1,1,22,76.34,-16.64,1,1,22,75.14,17.01,1,1,22,101.55,-15.74,1,1,22,100.35,17.91,1,1,22,126.75,-14.84,1,1,22,125.55,18.81,1,1,22,151.96,-13.94,1,1,22,150.76,19.71,1],"hull":42,"edges":[0,2,2,4,4,6,6,8,8,10,10,12,12,14,14,16,16,18,18,20,20,22,22,24,24,26,26,28,28,30,30,32,32,34,34,36,36,38,38,40,40,42,42,44,44,46,46,48,48,50,50,52,52,54,54,56,56,58,58,60,60,62,62,64,64,66,66,68,68,70,70,72,72,74,74,76,76,78,78,80,80,82,82,0],"width":101,"height":454}},"2huaguduo5":{"2shuye2":{"type":"mesh","uvs":[1,1,0.5,1,0,1,0,0.85714,0,0.71429,0,0.57143,0,0.42857,0,0.28571,0,0.14286,0,0,0.5,0,1,0,1,0.14286,1,0.28571,1,0.42857,1,0.57143,1,0.71429,1,0.85714,0.5,0.85714,0.5,0.71429,0.5,0.57143,0.5,0.42857,0.5,0.28571,0.5,0.14286],"triangles":[0,1,17,1,18,17,17,18,16,18,19,16,16,19,15,19,20,15,15,20,14,20,21,14,14,21,13,21,22,13,13,22,12,22,23,12,12,23,11,23,10,11,1,2,18,2,3,18,18,3,19,3,4,19,19,4,20,4,5,20,20,5,21,5,6,21,21,6,22,6,7,22,22,7,23,7,8,23,23,8,10,8,9,10],"vertices":[1,15,-8.42,-18.57,1,3,15,21.08,64.86,0.71797,16,-49.04,67.32,0.2802,17,-101.52,78.36,0.00183,3,15,50.59,148.3,0.34062,16,-15.53,149.23,0.60767,17,-59.63,156.32,0.05171,3,15,97.87,131.58,0.23445,16,30.88,130.24,0.61354,17,-15.46,132.58,0.15201,3,15,145.14,114.86,0.06666,16,77.29,111.26,0.46543,17,28.71,108.85,0.46791,3,15,192.41,98.14,0.00374,16,123.7,92.27,0.16172,17,72.88,85.12,0.83454,2,16,170.11,73.28,0.01537,17,117.05,61.38,0.98463,1,17,161.22,37.65,1,1,17,205.39,13.92,1,1,17,249.56,-9.82,1,1,17,207.68,-87.78,1,1,17,165.79,-165.74,1,2,16,195.91,-128.51,0.00568,17,121.62,-142,0.99432,2,16,149.5,-109.52,0.04771,17,77.45,-118.27,0.95229,2,16,103.09,-90.54,0.20418,17,33.28,-94.53,0.79582,3,15,133.4,-68.73,0.00208,16,56.68,-71.55,0.60133,17,-10.89,-70.8,0.3966,3,15,86.12,-52.01,0.21511,16,10.27,-52.57,0.75229,17,-55.06,-47.07,0.03259,2,15,38.85,-35.29,0.94294,16,-36.14,-33.58,0.05706,3,15,68.36,48.15,0.46118,16,-2.63,48.33,0.52081,17,-57.35,54.62,0.018,3,15,115.63,31.43,0.0122,16,43.78,29.34,0.82928,17,-13.18,30.89,0.15851,2,16,90.19,10.36,0.00678,17,30.99,7.16,0.99322,2,16,136.6,-8.63,0.00566,17,75.16,-16.58,0.99434,2,16,183.01,-27.61,0.00251,17,119.33,-40.31,0.99749,2,16,229.42,-46.6,4.0E-5,17,163.51,-64.04,0.99996],"hull":18,"edges":[0,2,2,4,4,6,6,8,8,10,10,12,12,14,14,16,16,18,18,20,20,22,22,24,24,26,26,28,28,30,30,32,32,34,34,0],"width":177,"height":351}},"2shuitong":{"2shuitong":{"x":5,"y":-181,"width":280,"height":314}},"3hua1":{"3hua1":{"type":"mesh","uvs":[1,1,0.75,1,0.5,1,0.25,1,0,1,0,0.91667,0,0.83333,0,0.75,0,0.66667,0,0.58333,0,0.5,0,0.41667,0,0.33333,0,0.25,0,0.16667,0,0.08333,0,0,0.25,0,0.5,0,0.75,0,1,0,1,0.08333,1,0.16667,1,0.25,1,0.33333,1,0.41667,1,0.5,1,0.58333,1,0.66667,1,0.75,1,0.83333,1,0.91667,0.75,0.91667,0.5,0.91667,0.25,0.91667,0.75,0.83333,0.5,0.83333,0.25,0.83333,0.75,0.75,0.5,0.75,0.25,0.75,0.75,0.66667,0.5,0.66667,0.25,0.66667,0.75,0.58333,0.5,0.58333,0.25,0.58333,0.75,0.5,0.5,0.5,0.25,0.5,0.75,0.41667,0.5,0.41667,0.25,0.41667,0.75,0.33333,0.5,0.33333,0.25,0.33333,0.75,0.25,0.5,0.25,0.25,0.25,0.75,0.16667,0.5,0.16667,0.25,0.16667,0.75,0.08333,0.5,0.08333,0.25,0.08333],"triangles":[15,16,17,64,15,17,14,15,64,61,14,64,13,14,61,58,13,61,12,13,58,55,12,58,11,12,55,52,11,55,10,11,52,49,10,52,9,10,49,46,9,49,8,9,46,43,8,46,7,8,43,64,17,18,63,64,18,61,64,63,60,61,63,58,61,60,57,58,60,55,58,57,54,55,57,52,55,54,51,52,54,49,52,51,48,49,51,46,49,48,45,46,48,43,46,45,42,43,45,40,43,42,63,18,19,62,63,19,60,63,62,59,60,62,57,60,59,56,57,59,54,57,56,53,54,56,51,54,53,50,51,53,48,51,50,47,48,50,45,48,47,44,45,47,42,45,44,41,42,44,39,42,41,62,19,20,21,62,20,59,62,21,22,59,21,56,59,22,23,56,22,53,56,23,24,53,23,50,53,24,25,50,24,47,50,25,26,47,25,44,47,26,27,44,26,41,44,27,28,41,27,38,41,28,29,38,28,40,7,43,6,7,40,37,6,40,5,6,37,34,5,37,4,5,34,3,4,34,39,40,42,37,40,39,36,37,39,34,37,36,33,34,36,3,34,33,2,3,33,38,39,41,36,39,38,35,36,38,33,36,35,32,33,35,2,33,32,1,2,32,35,38,29,30,35,29,32,35,30,31,32,30,1,32,31,0,1,31],"vertices":[1,23,0.97,-65.94,1,1,23,-0.27,-38.96,1,1,23,-1.51,-11.99,1,1,23,-2.75,14.98,1,1,23,-3.99,41.95,1,2,23,19.48,43.03,0.99989,24,-57.9,37.53,1.1E-4,2,23,42.96,44.11,0.95195,24,-34.65,40.9,0.04805,2,23,66.43,45.19,0.67374,24,-11.39,44.28,0.32626,2,23,89.91,46.27,0.24714,24,11.87,47.66,0.75286,2,23,113.38,47.35,0.03724,24,35.12,51.04,0.96276,2,23,136.86,48.43,4.4E-4,24,58.38,54.42,0.99956,1,24,81.63,57.8,1,1,24,104.89,61.18,1,1,24,128.14,64.56,1,1,24,151.4,67.94,1,1,24,174.66,71.32,1,1,24,197.91,74.69,1,1,24,201.79,47.98,1,1,24,205.68,21.26,1,1,24,209.56,-5.46,1,1,24,213.44,-32.18,1,1,24,190.19,-35.56,1,1,24,166.93,-38.94,1,1,24,143.67,-42.32,1,1,24,120.42,-45.7,1,1,24,97.16,-49.08,1,2,23,141.82,-59.46,0.00672,24,73.91,-52.46,0.99328,2,23,118.34,-60.54,0.06585,24,50.65,-55.84,0.93415,2,23,94.87,-61.62,0.25248,24,27.39,-59.22,0.74752,2,23,71.39,-62.7,0.56737,24,4.14,-62.59,0.43263,2,23,47.92,-63.78,0.84442,24,-19.12,-65.97,0.15558,2,23,24.44,-64.86,0.97209,24,-42.37,-69.35,0.02791,2,23,23.2,-37.89,0.98728,24,-46.25,-42.63,0.01272,1,23,21.96,-10.91,1,1,23,20.72,16.06,1,2,23,46.68,-36.81,0.89569,24,-23,-39.25,0.10431,2,23,45.44,-9.83,0.99635,24,-26.88,-12.53,0.00365,2,23,44.2,17.14,0.99127,24,-30.76,14.18,0.00873,2,23,70.15,-35.73,0.58897,24,0.26,-35.87,0.41103,2,23,68.91,-8.76,0.7945,24,-3.63,-9.16,0.2055,2,23,67.67,18.22,0.73547,24,-7.51,17.56,0.26453,2,23,93.63,-34.65,0.19567,24,23.51,-32.5,0.80433,2,23,92.39,-7.68,0.01734,24,19.63,-5.78,0.98266,2,23,91.15,19.3,0.12269,24,15.75,20.94,0.87731,2,23,117.1,-33.57,0.03589,24,46.77,-29.12,0.96411,2,23,115.86,-6.6,4.7E-4,24,42.89,-2.4,0.99953,2,23,114.62,20.37,0.00894,24,39,24.32,0.99106,2,23,140.58,-32.49,0.00205,24,70.02,-25.74,0.99795,1,24,66.14,0.98,1,1,24,62.26,27.7,1,1,24,93.28,-22.36,1,1,24,89.4,4.36,1,1,24,85.52,31.08,1,1,24,116.54,-18.98,1,1,24,112.65,7.74,1,1,24,108.77,34.46,1,1,24,139.79,-15.6,1,1,24,135.91,11.12,1,1,24,132.03,37.84,1,1,24,163.05,-12.22,1,1,24,159.17,14.5,1,1,24,155.28,41.22,1,1,24,186.3,-8.84,1,1,24,182.42,17.88,1,1,24,178.54,44.6,1],"hull":32,"edges":[0,2,2,4,4,6,6,8,8,10,10,12,12,14,14,16,16,18,18,20,20,22,22,24,24,26,26,28,28,30,30,32,32,34,34,36,36,38,38,40,40,42,42,44,44,46,46,48,48,50,50,52,52,54,54,56,56,58,58,60,60,62,62,0],"width":108,"height":282}},"3niao":{"4niao":{"x":224.5,"y":-245,"width":195,"height":302}},"3shuye":{"3shuye":{"x":-190,"y":-385.5,"width":262,"height":121}},"3shuye4":{"3shuye4":{"type":"mesh","uvs":[1,1,0.8,1,0.6,1,0.4,1,0.2,1,0,1,0,0.88889,0,0.77778,0,0.66667,0,0.55556,0,0.44444,0,0.33333,0,0.22222,0,0.11111,0,0,0.2,0,0.4,0,0.6,0,0.8,0,1,0,1,0.11111,1,0.22222,1,0.33333,1,0.44444,1,0.55556,1,0.66667,1,0.77778,1,0.88889,0.8,0.88889,0.6,0.88889,0.4,0.88889,0.2,0.88889,0.8,0.77778,0.6,0.77778,0.4,0.77778,0.2,0.77778,0.8,0.66667,0.6,0.66667,0.4,0.66667,0.2,0.66667,0.8,0.55556,0.6,0.55556,0.4,0.55556,0.2,0.55556,0.8,0.44444,0.6,0.44444,0.4,0.44444,0.2,0.44444,0.8,0.33333,0.6,0.33333,0.4,0.33333,0.2,0.33333,0.8,0.22222,0.6,0.22222,0.4,0.22222,0.2,0.22222,0.8,0.11111,0.6,0.11111,0.4,0.11111,0.2,0.11111],"triangles":[0,1,27,1,28,27,27,28,26,28,32,26,26,32,25,32,36,25,25,36,24,36,40,24,24,40,23,40,44,23,23,44,22,44,48,22,22,48,21,48,52,21,21,52,20,52,56,20,20,56,19,56,18,19,1,2,28,2,29,28,28,29,32,29,33,32,32,33,36,33,37,36,36,37,40,37,41,40,40,41,44,41,45,44,44,45,48,45,49,48,48,49,52,49,53,52,52,53,56,53,57,56,56,57,18,57,17,18,2,3,29,3,30,29,29,30,33,30,34,33,33,34,37,34,38,37,37,38,41,38,42,41,41,42,45,42,46,45,45,46,49,46,50,49,49,50,53,50,54,53,53,54,57,54,58,57,57,58,17,58,16,17,3,4,30,4,31,30,30,31,34,31,35,34,34,35,38,35,39,38,38,39,42,39,43,42,42,43,46,43,47,46,46,47,50,47,51,50,50,51,54,51,55,54,54,55,58,55,59,58,58,59,16,59,15,16,4,5,31,5,6,31,31,6,35,6,7,35,35,7,39,7,8,39,39,8,43,8,9,43,43,9,47,9,10,47,47,10,51,10,11,51,51,11,55,11,12,55,55,12,59,12,13,59,59,13,15,13,14,15],"vertices":[1,31,7.42,-74.11,1,1,31,3.57,-51.03,1,1,31,-0.27,-27.95,1,1,31,-4.12,-4.86,1,1,31,-7.97,18.22,1,1,31,-11.81,41.3,1,1,31,9.89,44.92,1,1,31,31.59,48.53,1,1,31,53.29,52.15,1,1,31,74.99,55.77,1,1,31,96.69,59.38,1,1,31,118.39,63,1,1,31,140.09,66.62,1,1,31,161.79,70.23,1,1,31,183.49,73.85,1,1,31,187.34,50.77,1,1,31,191.19,27.69,1,1,31,195.03,4.61,1,1,31,198.88,-18.48,1,1,31,202.73,-41.56,1,1,31,181.03,-45.17,1,1,31,159.33,-48.79,1,1,31,137.63,-52.41,1,1,31,115.92,-56.02,1,1,31,94.22,-59.64,1,1,31,72.52,-63.26,1,1,31,50.82,-66.88,1,1,31,29.12,-70.49,1,1,31,25.28,-47.41,1,1,31,21.43,-24.33,1,1,31,17.58,-1.25,1,1,31,13.73,21.83,1,1,31,46.98,-43.79,1,1,31,43.13,-20.71,1,1,31,39.28,2.37,1,1,31,35.44,25.45,1,1,31,68.68,-40.18,1,1,31,64.83,-17.1,1,1,31,60.98,5.99,1,1,31,57.14,29.07,1,1,31,90.38,-36.56,1,1,31,86.53,-13.48,1,1,31,82.68,9.6,1,1,31,78.84,32.68,1,1,31,112.08,-32.94,1,1,31,108.23,-9.86,1,1,31,104.38,13.22,1,1,31,100.54,36.3,1,1,31,133.78,-29.33,1,1,31,129.93,-6.24,1,1,31,126.08,16.84,1,1,31,122.24,39.92,1,1,31,155.48,-25.71,1,1,31,151.63,-2.63,1,1,31,147.79,20.45,1,1,31,143.94,43.54,1,1,31,177.18,-22.09,1,1,31,173.33,0.99,1,1,31,169.49,24.07,1,1,31,165.64,47.15,1],"hull":28,"edges":[0,2,2,4,4,6,6,8,8,10,10,12,12,14,14,16,16,18,18,20,20,22,22,24,24,26,26,28,28,30,30,32,32,34,34,36,36,38,38,40,40,42,42,44,44,46,46,48,48,50,50,52,52,54,54,0],"width":117,"height":198}},"3shuye5":{"3shuye5":{"type":"mesh","uvs":[1,1,0.75,1,0.5,1,0.25,1,0,1,0,0.85714,0,0.71429,0,0.57143,0,0.42857,0,0.28571,0,0.14286,0,0,0.25,0,0.5,0,0.75,0,1,0,1,0.14286,1,0.28571,1,0.42857,1,0.57143,1,0.71429,1,0.85714,0.75,0.85714,0.5,0.85714,0.25,0.85714,0.75,0.71429,0.5,0.71429,0.25,0.71429,0.75,0.57143,0.5,0.57143,0.25,0.57143,0.75,0.42857,0.5,0.42857,0.25,0.42857,0.75,0.28571,0.5,0.28571,0.25,0.28571,0.75,0.14286,0.5,0.14286,0.25,0.14286],"triangles":[10,11,12,39,10,12,9,10,39,36,9,39,8,9,36,33,8,36,7,8,33,30,7,33,6,7,30,39,12,13,38,39,13,36,39,38,35,36,38,33,36,35,32,33,35,30,33,32,29,30,32,38,13,14,37,38,14,35,38,37,34,35,37,32,35,34,31,32,34,29,32,31,37,14,15,16,37,15,34,37,16,17,34,16,31,34,17,18,31,17,27,6,30,5,6,27,24,5,27,4,5,24,3,4,24,27,30,29,26,27,29,24,27,26,23,24,26,3,24,23,2,3,23,28,29,31,26,29,28,25,26,28,23,26,25,22,23,25,2,23,22,1,2,22,28,31,18,19,28,18,25,28,19,20,25,19,22,25,20,21,22,20,1,22,21,0,1,21],"vertices":[1,12,-13.95,-20.9,1,1,12,-2.28,3.17,1,2,12,9.39,27.24,0.99838,13,-53.05,26.05,0.00162,2,12,21.06,51.31,0.94402,13,-41.92,50.38,0.05598,2,12,32.73,75.39,0.89476,13,-30.8,74.71,0.10524,2,12,50.09,66.97,0.82513,13,-13.26,66.69,0.17487,2,12,67.44,58.56,0.61715,13,4.28,58.67,0.38285,2,12,84.79,50.14,0.32737,13,21.82,50.65,0.67263,2,12,102.15,41.73,0.10165,13,39.36,42.63,0.89835,2,12,119.5,33.32,0.01233,13,56.9,34.61,0.98767,1,13,74.44,26.6,1,1,13,91.98,18.58,1,1,13,80.85,-5.75,1,1,13,69.73,-30.08,1,2,12,119.2,-55.72,0.00396,13,58.61,-54.41,0.99604,2,12,107.53,-79.79,0.01449,13,47.49,-78.74,0.98551,2,12,90.17,-71.38,0.05111,13,29.95,-70.72,0.94889,2,12,72.82,-62.96,0.18055,13,12.41,-62.7,0.81945,2,12,55.46,-54.55,0.43351,13,-5.13,-54.68,0.56649,2,12,38.11,-46.14,0.74763,13,-22.67,-46.66,0.25237,2,12,20.76,-37.72,0.94797,13,-40.21,-38.64,0.05203,2,12,3.4,-29.31,0.9985,13,-57.75,-30.63,0.0015,1,12,15.07,-5.24,1,2,12,26.74,18.83,0.995,13,-35.51,18.03,0.005,2,12,38.41,42.9,0.89444,13,-24.38,42.36,0.10556,2,12,32.43,-13.65,0.9848,13,-29.09,-14.32,0.0152,2,12,44.1,10.42,0.98462,13,-17.97,10.01,0.01538,2,12,55.77,34.49,0.70773,13,-6.84,34.34,0.29227,2,12,49.78,-22.07,0.76827,13,-11.55,-22.33,0.23173,2,12,61.45,2,0.60783,13,-0.43,1.99,0.39217,2,12,73.12,26.07,0.3314,13,10.7,26.32,0.6686,2,12,67.13,-30.48,0.32382,13,5.99,-30.35,0.67618,2,12,78.81,-6.41,0.00448,13,17.11,-6.02,0.99552,2,12,90.48,17.66,0.05765,13,28.24,18.3,0.94235,2,12,84.49,-38.89,0.10474,13,23.53,-38.37,0.89526,2,12,96.16,-14.82,0.00232,13,34.65,-14.04,0.99768,2,12,107.83,9.25,0.00227,13,45.77,10.29,0.99773,2,12,101.84,-47.31,0.0243,13,41.07,-46.39,0.9757,2,12,113.51,-23.24,9.0E-5,13,52.19,-22.06,0.99991,1,13,63.31,2.27,1],"hull":22,"edges":[0,2,2,4,4,6,6,8,8,10,10,12,12,14,14,16,16,18,18,20,20,22,22,24,24,26,26,28,28,30,30,32,32,34,34,36,36,38,38,40,40,42,42,0],"width":107,"height":135}},"3shuye6":{"3shuye6":{"x":-115,"y":-345,"width":288,"height":182}},"3shuye7":{"3shuye7":{"x":40,"y":-378.5,"width":258,"height":125}},"3shuye8":{"3shuye8":{"type":"mesh","uvs":[1,1,0.90909,1,0.81818,1,0.72727,1,0.63636,1,0.54545,1,0.45455,1,0.36364,1,0.27273,1,0.18182,1,0.09091,1,0,1,0,0.83333,0,0.66667,0,0.5,0,0.33333,0,0.16667,0,0,0.09091,0,0.18182,0,0.27273,0,0.36364,0,0.45455,0,0.54545,0,0.63636,0,0.72727,0,0.81818,0,0.90909,0,1,0,1,0.16667,1,0.33333,1,0.5,1,0.66667,1,0.83333,0.90909,0.83333,0.81818,0.83333,0.72727,0.83333,0.63636,0.83333,0.54545,0.83333,0.45455,0.83333,0.36364,0.83333,0.27273,0.83333,0.18182,0.83333,0.09091,0.83333,0.90909,0.66667,0.81818,0.66667,0.72727,0.66667,0.63636,0.66667,0.54545,0.66667,0.45455,0.66667,0.36364,0.66667,0.27273,0.66667,0.18182,0.66667,0.09091,0.66667,0.90909,0.5,0.81818,0.5,0.72727,0.5,0.63636,0.5,0.54545,0.5,0.45455,0.5,0.36364,0.5,0.27273,0.5,0.18182,0.5,0.09091,0.5,0.90909,0.33333,0.81818,0.33333,0.72727,0.33333,0.63636,0.33333,0.54545,0.33333,0.45455,0.33333,0.36364,0.33333,0.27273,0.33333,0.18182,0.33333,0.09091,0.33333,0.90909,0.16667,0.81818,0.16667,0.72727,0.16667,0.63636,0.16667,0.54545,0.16667,0.45455,0.16667,0.36364,0.16667,0.27273,0.16667,0.18182,0.16667,0.09091,0.16667],"triangles":[0,1,33,1,34,33,33,34,32,34,44,32,32,44,31,44,54,31,31,54,30,54,64,30,30,64,29,64,74,29,29,74,28,74,27,28,1,2,34,2,35,34,34,35,44,35,45,44,44,45,54,45,55,54,54,55,64,55,65,64,64,65,74,65,75,74,74,75,27,75,26,27,2,3,35,3,36,35,35,36,45,36,46,45,45,46,55,46,56,55,55,56,65,56,66,65,65,66,75,66,76,75,75,76,26,76,25,26,3,4,36,4,37,36,36,37,46,37,47,46,46,47,56,47,57,56,56,57,66,57,67,66,66,67,76,67,77,76,76,77,25,77,24,25,57,58,67,67,68,77,77,78,24,4,5,37,5,38,37,37,38,47,38,48,47,47,48,57,48,58,57,58,68,67,68,78,77,78,23,24,5,6,38,6,39,38,38,39,48,39,49,48,48,49,58,49,59,58,58,59,68,59,69,68,68,69,78,69,79,78,78,79,23,79,22,23,6,7,39,7,40,39,39,40,49,40,50,49,49,50,59,50,60,59,59,60,69,60,70,69,69,70,79,70,80,79,79,80,22,80,21,22,40,41,50,50,51,60,51,61,60,60,61,70,61,71,70,70,71,80,71,81,80,80,81,21,81,20,21,61,62,71,62,72,71,71,72,81,72,82,81,81,82,20,82,19,20,72,73,82,73,83,82,82,83,19,83,18,19,83,16,18,16,17,18,7,8,40,8,41,40,41,51,50,8,9,41,9,42,41,41,42,51,42,52,51,51,52,61,52,62,61,9,10,42,10,43,42,42,43,52,43,53,52,52,53,62,53,63,62,62,63,72,63,73,72,10,11,43,11,12,43,43,12,53,12,13,53,53,13,63,13,14,63,63,14,73,14,15,73,73,15,83,15,16,83],"vertices":[2,36,111.47,-88.37,0.05204,37,74.67,-65.13,0.94796,2,36,95.85,-82.9,0.0804,37,58.14,-65.91,0.9196,3,35,104.62,-103.44,6.4E-4,36,80.24,-77.42,0.16844,37,41.61,-66.69,0.83092,3,35,92.61,-92.07,0.00801,36,64.63,-71.95,0.31547,37,25.08,-67.47,0.67652,3,35,80.59,-80.69,0.03501,36,49.01,-66.47,0.49246,37,8.56,-68.24,0.47252,3,35,68.57,-69.32,0.1038,36,33.4,-61,0.62751,37,-7.97,-69.02,0.26869,3,35,56.56,-57.95,0.24757,36,17.79,-55.52,0.63376,37,-24.5,-69.8,0.11867,3,35,44.54,-46.57,0.48885,36,2.17,-50.05,0.47402,37,-41.02,-70.58,0.03713,3,35,32.52,-35.2,0.77138,36,-13.44,-44.57,0.22248,37,-57.55,-71.35,0.00615,3,35,20.51,-23.83,0.95204,36,-29.05,-39.1,0.04788,37,-74.08,-72.13,8.0E-5,2,35,8.49,-12.46,0.99875,36,-44.67,-33.63,0.00125,1,35,-3.53,-1.08,1,1,35,9.53,12.72,1,2,35,22.59,26.52,0.98688,36,-47.71,7.71,0.01312,2,35,35.65,40.32,0.86194,36,-41.42,25.64,0.13806,2,35,48.71,54.12,0.64158,36,-35.13,43.57,0.35842,2,35,61.77,67.92,0.47161,36,-28.85,61.5,0.52839,2,35,74.84,81.72,0.41256,36,-22.56,79.43,0.58744,2,35,86.85,70.34,0.36947,36,-6.94,73.95,0.63053,2,35,98.87,58.97,0.25949,36,8.67,68.48,0.74051,3,35,110.89,47.6,0.13414,36,24.28,63,0.8605,37,-62.91,42.52,0.00536,3,35,122.9,36.22,0.04484,36,39.9,57.53,0.91281,37,-46.38,43.3,0.04235,3,35,134.92,24.85,0.00677,36,55.51,52.05,0.83467,37,-29.86,44.08,0.15857,3,35,146.94,13.48,2.0E-5,36,71.12,46.58,0.60223,37,-13.33,44.85,0.39775,2,36,86.74,41.1,0.29614,37,3.2,45.63,0.70386,2,36,102.35,35.63,0.08365,37,19.73,46.41,0.91635,2,36,117.96,30.15,0.00923,37,36.25,47.19,0.99077,1,37,52.78,47.96,1,1,37,69.31,48.74,1,1,37,70.2,29.76,1,1,37,71.09,10.78,1,2,36,130.33,-34.58,4.0E-4,37,71.99,-8.2,0.9996,2,36,124.04,-52.51,0.01443,37,72.88,-27.17,0.98557,2,36,117.75,-70.44,0.03969,37,73.77,-46.15,0.96031,2,36,102.14,-64.97,0.06464,37,57.25,-46.93,0.93536,3,35,117.69,-89.64,2.7E-4,36,86.53,-59.49,0.14559,37,40.72,-47.71,0.85414,3,35,105.67,-78.27,0.00513,36,70.91,-54.02,0.29399,37,24.19,-48.49,0.70088,3,35,93.65,-66.89,0.02474,36,55.3,-48.54,0.49601,37,7.66,-49.26,0.47925,3,35,81.63,-55.52,0.07627,36,39.69,-43.07,0.67007,37,-8.86,-50.04,0.25367,3,35,69.62,-44.15,0.18951,36,24.07,-37.59,0.71037,37,-25.39,-50.82,0.10012,3,35,57.6,-32.77,0.41894,36,8.46,-32.12,0.55357,37,-41.92,-51.6,0.02749,3,35,45.58,-21.4,0.76695,36,-7.15,-26.65,0.22945,37,-58.45,-52.38,0.0036,2,35,33.57,-10.03,0.97311,36,-22.77,-21.17,0.02689,1,35,21.55,1.34,1,2,36,108.43,-47.04,0.02868,37,56.35,-27.95,0.97132,2,36,92.81,-41.56,0.08152,37,39.82,-28.73,0.91848,3,35,118.73,-64.47,8.5E-4,36,77.2,-36.09,0.21227,37,23.3,-29.51,0.78687,3,35,106.71,-53.09,0.00668,36,61.59,-30.61,0.48335,37,6.77,-30.29,0.50997,3,35,94.69,-41.72,0.02325,36,45.97,-25.14,0.77933,37,-9.76,-31.06,0.19742,3,35,82.68,-30.35,0.05928,36,30.36,-19.67,0.89216,37,-26.28,-31.84,0.04856,3,35,70.66,-18.98,0.15132,36,14.75,-14.19,0.84105,37,-42.81,-32.62,0.00763,3,35,58.64,-7.6,0.70849,36,-0.87,-8.72,0.29128,37,-59.34,-33.4,2.3E-4,1,35,46.63,3.77,1,2,35,34.61,15.14,0.99175,36,-32.09,2.23,0.00825,2,36,114.71,-29.11,0.00252,37,55.46,-8.97,0.99748,2,36,99.1,-23.63,0.01227,37,38.93,-9.75,0.98773,2,36,83.49,-18.16,0.05198,37,22.4,-10.53,0.94802,3,35,119.77,-39.29,3.0E-5,36,67.87,-12.69,0.3423,37,5.88,-11.31,0.65767,3,35,107.76,-27.92,4.8E-4,36,52.26,-7.21,0.94238,37,-10.65,-12.08,0.05713,3,35,95.74,-16.55,3.7E-4,36,36.65,-1.74,0.99855,37,-27.18,-12.86,0.00108,1,36,21.03,3.74,1,2,35,71.7,6.2,0.12023,36,5.42,9.21,0.87977,2,35,59.69,17.57,0.70663,36,-10.19,14.69,0.29337,2,35,47.67,28.94,0.84024,36,-25.81,20.16,0.15976,1,37,54.57,10.01,1,1,37,38.04,9.23,1,1,37,21.51,8.45,1,2,36,74.16,5.24,0.105,37,4.98,7.67,0.895,2,36,58.55,10.72,0.89269,37,-11.54,6.89,0.10731,3,35,108.8,-2.75,7.0E-5,36,42.93,16.19,0.9844,37,-28.07,6.12,0.01552,3,35,96.78,8.62,0.01576,36,27.32,21.67,0.98238,37,-44.6,5.34,0.00186,2,35,84.76,20,0.14082,36,11.71,27.14,0.85918,2,35,72.75,31.37,0.40129,36,-3.91,32.62,0.59871,2,35,60.73,42.74,0.58568,36,-19.52,38.09,0.41432,1,37,53.67,28.98,1,2,36,111.68,12.22,0.00257,37,37.15,28.21,0.99743,2,36,96.06,17.7,0.0498,37,20.62,27.43,0.9502,2,36,80.45,23.17,0.26682,37,4.09,26.65,0.73318,2,36,64.84,28.65,0.65152,37,-12.44,25.87,0.34848,3,35,121.86,11.05,0.00393,36,49.22,34.12,0.88442,37,-28.96,25.1,0.11165,3,35,109.84,22.42,0.03792,36,33.61,39.6,0.9367,37,-45.49,24.32,0.02538,3,35,97.83,33.8,0.13707,36,17.99,45.07,0.86064,37,-62.02,23.54,0.00229,2,35,85.81,45.17,0.29002,36,2.38,50.55,0.70998,2,35,73.79,56.54,0.42193,36,-13.23,56.02,0.57807],"hull":34,"edges":[0,2,2,4,4,6,6,8,8,10,10,12,12,14,14,16,16,18,18,20,20,22,22,24,24,26,26,28,28,30,30,32,32,34,34,36,36,38,38,40,40,42,42,44,44,46,46,48,48,50,50,52,52,54,54,56,56,58,58,60,60,62,62,64,64,66,66,0],"width":182,"height":114}},"4piaochong":{"4piaochong":{"x":-46,"y":-223.5,"width":106,"height":111}},"ditu":{"ditu":{"type":"mesh","uvs":[1,1,0,1,0,0,1,0],"triangles":[1,2,3,1,3,0],"vertices":[341,-459,-341,-459,-341,459,341,459],"hull":4,"edges":[0,2,2,4,4,6,0,6],"width":682,"height":918}},"hd1":{"hd1":{"x":7.77,"y":10.87,"width":79,"height":85}},"hd2":{"hd2":{"x":22.96,"y":-6.77,"rotation":-177.98,"width":57,"height":127}},"hd3":{"hd3":{"x":31.22,"y":-12.16,"rotation":-173.71,"width":69,"height":106}},"mf1":{"mf1":{"x":8.36,"y":12.98,"width":79,"height":97}},"nf2":{"nf2":{"x":-1.15,"y":10.43,"width":82,"height":88}},"ty1":{"ty1":{"y":-127,"width":682,"height":286}},"ty2":{"ty2":{"x":-9.5,"y":-362,"width":399,"height":138}},"ty3":{"ty3":{"x":-85.5,"y":-360.5,"width":481,"height":187}},"ty4":{"ty4":{"x":99.5,"y":-299.5,"width":401,"height":213}},"ty21":{"ty21":{"type":"mesh","uvs":[0.99329,0.99735,0.66443,0.99735,0.33557,0.99735,0.00671,0.99735,0.00671,0.89788,0.00671,0.79841,0.00671,0.69894,0.00671,0.59947,0.00671,0.5,0.00671,0.40053,0.00671,0.30106,0.00671,0.20159,0.00671,0.10212,0.00671,0.00265,0.33557,0.00265,0.66443,0.00265,0.99329,0.00265,0.99329,0.10212,0.99329,0.20159,0.99329,0.30106,0.99329,0.40053,0.99329,0.5,0.99329,0.59947,0.99329,0.69894,0.99329,0.79841,0.99329,0.89788,0.66443,0.89788,0.33557,0.89788,0.66443,0.79841,0.33557,0.79841,0.66443,0.69894,0.33557,0.69894,0.66443,0.59947,0.33557,0.59947,0.66443,0.5,0.33557,0.5,0.66443,0.40053,0.33557,0.40053,0.66443,0.30106,0.33557,0.30106,0.66443,0.20159,0.33557,0.20159,0.66443,0.10212,0.33557,0.10212],"triangles":[12,13,14,43,12,14,11,12,43,41,11,43,10,11,41,43,14,15,42,43,15,41,43,42,40,41,42,42,15,16,17,42,16,40,42,17,18,40,17,38,40,18,19,38,18,39,10,41,9,10,39,37,9,39,8,9,37,39,41,40,38,39,40,37,39,38,36,37,38,36,38,19,35,8,37,7,8,35,33,7,35,6,7,33,31,6,33,35,37,36,34,35,36,33,35,34,32,33,34,31,33,32,20,36,19,34,36,20,21,34,20,32,34,21,22,32,21,30,32,22,23,30,22,5,6,31,29,5,31,4,5,29,27,4,29,3,4,27,2,3,27,30,31,32,29,31,30,28,29,30,27,29,28,26,27,28,2,27,26,28,30,23,1,2,26,24,28,23,26,28,24,25,26,24,1,26,25,0,1,25],"vertices":[2,18,88.94,-22.39,0.99911,20,-132.88,-99.09,8.9E-4,1,18,39.94,-22.39,1,1,19,-19.16,14.21,1,1,19,-5.31,61.21,1,1,19,30.66,50.61,1,2,19,66.63,40.01,0.99809,20,-37.02,35.24,0.00191,2,19,102.6,29.42,0.50878,20,0.07,29.71,0.49122,1,20,37.16,24.18,1,1,20,74.25,18.65,1,2,20,111.34,13.12,0.04284,21,12.24,14.95,0.95716,2,21,49.73,14.58,0.99647,22,-38.57,12.85,0.00353,2,21,87.23,14.22,0.02217,22,-1.09,14.19,0.97783,1,22,36.39,15.53,1,1,22,73.86,16.87,1,2,21,161.75,-35.51,0.0016,22,75.61,-32.1,0.9984,3,20,245.25,-105.94,0.00629,21,161.28,-84.5,0.05489,22,77.36,-81.07,0.93882,3,20,238.02,-154.4,0.01342,21,160.8,-133.5,0.08985,22,79.11,-130.04,0.89673,3,20,200.93,-148.87,0.03668,21,123.3,-133.14,0.14744,22,41.63,-131.38,0.81588,5,18,88.94,277.61,2.0E-5,19,240.91,-164.58,4.8E-4,20,163.84,-143.34,0.11367,21,85.8,-132.77,0.28047,22,4.16,-132.71,0.60536,5,18,88.94,240.11,0.00207,19,204.94,-153.99,0.00831,20,126.75,-137.81,0.25697,21,48.31,-132.41,0.37717,22,-33.32,-134.05,0.35548,5,18,88.94,202.61,0.01319,19,168.97,-143.39,0.03955,20,89.66,-132.27,0.44267,21,10.81,-132.05,0.34118,22,-70.8,-135.39,0.16342,5,18,88.94,165.11,0.04656,19,133,-132.79,0.11682,20,52.57,-126.74,0.56961,21,-26.69,-131.68,0.20973,22,-108.27,-136.73,0.05728,5,18,88.94,127.61,0.12501,19,97.03,-122.19,0.24571,20,15.48,-121.21,0.52754,21,-64.19,-131.32,0.08869,22,-145.75,-138.07,0.01305,5,18,88.94,90.11,0.28589,19,61.06,-111.59,0.35338,20,-21.61,-115.68,0.33521,21,-101.69,-130.95,0.02451,22,-183.22,-139.41,0.00101,4,18,88.94,52.61,0.55879,19,25.09,-100.99,0.30003,20,-58.7,-110.15,0.13816,21,-139.19,-130.59,0.00302,3,18,88.94,15.11,0.86895,19,-10.88,-90.39,0.10087,20,-95.79,-104.62,0.03018,3,18,39.94,15.11,0.8201,19,2.96,-43.39,0.16524,20,-88.56,-56.16,0.01466,1,19,16.81,3.61,1,4,18,39.94,52.61,0.39951,19,38.94,-53.99,0.50036,20,-51.47,-61.69,0.09916,21,-138.71,-81.59,9.8E-4,3,18,-9.06,52.61,0.01509,19,52.78,-6.99,0.97991,20,-44.24,-13.22,0.005,5,18,39.94,90.11,0.18245,19,74.91,-64.59,0.46852,20,-14.38,-67.22,0.33522,21,-101.21,-81.96,0.01355,22,-184.97,-90.44,2.6E-4,4,18,-9.06,90.11,0.01747,19,88.76,-17.59,0.70556,20,-7.15,-18.75,0.27669,21,-100.74,-32.96,2.8E-4,5,18,39.94,127.61,0.07848,19,110.88,-75.19,0.23831,20,22.71,-72.75,0.61197,21,-63.71,-82.32,0.06425,22,-147.5,-89.1,0.00699,5,18,-9.06,127.61,0.01017,19,124.73,-28.19,0.07519,20,29.94,-24.28,0.90623,21,-63.24,-33.32,0.00817,22,-149.25,-40.13,2.4E-4,5,18,39.94,165.11,0.02877,19,146.85,-85.79,0.08612,20,59.8,-78.28,0.64895,21,-26.21,-82.68,0.19927,22,-110.02,-87.76,0.03689,5,18,-9.06,165.11,0.00392,19,160.7,-38.78,0.01257,20,67.03,-29.82,0.88352,21,-25.74,-33.69,0.09532,22,-111.77,-38.79,0.00468,5,18,39.94,202.61,0.00768,19,182.82,-96.38,0.02418,20,96.89,-83.81,0.44587,21,11.28,-83.05,0.4027,22,-72.54,-86.42,0.11957,5,18,-9.06,202.61,7.2E-4,19,196.67,-49.38,0.00181,20,104.12,-35.35,0.36158,21,11.76,-34.05,0.61191,22,-74.29,-37.45,0.02398,5,18,39.94,240.11,9.5E-4,19,218.79,-106.98,0.00403,20,133.98,-89.34,0.21615,21,48.78,-83.41,0.47402,22,-35.07,-85.08,0.30485,5,18,-9.06,240.11,0,19,232.64,-59.98,3.0E-5,20,141.21,-40.88,0.07145,21,49.26,-34.41,0.81879,22,-36.82,-36.11,0.10973,4,19,254.76,-117.58,8.0E-5,20,171.07,-94.87,0.08244,21,86.28,-83.78,0.31443,22,2.41,-83.75,0.60305,3,20,178.3,-46.41,0.0175,21,86.76,-34.78,0.37916,22,0.66,-34.78,0.60334,3,20,208.16,-100.4,0.02279,21,123.78,-84.14,0.12156,22,39.88,-82.41,0.85565,3,20,215.39,-51.94,0.00266,21,124.25,-35.14,0.02722,22,38.14,-33.44,0.97012],"hull":26,"edges":[0,2,2,4,4,6,6,8,8,10,10,12,12,14,14,16,16,18,18,20,20,22,22,24,24,26,26,28,28,30,30,32,32,34,34,36,36,38,38,40,40,42,42,44,44,46,46,48,48,50,50,0],"width":149,"height":377}},"ty22":{"ty22":{"type":"mesh","uvs":[0.99541,0.99485,0.89633,0.99485,0.79725,0.99485,0.69817,0.99485,0.59908,0.99485,0.5,0.99485,0.40092,0.99485,0.30183,0.99485,0.20275,0.99485,0.10367,0.99485,0.00459,0.99485,0.00459,0.87113,0.00459,0.74742,0.00459,0.62371,0.00459,0.5,0.00459,0.37629,0.00459,0.25258,0.00459,0.12887,0.00459,0.00515,0.10367,0.00515,0.20275,0.00515,0.30183,0.00515,0.40092,0.00515,0.5,0.00515,0.59908,0.00515,0.69817,0.00515,0.79725,0.00515,0.89633,0.00515,0.99541,0.00515,0.99541,0.12887,0.99541,0.25258,0.99541,0.37629,0.99541,0.5,0.99541,0.62371,0.99541,0.74742,0.99541,0.87113,0.89633,0.87113,0.79725,0.87113,0.69817,0.87113,0.59908,0.87113,0.5,0.87113,0.40092,0.87113,0.30183,0.87113,0.20275,0.87113,0.10367,0.87113,0.89633,0.74742,0.79725,0.74742,0.69817,0.74742,0.59908,0.74742,0.5,0.74742,0.40092,0.74742,0.30183,0.74742,0.20275,0.74742,0.10367,0.74742,0.89633,0.62371,0.79725,0.62371,0.69817,0.62371,0.59908,0.62371,0.5,0.62371,0.40092,0.62371,0.30183,0.62371,0.20275,0.62371,0.10367,0.62371,0.89633,0.5,0.79725,0.5,0.69817,0.5,0.59908,0.5,0.5,0.5,0.40092,0.5,0.30183,0.5,0.20275,0.5,0.10367,0.5,0.89633,0.37629,0.79725,0.37629,0.69817,0.37629,0.59908,0.37629,0.5,0.37629,0.40092,0.37629,0.30183,0.37629,0.20275,0.37629,0.10367,0.37629,0.89633,0.25258,0.79725,0.25258,0.69817,0.25258,0.59908,0.25258,0.5,0.25258,0.40092,0.25258,0.30183,0.25258,0.20275,0.25258,0.10367,0.25258,0.89633,0.12887,0.79725,0.12887,0.69817,0.12887,0.59908,0.12887,0.5,0.12887,0.40092,0.12887,0.30183,0.12887,0.20275,0.12887,0.10367,0.12887],"triangles":[4,5,39,5,40,39,5,6,40,6,41,40,40,41,49,41,50,49,49,50,58,6,7,41,7,42,41,41,42,50,42,51,50,50,51,59,51,60,59,7,8,42,8,43,42,42,43,51,43,52,51,51,52,60,52,61,60,60,61,69,61,70,69,8,9,43,9,44,43,43,44,52,44,53,52,52,53,61,53,62,61,61,62,70,62,71,70,70,71,79,71,80,79,9,10,44,10,11,44,44,11,53,11,12,53,53,12,62,12,13,62,62,13,71,13,14,71,71,14,80,14,15,80,0,1,35,1,36,35,35,36,34,36,45,34,34,45,33,45,54,33,33,54,32,54,63,32,32,63,31,63,72,31,31,72,30,72,81,30,30,81,29,81,90,29,29,90,28,90,27,28,1,2,36,2,37,36,36,37,45,37,46,45,45,46,54,46,55,54,54,55,63,55,64,63,63,64,72,64,73,72,72,73,81,73,82,81,81,82,90,82,91,90,90,91,27,91,26,27,2,3,37,3,38,37,37,38,46,38,47,46,46,47,55,47,56,55,55,56,64,56,65,64,64,65,73,65,74,73,73,74,82,74,83,82,82,83,91,83,92,91,91,92,26,92,25,26,3,4,38,4,39,38,38,39,47,39,48,47,47,48,56,48,57,56,56,57,65,57,66,65,65,66,74,66,75,74,74,75,83,75,84,83,83,84,92,84,93,92,92,93,25,93,24,25,39,40,48,40,49,48,48,49,57,49,58,57,57,58,66,58,67,66,66,67,75,67,76,75,75,76,84,76,85,84,84,85,93,85,94,93,93,94,24,94,23,24,50,59,58,58,59,67,59,68,67,67,68,76,68,77,76,76,77,85,77,86,85,85,86,94,86,95,94,94,95,23,95,22,23,59,60,68,60,69,68,68,69,77,69,78,77,77,78,86,78,87,86,86,87,95,87,96,95,95,96,22,96,21,22,69,70,78,70,79,78,78,79,87,79,88,87,87,88,96,88,97,96,96,97,21,97,20,21,79,80,88,80,89,88,88,89,97,89,98,97,97,98,20,98,19,20,80,15,89,15,16,89,89,16,98,16,17,98,98,17,19,17,18,19],"vertices":[2,26,47.27,-171.78,0.77047,25,83.71,-178.1,0.22953,2,26,31.89,-156.61,0.75449,25,72.43,-159.68,0.24551,2,26,16.51,-141.44,0.70581,25,61.14,-141.26,0.29419,2,26,1.14,-126.27,0.62199,25,49.86,-122.85,0.37801,2,26,-14.24,-111.1,0.50189,25,38.58,-104.43,0.49811,2,26,-29.61,-95.93,0.3523,25,27.3,-86.01,0.6477,2,26,-44.99,-80.76,0.19703,25,16.02,-67.59,0.80297,2,26,-60.36,-65.59,0.07517,25,4.74,-49.17,0.92483,2,26,-75.74,-50.41,0.01391,25,-6.55,-30.75,0.98609,2,26,-91.12,-35.24,1.7E-4,25,-17.83,-12.33,0.99983,1,25,-29.11,6.09,1,1,25,-8.64,18.63,1,1,25,11.82,31.16,1,2,26,-55.92,31.18,0.02692,25,32.29,43.7,0.97308,2,26,-39.07,48.26,0.1931,25,52.75,56.23,0.8069,2,26,-22.21,65.35,0.47611,25,73.22,68.77,0.52389,2,26,-5.35,82.43,0.71613,25,93.69,81.3,0.28387,2,26,11.5,99.52,0.85091,25,114.15,93.84,0.14909,2,26,28.36,116.6,0.89278,25,134.62,106.38,0.10722,2,26,43.73,101.43,0.90997,25,145.9,87.96,0.09003,2,26,59.11,86.26,0.94889,25,157.18,69.54,0.05111,2,26,74.49,71.09,0.98402,25,168.46,51.12,0.01598,2,26,89.86,55.92,0.99881,25,179.75,32.7,0.00119,1,26,105.24,40.75,1,1,26,120.61,25.58,1,1,26,135.99,10.4,1,1,26,151.36,-4.77,1,1,26,166.74,-19.94,1,1,26,182.12,-35.11,1,2,26,165.26,-52.19,0.99915,25,226.97,-90.36,8.5E-4,2,26,148.4,-69.28,0.9919,25,206.51,-102.89,0.0081,2,26,131.55,-86.36,0.97116,25,186.04,-115.43,0.02884,2,26,114.69,-103.44,0.93313,25,165.57,-127.96,0.06687,2,26,97.83,-120.53,0.88117,25,145.11,-140.5,0.11883,2,26,80.98,-137.61,0.82693,25,124.64,-153.03,0.17307,2,26,64.12,-154.7,0.78573,25,104.17,-165.57,0.21427,2,26,48.75,-139.53,0.77114,25,92.89,-147.15,0.22886,2,26,33.37,-124.35,0.72664,25,81.61,-128.73,0.27336,2,26,17.99,-109.18,0.64883,25,70.33,-110.31,0.35117,2,26,2.62,-94.01,0.53418,25,59.05,-91.89,0.46582,2,26,-12.76,-78.84,0.38339,25,47.77,-73.47,0.61661,2,26,-28.13,-63.67,0.21445,25,36.48,-55.05,0.78555,2,26,-43.51,-48.5,0.07522,25,25.2,-36.63,0.92478,2,26,-58.88,-33.33,0.01031,25,13.92,-18.21,0.98969,1,25,2.64,0.21,1,2,26,65.6,-122.44,0.81606,25,113.36,-134.61,0.18394,2,26,50.23,-107.27,0.78268,25,102.08,-116.19,0.21732,2,26,34.85,-92.1,0.7236,25,90.8,-97.77,0.2764,2,26,19.47,-76.93,0.63108,25,79.51,-79.35,0.36892,2,26,4.1,-61.76,0.49101,25,68.23,-60.94,0.50899,2,26,-11.28,-46.59,0.28917,25,56.95,-42.52,0.71083,2,26,-26.65,-31.42,0.07908,25,45.67,-24.1,0.92092,2,26,-42.03,-16.25,0.00246,25,34.39,-5.68,0.99754,1,25,23.1,12.74,1,2,26,82.46,-105.36,0.87526,25,133.83,-122.08,0.12474,2,26,67.08,-90.19,0.85737,25,122.54,-103.66,0.14263,2,26,51.71,-75.02,0.82637,25,111.26,-85.24,0.17363,2,26,36.33,-59.84,0.7786,25,99.98,-66.82,0.2214,2,26,20.96,-44.67,0.69937,25,88.7,-48.4,0.30063,2,26,5.58,-29.5,0.53049,25,77.42,-29.98,0.46951,2,26,-9.8,-14.33,0.11047,25,66.13,-11.56,0.88953,2,26,-25.17,0.84,6.0E-5,25,54.85,6.86,0.99994,2,26,-40.55,16.01,0.01673,25,43.57,25.28,0.98327,2,26,99.31,-88.27,0.93135,25,154.29,-109.54,0.06865,2,26,83.94,-73.1,0.92658,25,143.01,-91.12,0.07342,2,26,68.56,-57.93,0.92056,25,131.73,-72.7,0.07944,2,26,53.19,-42.76,0.91604,25,120.45,-54.28,0.08396,2,26,37.81,-27.59,0.91838,25,109.16,-35.86,0.08162,2,26,22.44,-12.42,0.94133,25,97.88,-17.44,0.05867,2,26,7.06,2.75,0.99919,25,86.6,0.97,8.1E-4,2,26,-8.32,17.92,0.28728,25,75.32,19.39,0.71272,2,26,-23.69,33.09,0.20472,25,64.04,37.81,0.79528,2,26,116.17,-71.19,0.97153,25,174.76,-97.01,0.02847,2,26,100.8,-56.02,0.97287,25,163.48,-78.59,0.02713,2,26,85.42,-40.85,0.97652,25,152.19,-60.17,0.02348,2,26,70.04,-25.68,0.98413,25,140.91,-41.75,0.01587,2,26,54.67,-10.51,0.99488,25,129.63,-23.33,0.00512,1,26,39.29,4.66,1,2,26,23.92,19.84,0.95648,25,107.07,13.51,0.04352,2,26,8.54,35.01,0.71561,25,95.78,31.93,0.28439,2,26,-6.83,50.18,0.5296,25,84.5,50.35,0.4704,2,26,133.03,-54.1,0.99247,25,195.22,-84.47,0.00753,2,26,117.65,-38.93,0.99416,25,183.94,-66.05,0.00584,2,26,102.28,-23.76,0.9968,25,172.66,-47.63,0.0032,2,26,86.9,-8.59,0.99933,25,161.38,-29.21,6.7E-4,1,26,71.52,6.58,1,2,26,56.15,21.75,0.99913,25,138.81,7.63,8.7E-4,2,26,40.77,36.92,0.96613,25,127.53,26.05,0.03387,2,26,25.4,52.09,0.86446,25,116.25,44.47,0.13554,2,26,10.02,67.26,0.7576,25,104.97,62.88,0.2424,2,26,149.88,-37.02,0.99932,25,215.69,-71.94,6.8E-4,2,26,134.51,-21.85,0.99973,25,204.41,-53.52,2.7E-4,1,26,119.13,-6.68,1,1,26,103.76,8.49,1,1,26,88.38,23.66,1,2,26,73.01,38.83,0.99858,25,159.28,20.16,0.00142,2,26,57.63,54,0.97891,25,148,38.58,0.02109,2,26,42.25,69.17,0.92945,25,136.72,57,0.07055,2,26,26.88,84.34,0.8747,25,125.43,75.42,0.1253],"hull":36,"edges":[0,2,2,4,4,6,6,8,8,10,10,12,12,14,14,16,16,18,18,20,20,22,22,24,24,26,26,28,28,30,30,32,32,34,34,36,36,38,38,40,40,42,42,44,44,46,46,48,48,50,50,52,52,54,54,56,56,58,58,60,60,62,62,64,64,66,66,68,68,70,70,0],"width":218,"height":194}},"ty23":{"ty23":{"type":"mesh","uvs":[0.9902,0.99588,0.7451,0.99588,0.5,0.99588,0.2549,0.99588,0.0098,0.99588,0.0098,0.91324,0.0098,0.83059,0.0098,0.74794,0.0098,0.6653,0.0098,0.58265,0.0098,0.5,0.0098,0.41735,0.0098,0.33471,0.0098,0.25206,0.0098,0.16941,0.0098,0.08676,0.0098,0.00412,0.2549,0.00412,0.5,0.00412,0.7451,0.00412,0.9902,0.00412,0.9902,0.08676,0.9902,0.16941,0.9902,0.25206,0.9902,0.33471,0.9902,0.41735,0.9902,0.5,0.9902,0.58265,0.9902,0.66529,0.9902,0.74794,0.9902,0.83059,0.9902,0.91324,0.7451,0.91324,0.5,0.91324,0.2549,0.91324,0.7451,0.83059,0.5,0.83059,0.2549,0.83059,0.7451,0.74794,0.5,0.74794,0.2549,0.74794,0.7451,0.6653,0.5,0.6653,0.2549,0.6653,0.7451,0.58265,0.5,0.58265,0.2549,0.58265,0.7451,0.5,0.5,0.5,0.2549,0.5,0.7451,0.41735,0.5,0.41735,0.2549,0.41735,0.7451,0.33471,0.5,0.33471,0.2549,0.33471,0.7451,0.25206,0.5,0.25206,0.2549,0.25206,0.7451,0.16941,0.5,0.16941,0.2549,0.16941,0.7451,0.08676,0.5,0.08676,0.2549,0.08676],"triangles":[7,8,43,40,7,43,6,7,40,37,6,40,5,6,37,34,5,37,4,5,34,3,4,34,40,43,42,39,40,42,37,40,39,36,37,39,34,37,36,33,34,36,3,34,33,2,3,33,36,39,38,35,36,38,33,36,35,32,33,35,2,33,32,1,2,32,35,38,29,30,35,29,32,35,30,31,32,30,1,32,31,0,1,31,12,13,58,55,12,58,11,12,55,52,11,55,10,11,52,49,10,52,9,10,49,46,9,49,8,9,46,43,8,46,54,55,57,52,55,54,51,52,54,49,52,51,48,49,51,46,49,48,45,46,48,43,46,45,42,43,45,51,54,53,50,51,53,48,51,50,47,48,50,45,48,47,44,45,47,42,45,44,41,42,44,39,42,41,38,39,41,50,53,24,25,50,24,47,50,25,26,47,25,44,47,26,27,44,26,41,44,27,28,41,27,38,41,28,29,38,28,15,16,17,64,15,17,14,15,64,61,14,64,13,14,61,58,13,61,64,17,18,63,64,18,61,64,63,60,61,63,58,61,60,57,58,60,55,58,57,63,18,19,62,63,19,60,63,62,59,60,62,57,60,59,56,57,59,54,57,56,53,54,56,62,19,20,21,62,20,59,62,21,22,59,21,56,59,22,23,56,22,53,56,23,24,53,23],"vertices":[2,28,-41.68,-91.32,0.11878,27,33.62,-89.27,0.88122,2,28,-51.77,-68.45,0.08595,27,24.61,-65.95,0.91405,2,28,-61.87,-45.57,0.02474,27,15.6,-42.63,0.97526,2,28,-71.96,-22.7,1.6E-4,27,6.59,-19.31,0.99984,1,27,-2.42,4.01,1,1,27,16.31,11.25,1,1,27,35.05,18.49,1,2,28,-26.92,24.49,0.04332,27,53.78,25.72,0.95668,2,28,-8.55,32.6,0.4145,27,72.51,32.96,0.5855,3,29,-90.91,28.39,9.3E-4,28,9.83,40.7,0.83952,27,91.25,40.2,0.15955,3,29,-73.84,38.97,0.0222,28,28.2,48.81,0.96039,27,109.98,47.44,0.01741,2,29,-56.77,49.56,0.10643,28,46.57,56.92,0.89357,2,29,-39.7,60.14,0.28647,28,64.95,65.02,0.71353,2,29,-22.63,70.72,0.52769,28,83.32,73.13,0.47231,2,29,-5.56,81.3,0.74161,28,101.7,81.24,0.25839,2,29,11.5,91.89,0.87365,28,120.07,89.34,0.12635,2,29,28.57,102.47,0.91661,28,138.45,97.45,0.08339,2,29,41.75,81.22,0.94113,28,148.54,74.58,0.05887,2,29,54.92,59.97,0.98492,28,158.63,51.7,0.01508,1,29,68.09,38.73,1,1,29,81.27,17.48,1,1,29,64.2,6.9,1,1,29,47.13,-3.69,1,2,29,30.06,-14.27,0.9778,28,123.69,-18.36,0.0222,2,29,12.99,-24.85,0.64823,28,105.31,-26.47,0.35177,2,29,-4.08,-35.44,0.18898,28,86.94,-34.58,0.81102,3,29,-21.15,-46.02,0.02387,28,68.56,-42.68,0.96814,27,146.02,-45.84,0.008,3,29,-38.21,-56.6,1.3E-4,28,50.19,-50.79,0.93471,27,127.29,-53.08,0.06516,2,28,31.81,-58.89,0.78132,27,108.55,-60.32,0.21868,2,28,13.44,-67,0.54424,27,89.82,-67.56,0.45576,2,28,-4.93,-75.11,0.31496,27,71.09,-74.79,0.68504,2,28,-23.31,-83.21,0.16772,27,52.35,-82.03,0.83228,2,28,-33.4,-60.34,0.12642,27,43.34,-58.71,0.87358,2,28,-43.49,-37.47,0.04019,27,34.33,-35.39,0.95981,2,28,-53.58,-14.6,4.2E-4,27,25.32,-12.07,0.99958,2,28,-15.03,-52.23,0.25909,27,62.08,-51.47,0.74091,2,28,-25.12,-29.36,0.09943,27,53.07,-28.15,0.90057,2,28,-35.21,-6.49,5.4E-4,27,44.06,-4.83,0.99946,2,28,3.35,-44.13,0.50561,27,80.81,-44.24,0.49439,2,28,-6.74,-21.26,0.30138,27,71.8,-20.92,0.69862,1,27,62.79,2.4,1,2,28,21.72,-36.02,0.79381,27,99.54,-37,0.20619,2,28,11.63,-13.15,0.86128,27,90.53,-13.68,0.13872,2,28,1.54,9.72,0.62868,27,81.52,9.64,0.37132,2,28,40.1,-27.92,0.95582,27,118.28,-29.76,0.04418,2,28,30.01,-5.04,0.99712,27,109.27,-6.44,0.00288,3,29,-77.74,7.14,1.0E-4,28,19.92,17.83,0.96536,27,100.26,16.88,0.03454,3,29,-34.32,-24.77,0.00309,28,58.47,-19.81,0.99404,27,137.01,-22.52,0.00287,2,29,-47.49,-3.52,3.0E-5,28,48.38,3.06,0.99997,3,29,-60.67,17.72,0.01176,28,38.29,25.94,0.9865,27,118.99,24.12,0.00175,2,29,-17.25,-14.19,0.04358,28,76.85,-11.7,0.95642,2,29,-30.42,7.06,0.01361,28,66.76,11.17,0.98639,2,29,-43.6,28.31,0.08213,28,56.67,34.04,0.91787,2,29,-0.18,-3.6,0.50251,28,95.22,-3.6,0.49749,2,29,-13.36,17.64,0.25821,28,85.13,19.28,0.74179,2,29,-26.53,38.89,0.28162,28,75.04,42.15,0.71838,1,29,16.89,6.98,1,2,29,3.71,28.23,0.74952,28,103.51,27.38,0.25048,2,29,-9.46,49.47,0.56852,28,93.41,50.26,0.43148,2,29,33.96,17.56,0.999,28,131.97,12.62,0.001,2,29,20.78,38.81,0.91753,28,121.88,35.49,0.08247,2,29,7.61,60.06,0.78907,28,111.79,58.36,0.21093,2,29,51.02,28.14,0.99978,28,150.35,20.72,2.2E-4,2,29,37.85,49.39,0.97087,28,140.26,43.6,0.02913,2,29,24.68,70.64,0.9058,28,130.16,66.47,0.0942],"hull":32,"edges":[0,2,2,4,4,6,6,8,8,10,10,12,12,14,14,16,16,18,18,20,20,22,22,24,24,26,26,28,28,30,30,32,32,34,34,36,36,38,38,40,40,42,42,44,44,46,46,48,48,50,50,52,52,54,54,56,56,58,58,60,60,62,62,0],"width":102,"height":243}},"ty24":{"ty24":{"x":71.24,"y":175.42,"width":183,"height":467}},"ty25":{"ty25":{"type":"mesh","uvs":[0.98824,0.99543,0.74412,0.99543,0.5,0.99543,0.25588,0.99543,0.01176,0.99543,0.01176,0.91921,0.01176,0.84299,0.01176,0.76677,0.01176,0.69055,0.01176,0.61433,0.01176,0.53811,0.01176,0.46189,0.01176,0.38567,0.01176,0.30945,0.01176,0.23323,0.01176,0.15701,0.01176,0.08079,0.01176,0.00457,0.25588,0.00457,0.5,0.00457,0.74412,0.00457,0.98824,0.00457,0.98824,0.08079,0.98824,0.15701,0.98824,0.23323,0.98824,0.30945,0.98824,0.38567,0.98824,0.46189,0.98824,0.53811,0.98824,0.61433,0.98824,0.69055,0.98824,0.76677,0.98824,0.84299,0.98824,0.91921,0.74412,0.91921,0.5,0.91921,0.25588,0.91921,0.74412,0.84299,0.5,0.84299,0.25588,0.84299,0.74412,0.76677,0.5,0.76677,0.25588,0.76677,0.74412,0.69055,0.5,0.69055,0.25588,0.69055,0.74412,0.61433,0.5,0.61433,0.25588,0.61433,0.74412,0.53811,0.5,0.53811,0.25588,0.53811,0.74412,0.46189,0.5,0.46189,0.25588,0.46189,0.74412,0.38567,0.5,0.38567,0.25588,0.38567,0.74412,0.30945,0.5,0.30945,0.25588,0.30945,0.74412,0.23323,0.5,0.23323,0.25588,0.23323,0.74412,0.15701,0.5,0.15701,0.25588,0.15701,0.74412,0.08079,0.5,0.08079,0.25588,0.08079],"triangles":[16,17,18,69,16,18,15,16,69,66,15,69,14,15,66,63,14,66,13,14,63,60,13,63,12,13,60,57,12,60,11,12,57,54,11,57,10,11,54,69,18,19,68,69,19,66,69,68,65,66,68,63,66,65,62,63,65,60,63,62,59,60,62,57,60,59,56,57,59,54,57,56,53,54,56,68,19,20,67,68,20,65,68,67,64,65,67,62,65,64,61,62,64,59,62,61,58,59,61,56,59,58,55,56,58,53,56,55,67,20,21,22,67,21,64,67,22,23,64,22,61,64,23,24,61,23,58,61,24,25,58,24,55,58,25,26,55,25,51,10,54,9,10,51,48,9,51,8,9,48,45,8,48,7,8,45,42,7,45,51,54,53,50,51,53,48,51,50,47,48,50,45,48,47,44,45,47,42,45,44,41,42,44,52,53,55,50,53,52,49,50,52,47,50,49,46,47,49,44,47,46,43,44,46,41,44,43,52,55,26,27,52,26,49,52,27,28,49,27,46,49,28,29,46,28,43,46,29,30,43,29,6,7,42,39,6,42,5,6,39,36,5,39,4,5,36,3,4,36,39,42,41,38,39,41,36,39,38,35,36,38,3,36,35,2,3,35,40,41,43,38,41,40,37,38,40,35,38,37,34,35,37,2,35,34,1,2,34,40,43,30,31,40,30,37,40,31,32,37,31,34,37,32,33,34,32,1,34,33,0,1,33],"vertices":[1,15,8.41,-5.22,1,2,15,15.32,14.35,0.99964,16,-57.24,17.13,3.6E-4,2,15,22.24,33.91,0.9693,16,-49.38,36.34,0.0307,2,15,29.16,53.47,0.89747,16,-41.52,55.54,0.10253,2,15,36.08,73.03,0.86015,16,-33.67,74.75,0.13985,2,15,51.82,67.47,0.8092,16,-18.22,68.43,0.1908,2,15,67.55,61.9,0.6588,16,-2.77,62.11,0.3412,3,15,83.29,56.34,0.43265,16,12.68,55.79,0.5663,17,-41.34,60.44,0.00104,3,15,99.03,50.77,0.20605,16,28.13,49.47,0.77081,17,-26.64,52.54,0.02315,3,15,114.76,45.21,0.06107,16,43.58,43.15,0.81514,17,-11.93,44.64,0.12379,3,15,130.5,39.64,0.00761,16,59.03,36.83,0.59493,17,2.77,36.74,0.39746,2,16,74.48,30.51,0.20647,17,17.48,28.84,0.79353,2,16,89.93,24.19,0.01456,17,32.18,20.94,0.98544,1,17,46.89,13.04,1,1,17,61.59,5.14,1,2,16,136.28,5.23,0,17,76.29,-2.76,1,2,16,151.73,-1.09,0,17,91,-10.66,1,2,16,167.18,-7.41,0,17,105.7,-18.57,1,2,16,159.32,-26.62,0,17,95.88,-36.84,1,1,17,86.06,-55.12,1,1,17,76.24,-73.4,1,2,16,135.75,-84.23,3.0E-5,17,66.42,-91.68,0.99997,2,16,120.3,-77.91,0.00745,17,51.71,-83.78,0.99255,2,16,104.85,-71.59,0.03696,17,37.01,-75.88,0.96304,2,16,89.4,-65.27,0.10859,17,22.3,-67.98,0.89141,2,16,73.95,-58.95,0.25064,17,7.6,-60.08,0.74936,2,16,58.5,-52.63,0.48203,17,-7.1,-52.18,0.51797,2,16,43.05,-46.31,0.75019,17,-21.81,-44.27,0.24981,3,15,102.83,-38.61,0.00848,16,27.6,-39.99,0.92586,17,-36.51,-36.37,0.06567,3,15,87.09,-33.04,0.1105,16,12.15,-33.67,0.88476,17,-51.22,-28.47,0.00474,2,15,71.35,-27.48,0.48778,16,-3.29,-27.35,0.51222,2,15,55.62,-21.91,0.92201,16,-18.74,-21.03,0.07799,1,15,39.88,-16.35,1,1,15,24.14,-10.78,1,2,15,31.06,8.78,0.99949,16,-41.79,10.81,5.1E-4,2,15,37.98,28.34,0.95322,16,-33.93,30.02,0.04678,2,15,44.9,47.91,0.85479,16,-26.07,49.22,0.14521,2,15,46.8,3.22,0.99968,16,-26.34,4.49,3.2E-4,2,15,53.72,22.78,0.88765,16,-18.48,23.7,0.11235,2,15,60.63,42.34,0.71461,16,-10.62,42.9,0.28539,1,15,62.53,-2.35,1,2,15,69.45,17.21,0.6313,16,-3.03,17.38,0.3687,3,15,76.37,36.77,0.46176,16,4.83,36.58,0.53816,17,-51.16,42.16,8.0E-5,2,15,78.27,-7.92,0.20046,16,4.56,-8.15,0.79954,2,15,85.19,11.65,0.09399,16,12.42,11.06,0.90601,3,15,92.11,31.21,0.18588,16,20.28,30.26,0.80613,17,-36.46,34.26,0.008,3,15,94.01,-13.48,0.01914,16,20.01,-14.47,0.98023,17,-41.39,-10.19,6.3E-4,2,15,100.93,6.08,0.00181,16,27.87,4.74,0.99819,3,15,107.85,25.64,0.04004,16,35.72,23.94,0.90636,17,-21.75,26.36,0.0536,3,15,109.75,-19.05,3.3E-4,16,35.46,-20.79,0.95905,17,-26.69,-18.1,0.04061,1,16,43.32,-1.58,1,3,15,123.58,20.08,0.00259,16,51.17,17.62,0.76749,17,-7.05,18.46,0.22992,2,16,50.91,-27.11,0.74206,17,-11.99,-26,0.25794,2,16,58.77,-7.9,0.64447,17,-2.17,-7.72,0.35553,2,16,66.62,11.3,0.16766,17,7.66,10.56,0.83234,2,16,66.36,-33.43,0.40701,17,2.72,-33.9,0.59299,2,16,74.22,-14.22,0.12198,17,12.54,-15.62,0.87802,1,17,22.36,2.66,1,2,16,81.81,-39.75,0.18747,17,17.42,-41.8,0.81253,2,16,89.67,-20.54,0.04866,17,27.24,-23.52,0.95134,1,17,37.06,-5.24,1,2,16,97.26,-46.07,0.07681,17,32.13,-49.7,0.92319,2,16,105.12,-26.86,0.01938,17,41.95,-31.42,0.98062,2,16,112.97,-7.66,4.0E-5,17,51.77,-13.14,0.99996,2,16,112.71,-52.39,0.02491,17,46.83,-57.6,0.97509,2,16,120.57,-33.18,0.00549,17,56.65,-39.32,0.99451,1,17,66.47,-21.04,1,2,16,128.16,-58.71,0.00454,17,61.53,-65.5,0.99546,2,16,136.01,-39.5,5.2E-4,17,71.36,-47.22,0.99948,2,16,143.87,-20.3,0,17,81.18,-28.94,1],"hull":34,"edges":[0,2,2,4,4,6,6,8,8,10,10,12,12,14,14,16,16,18,18,20,20,22,22,24,24,26,26,28,28,30,30,32,32,34,34,36,36,38,38,40,40,42,42,44,44,46,46,48,48,50,50,52,52,54,54,56,56,58,58,60,60,62,62,64,64,66,66,0],"width":85,"height":219}}}}],"animations":{"animation":{"bones":{"3shuye6":{"rotate":[{"angle":-0.22,"curve":0.36,"c2":0.64,"c3":0.695},{"time":0.1667,"curve":0.25,"c3":0.75},{"time":1.8333,"angle":-5.06,"curve":0.245,"c3":0.711,"c4":0.83},{"time":3.3333,"angle":-0.22}]},"3shuye7":{"rotate":[{"angle":-0.66,"curve":0.375,"c2":0.62,"c3":0.716},{"time":0.3333,"curve":0.25,"c3":0.75},{"time":2,"angle":-5.06,"curve":0.243,"c3":0.68,"c4":0.71},{"time":3.3333,"angle":-0.66}]},"2huaguduo6":{"rotate":[{"curve":0.25,"c3":0.75},{"time":1.6667,"angle":2.94,"curve":0.25,"c3":0.75},{"time":3.3333}]},"2huaguduo7":{"rotate":[{"angle":0.17,"curve":0.364,"c2":0.64,"c3":0.7},{"time":0.2,"curve":0.25,"c3":0.75},{"time":1.8667,"angle":2.94,"curve":0.244,"c3":0.704,"c4":0.81},{"time":3.3333,"angle":0.17}]},"2huaguduo8":{"rotate":[{"angle":0.51,"curve":0.379,"c2":0.6,"c3":0.723},{"time":0.4,"curve":0.25,"c3":0.75},{"time":2.0667,"angle":2.94,"curve":0.242,"c3":0.669,"c4":0.68},{"time":3.3333,"angle":0.51}]},"2huaguduo9":{"rotate":[{"angle":-0.28,"curve":0.373,"c2":0.62,"c3":0.712},{"time":0.3,"curve":0.25,"c3":0.75},{"time":1.9667,"angle":-2.59,"curve":0.243,"c3":0.685,"c4":0.74},{"time":3.3333,"angle":-0.28}]},"2huaguduo10":{"rotate":[{"angle":-0.82,"curve":0.382,"c2":0.56,"c3":0.738},{"time":0.6,"curve":0.25,"c3":0.75},{"time":2.2667,"angle":-2.59,"curve":0.244,"c3":0.644,"c4":0.58},{"time":3.3333,"angle":-0.82}]},"2huaguduo11":{"rotate":[{"angle":-1.43,"curve":0.371,"c2":0.48,"c3":0.752},{"time":0.9,"curve":0.25,"c3":0.75},{"time":2.5667,"angle":-2.59,"curve":0.253,"c3":0.622,"c4":0.48},{"time":3.3333,"angle":-1.43}]},"2huaguduo12":{"rotate":[{"angle":-2.03,"curve":0.34,"c2":0.36,"c3":0.757},{"time":1.2,"curve":0.25,"c3":0.75},{"time":2.8667,"angle":-2.59,"curve":0.272,"c3":0.619,"c4":0.41},{"time":3.3333,"angle":-2.03}]},"3hua1":{"rotate":[{"curve":0.25,"c3":0.75},{"time":1.6667,"angle":-5.89,"curve":0.25,"c3":0.75},{"time":3.3333}]},"3hua2":{"rotate":[{"angle":-1.43,"curve":0.382,"c2":0.58,"c3":0.731},{"time":0.5,"curve":0.25,"c3":0.75},{"time":2.1667,"angle":-5.89,"curve":0.243,"c3":0.655,"c4":0.63},{"time":3.3333,"angle":-1.43}]},"3shuye8":{"rotate":[{"curve":0.25,"c3":0.75},{"time":1.6667,"angle":11.39,"curve":0.25,"c3":0.75},{"time":3.3333}]},"3shuye9":{"rotate":[{"curve":0.25,"c3":0.75},{"time":1.6667,"angle":11.39,"curve":0.25,"c3":0.75},{"time":3.3333}]},"3shuye10":{"rotate":[{"curve":0.25,"c3":0.75},{"time":1.6667,"angle":11.39,"curve":0.25,"c3":0.75},{"time":3.3333}]},"2huaguduo3":{"rotate":[{"angle":0.47,"curve":0.37,"c2":0.63,"c3":0.708},{"time":0.2667,"curve":0.25,"c3":0.75},{"time":1.9333,"angle":5.19,"curve":0.243,"c3":0.691,"c4":0.76},{"time":3.3333,"angle":0.47}]},"2huaguduo13":{"rotate":[{"angle":1.39,"curve":0.382,"c2":0.58,"c3":0.734},{"time":0.5333,"curve":0.25,"c3":0.75},{"time":2.2,"angle":5.19,"curve":0.243,"c3":0.651,"c4":0.61},{"time":3.3333,"angle":1.39}]},"2huaguduo14":{"rotate":[{"angle":2.46,"curve":0.377,"c2":0.51,"c3":0.749},{"time":0.8,"curve":0.25,"c3":0.75},{"time":2.4667,"angle":5.19,"curve":0.249,"c3":0.627,"c4":0.51},{"time":3.3333,"angle":2.46}]},"2huaguduo1":{"rotate":[{"angle":-1.05,"curve":0.382,"c2":0.56,"c3":0.738},{"time":0.6,"curve":0.25,"c3":0.75},{"time":2.2667,"angle":-3.31,"curve":0.244,"c3":0.644,"c4":0.58},{"time":3.3333,"angle":-1.05}]},"2huaguduo2":{"rotate":[{"angle":-2.34,"curve":0.353,"c2":0.4,"c3":0.757},{"time":1.1,"curve":0.25,"c3":0.75},{"time":2.7667,"angle":-3.31,"curve":0.264,"c3":0.618,"c4":0.43},{"time":3.3333,"angle":-2.34}]},"3shuye12":{"rotate":[{"angle":1.86,"curve":0.382,"c2":0.58,"c3":0.731},{"time":0.5,"curve":0.25,"c3":0.75},{"time":2.1667,"angle":7.68,"curve":0.243,"c3":0.655,"c4":0.63},{"time":3.3333,"angle":1.86}]},"3shuye13":{"rotate":[{"angle":4.45,"curve":0.368,"c2":0.47,"c3":0.753},{"time":0.9333,"curve":0.25,"c3":0.75},{"time":2.6,"angle":7.68,"curve":0.254,"c3":0.62,"c4":0.47},{"time":3.3333,"angle":4.45}]},"3shuye14":{"rotate":[{"angle":7.11,"curve":0.303,"c2":0.22,"c3":0.756},{"time":1.4333,"curve":0.25,"c3":0.75},{"time":3.1,"angle":7.68,"curve":0.296,"c3":0.633,"c4":0.37},{"time":3.3333,"angle":7.11}]},"hd1":{"translate":[{"curve":0.25,"c3":0.75},{"time":1.6667,"x":23.34,"y":-14.77,"curve":0.25,"c3":0.75},{"time":3.3333}]},"hd3":{"scale":[{},{"time":0.1677,"x":-1.147},{"time":0.3333},{"time":0.5011,"x":-1.147},{"time":0.6667},{"time":0.8344,"x":-1.147},{"time":1},{"time":1.1677,"x":-1.147},{"time":1.3333},{"time":1.5011,"x":-1.147},{"time":1.6667},{"time":1.8344,"x":-1.147},{"time":2},{"time":2.1677,"x":-1.147},{"time":2.3333},{"time":2.5011,"x":-1.147},{"time":2.6667},{"time":2.8344,"x":-1.147},{"time":3},{"time":3.1677,"x":-1.147},{"time":3.3333}]},"hd4":{"scale":[{"curve":0.25,"c3":0.75},{"time":0.1677,"x":-0.678,"curve":0.25,"c3":0.75},{"time":0.3333,"curve":0.25,"c3":0.75},{"time":0.5011,"x":-0.678,"curve":0.25,"c3":0.75},{"time":0.6667,"curve":0.25,"c3":0.75},{"time":0.8344,"x":-0.678,"curve":0.25,"c3":0.75},{"time":1,"curve":0.25,"c3":0.75},{"time":1.1677,"x":-0.678,"curve":0.25,"c3":0.75},{"time":1.3333,"curve":0.25,"c3":0.75},{"time":1.5011,"x":-0.678,"curve":0.25,"c3":0.75},{"time":1.6667,"curve":0.25,"c3":0.75},{"time":1.8344,"x":-0.678,"curve":0.25,"c3":0.75},{"time":2,"curve":0.25,"c3":0.75},{"time":2.1677,"x":-0.678,"curve":0.25,"c3":0.75},{"time":2.3333,"curve":0.25,"c3":0.75},{"time":2.5011,"x":-0.678,"curve":0.25,"c3":0.75},{"time":2.6667,"curve":0.25,"c3":0.75},{"time":2.8344,"x":-0.678,"curve":0.25,"c3":0.75},{"time":3,"curve":0.25,"c3":0.75},{"time":3.1677,"x":-0.678,"curve":0.25,"c3":0.75},{"time":3.3333}]},"2cb":{"rotate":[{"angle":-16.71,"curve":0.25,"c3":0.75},{"time":0.1667,"angle":42.42,"curve":0.25,"c3":0.75},{"time":0.3333,"angle":-16.71,"curve":0.25,"c3":0.75},{"time":0.5,"angle":42.42,"curve":0.25,"c3":0.75},{"time":0.6667,"angle":-16.71,"curve":0.25,"c3":0.75},{"time":0.8333,"angle":42.42,"curve":0.25,"c3":0.75},{"time":1,"angle":-16.71,"curve":0.25,"c3":0.75},{"time":1.1667,"angle":42.42,"curve":0.25,"c3":0.75},{"time":1.3333,"angle":-16.71,"curve":0.25,"c3":0.75},{"time":1.5,"angle":42.42,"curve":0.25,"c3":0.75},{"time":1.6667,"angle":-16.71,"curve":0.25,"c3":0.75},{"time":1.8333,"angle":42.42,"curve":0.25,"c3":0.75},{"time":2,"angle":-16.71,"curve":0.25,"c3":0.75},{"time":2.1667,"angle":42.42,"curve":0.25,"c3":0.75},{"time":2.3333,"angle":-16.71,"curve":0.25,"c3":0.75},{"time":2.5,"angle":42.42,"curve":0.25,"c3":0.75},{"time":2.6667,"angle":-16.71,"curve":0.25,"c3":0.75},{"time":2.8333,"angle":42.42,"curve":0.25,"c3":0.75},{"time":3,"angle":-16.71,"curve":0.25,"c3":0.75},{"time":3.1667,"angle":42.42,"curve":0.25,"c3":0.75},{"time":3.3333,"angle":-16.71}]},"2cb2":{"rotate":[{"curve":0.25,"c3":0.75},{"time":0.1667,"angle":-74.51,"curve":0.25,"c3":0.75},{"time":0.3333,"curve":0.25,"c3":0.75},{"time":0.5,"angle":-74.51,"curve":0.25,"c3":0.75},{"time":0.6667,"curve":0.25,"c3":0.75},{"time":0.8333,"angle":-74.51,"curve":0.25,"c3":0.75},{"time":1,"curve":0.25,"c3":0.75},{"time":1.1667,"angle":-74.51,"curve":0.25,"c3":0.75},{"time":1.3333,"curve":0.25,"c3":0.75},{"time":1.5,"angle":-74.51,"curve":0.25,"c3":0.75},{"time":1.6667,"curve":0.25,"c3":0.75},{"time":1.8333,"angle":-74.51,"curve":0.25,"c3":0.75},{"time":2,"curve":0.25,"c3":0.75},{"time":2.1667,"angle":-74.51,"curve":0.25,"c3":0.75},{"time":2.3333,"curve":0.25,"c3":0.75},{"time":2.5,"angle":-74.51,"curve":0.25,"c3":0.75},{"time":2.6667,"curve":0.25,"c3":0.75},{"time":2.8333,"angle":-74.51,"curve":0.25,"c3":0.75},{"time":3,"curve":0.25,"c3":0.75},{"time":3.1667,"angle":-74.51,"curve":0.25,"c3":0.75},{"time":3.3333}]},"mf1":{"translate":[{"curve":0.25,"c3":0.75},{"time":1.6667,"x":23.92,"y":-33.8,"curve":0.25,"c3":0.75},{"time":3.3333}]},"1cb":{"rotate":[{"curve":0.25,"c3":0.75},{"time":0.1667,"angle":27.63,"curve":0.25,"c3":0.75},{"time":0.3333,"curve":0.25,"c3":0.75},{"time":0.5,"angle":27.63,"curve":0.25,"c3":0.75},{"time":0.6667,"curve":0.25,"c3":0.75},{"time":0.8333,"angle":27.63,"curve":0.25,"c3":0.75},{"time":1,"curve":0.25,"c3":0.75},{"time":1.1667,"angle":27.63,"curve":0.25,"c3":0.75},{"time":1.3333,"curve":0.25,"c3":0.75},{"time":1.5,"angle":27.63,"curve":0.25,"c3":0.75},{"time":1.6667,"curve":0.25,"c3":0.75},{"time":1.8333,"angle":27.63,"curve":0.25,"c3":0.75},{"time":2,"curve":0.25,"c3":0.75},{"time":2.1667,"angle":27.63,"curve":0.25,"c3":0.75},{"time":2.3333,"curve":0.25,"c3":0.75},{"time":2.5,"angle":27.63,"curve":0.25,"c3":0.75},{"time":2.6667,"curve":0.25,"c3":0.75},{"time":2.8333,"angle":27.63,"curve":0.25,"c3":0.75},{"time":3,"curve":0.25,"c3":0.75},{"time":3.1667,"angle":27.63,"curve":0.25,"c3":0.75},{"time":3.3333}],"scale":[{"curve":0.25,"c3":0.75},{"time":0.1667,"x":-0.843,"curve":0.25,"c3":0.75},{"time":0.3333,"curve":0.25,"c3":0.75},{"time":0.5,"x":-0.843,"curve":0.25,"c3":0.75},{"time":0.6667,"curve":0.25,"c3":0.75},{"time":0.8333,"x":-0.843,"curve":0.25,"c3":0.75},{"time":1,"curve":0.25,"c3":0.75},{"time":1.1667,"x":-0.843,"curve":0.25,"c3":0.75},{"time":1.3333,"curve":0.25,"c3":0.75},{"time":1.5,"x":-0.843,"curve":0.25,"c3":0.75},{"time":1.6667,"curve":0.25,"c3":0.75},{"time":1.8333,"x":-0.843,"curve":0.25,"c3":0.75},{"time":2,"curve":0.25,"c3":0.75},{"time":2.1667,"x":-0.843,"curve":0.25,"c3":0.75},{"time":2.3333,"curve":0.25,"c3":0.75},{"time":2.5,"x":-0.843,"curve":0.25,"c3":0.75},{"time":2.6667,"curve":0.25,"c3":0.75},{"time":2.8333,"x":-0.843,"curve":0.25,"c3":0.75},{"time":3,"curve":0.25,"c3":0.75},{"time":3.1667,"x":-0.843,"curve":0.25,"c3":0.75},{"time":3.3333}]},"1cb2":{"rotate":[{"curve":0.25,"c3":0.75},{"time":0.1667,"angle":39.07,"curve":0.25,"c3":0.75},{"time":0.3333,"curve":0.25,"c3":0.75},{"time":0.5,"angle":39.07,"curve":0.25,"c3":0.75},{"time":0.6667,"curve":0.25,"c3":0.75},{"time":0.8333,"angle":39.07,"curve":0.25,"c3":0.75},{"time":1,"curve":0.25,"c3":0.75},{"time":1.1667,"angle":39.07,"curve":0.25,"c3":0.75},{"time":1.3333,"curve":0.25,"c3":0.75},{"time":1.5,"angle":39.07,"curve":0.25,"c3":0.75},{"time":1.6667,"curve":0.25,"c3":0.75},{"time":1.8333,"angle":39.07,"curve":0.25,"c3":0.75},{"time":2,"curve":0.25,"c3":0.75},{"time":2.1667,"angle":39.07,"curve":0.25,"c3":0.75},{"time":2.3333,"curve":0.25,"c3":0.75},{"time":2.5,"angle":39.07,"curve":0.25,"c3":0.75},{"time":2.6667,"curve":0.25,"c3":0.75},{"time":2.8333,"angle":39.07,"curve":0.25,"c3":0.75},{"time":3,"curve":0.25,"c3":0.75},{"time":3.1667,"angle":39.07,"curve":0.25,"c3":0.75},{"time":3.3333}],"scale":[{"curve":0.25,"c3":0.75},{"time":0.1667,"x":-0.533,"curve":0.25,"c3":0.75},{"time":0.3333,"curve":0.25,"c3":0.75},{"time":0.5,"x":-0.533,"curve":0.25,"c3":0.75},{"time":0.6667,"curve":0.25,"c3":0.75},{"time":0.8333,"x":-0.533,"curve":0.25,"c3":0.75},{"time":1,"curve":0.25,"c3":0.75},{"time":1.1667,"x":-0.533,"curve":0.25,"c3":0.75},{"time":1.3333,"curve":0.25,"c3":0.75},{"time":1.5,"x":-0.533,"curve":0.25,"c3":0.75},{"time":1.6667,"curve":0.25,"c3":0.75},{"time":1.8333,"x":-0.533,"curve":0.25,"c3":0.75},{"time":2,"curve":0.25,"c3":0.75},{"time":2.1667,"x":-0.533,"curve":0.25,"c3":0.75},{"time":2.3333,"curve":0.25,"c3":0.75},{"time":2.5,"x":-0.533,"curve":0.25,"c3":0.75},{"time":2.6667,"curve":0.25,"c3":0.75},{"time":2.8333,"x":-0.533,"curve":0.25,"c3":0.75},{"time":3,"curve":0.25,"c3":0.75},{"time":3.1667,"x":-0.533,"curve":0.25,"c3":0.75},{"time":3.3333}]},"3mifeng1":{"translate":[{"curve":0.25,"c3":0.75},{"time":1.6667,"x":-13.03,"y":-24.55,"curve":0.25,"c3":0.75},{"time":3.3333}]},"2huaguduo15":{"rotate":[{"curve":0.25,"c3":0.75},{"time":1.6667,"angle":3.07,"curve":0.25,"c3":0.75},{"time":3.3333}]}},"drawOrder":[{"time":0.0805,"offsets":[{"slot":"hd2","offset":1}]}]}}}