{"ditu": {"x": 340, "y": 458.0, "width": 682, "height": 918 },"1zhuozi": {"x": 340, "y": 125.0, "width": 682, "height": 252 },"1qiang1": {"x": 158, "y": 706.0, "width": 318, "height": 422 },"1qiang2": {"x": 381.5, "y": 707.5, "width": 599, "height": 419 },"1qiang3": {"x": 169.5, "y": 345.0, "width": 341, "height": 314 },"1qiang4": {"x": 422.5, "y": 357.5, "width": 517, "height": 299 },"ty1": {"x": 340, "y": 331.0, "width": 682, "height": 286 },"2shuitong": {"x": 345, "y": 277.0, "width": 280, "height": 314 },"2huaguduo3": {"x": 460.5, "y": 531.5, "width": 175, "height": 305 },"2shuye1": {"x": 434.5, "y": 634.0, "width": 245, "height": 510 },"2shuye3": {"x": 515.5, "y": 513.0, "width": 255, "height": 256 },"2huaguduo4": {"x": 264.5, "y": 606.0, "width": 101, "height": 454 },"2shuye2": {"x": 200.5, "y": 554.5, "width": 177, "height": 351 },"ty2": {"x": 330.5, "y": 96.0, "width": 399, "height": 138 },"ty21": {"x": 320.5, "y": 544.5, "width": 149, "height": 377 },"ty22": {"x": 500, "y": 464.0, "width": 218, "height": 194 },"ty23": {"x": 425, "y": 501.5, "width": 102, "height": 243 },"ty24": {"x": 434.5, "y": 606.5, "width": 183, "height": 467 },"ty25": {"x": 241.5, "y": 499.5, "width": 85, "height": 219 },"3shuye": {"x": 150, "y": 72.5, "width": 262, "height": 121 },"3shuye4": {"x": 384.5, "y": 475.0, "width": 117, "height": 198 },"3shuye5": {"x": 259.5, "y": 446.5, "width": 107, "height": 135 },"3hua1": {"x": 327, "y": 518.0, "width": 108, "height": 282 },"3shuye8": {"x": 481, "y": 437.0, "width": 182, "height": 114 },"3shuye6": {"x": 225, "y": 113.0, "width": 288, "height": 182 },"3shuye7": {"x": 380, "y": 79.5, "width": 258, "height": 125 },"ty3": {"x": 254.5, "y": 97.5, "width": 481, "height": 187 },"4niao": {"x": 564.5, "y": 213.0, "width": 195, "height": 302 },"4piaochong": {"x": 294, "y": 234.5, "width": 106, "height": 111 },"4mifeng1": {"x": 578, "y": 701.0, "width": 96, "height": 90 },"4mifeng": {"x": 358, "y": 843.5, "width": 102, "height": 99 },"4hudie": {"x": 94, "y": 510.5, "width": 126, "height": 119 },"ty4": {"x": 439.5, "y": 158.5, "width": 401, "height": 213 },"xg1": {"x": 340, "y": 554.0, "width": 682, "height": 726 },"xg2": {"x": 369.5, "y": 488.0, "width": 515, "height": 738 },"xg3": {"x": 295.5, "y": 328.5, "width": 553, "height": 621 },"xg4": {"x": 333, "y": 497.0, "width": 606, "height": 768 }}